Season,Week,TRUFFLE,Pos,NFL,Player,Opp,OpRk,PaCmp,PaAtt,PaYd,PaTD,PaInt,RuAtt,RuYd,RuTD,RuFD,Tar,Rec,ReYd,ReTD,ReFD,FL,Avg,FPts
2025,7,FRR,RB,SF,Christian McCaffrey,ATL,18.0,0.0,0.0,0.0,0.0,0.0,24.0,129.0,2.0,9.0,8.0,7.0,72.0,0.0,5.0,0.0,46.1,46.1
2025,7,CRB,QB,DEN,Bo Nix,NYG,30.0,27.0,50.0,279.0,2.0,0.0,5.0,48.0,2.0,4.0,0.0,0.0,0.0,0.0,0.0,0.0,43.96,43.96
2025,7,AFL,RB,DET,Jahmyr Gibbs,TB,22.0,0.0,0.0,0.0,0.0,0.0,17.0,136.0,2.0,5.0,3.0,3.0,82.0,0.0,3.0,0.0,41.8,41.8
2025,7,CRB,RB,IND,Jonathan Taylor,@LAC,23.0,0.0,0.0,0.0,0.0,0.0,16.0,94.0,3.0,8.0,3.0,3.0,38.0,0.0,2.0,0.0,41.2,41.2
2025,7,MAM,QB,LAC,Justin Herbert,IND,19.0,37.0,55.0,420.0,3.0,2.0,6.0,31.0,0.0,4.0,0.0,0.0,0.0,0.0,0.0,0.0,31.9,31.9
2025,7,NN,RB,CLE,Quinshon Judkins,MIA,29.0,0.0,0.0,0.0,0.0,0.0,25.0,84.0,3.0,5.0,0.0,0.0,0.0,0.0,0.0,0.0,31.4,31.4
2025,7,FRR,WR,CIN,Ja'Marr Chase,PIT,24.0,0.0,0.0,0.0,0.0,0.0,0.0,0.0,0.0,0.0,23.0,16.0,161.0,1.0,9.0,0.0,31.1,31.1
2025,7,ELP,QB,NYG,Jaxson Dart,@DEN,4.0,15.0,33.0,283.0,3.0,1.0,5.0,11.0,1.0,2.0,0.0,0.0,0.0,0.0,0.0,0.0,30.42,30.42
2025,7,CRB,WR,PHI,DeVonta Smith,@MIN,6.0,0.0,0.0,0.0,0.0,0.0,0.0,0.0,0.0,0.0,11.0,9.0,183.0,1.0,5.0,0.0,29.3,29.3
2025,7,ELP,QB,KC,Patrick Mahomes,LV,16.0,26.0,35.0,286.0,3.0,0.0,4.0,28.0,0.0,2.0,0.0,0.0,0.0,0.0,0.0,0.0,28.24,28.24
2025,7,AFL,WR,PHI,AJ Brown,@MIN,6.0,0.0,0.0,0.0,0.0,0.0,0.0,0.0,0.0,0.0,6.0,4.0,121.0,2.0,4.0,0.0,28.1,28.1
2025,7,FRR,QB,CIN,Joe Flacco,PIT,29.0,31.0,47.0,342.0,3.0,0.0,5.0,3.0,0.0,2.0,0.0,0.0,0.0,0.0,0.0,0.0,27.98,27.98
2025,7,FA,TE,LAC,Oronde Gadsden,IND,28.0,0.0,0.0,0.0,0.0,0.0,0.0,0.0,0.0,0.0,9.0,7.0,164.0,1.0,5.0,0.0,27.4,27.4
2025,7,FRR,QB,LAR,Matthew Stafford,@JAC,26.0,21.0,33.0,182.0,5.0,0.0,2.0,1.0,0.0,0.0,0.0,0.0,0.0,0.0,0.0,0.0,27.38,27.38
2025,7,FRR,RB,CHI,D'Andre Swift,NO,25.0,0.0,0.0,0.0,0.0,0.0,19.0,124.0,1.0,6.0,1.0,1.0,14.0,0.0,1.0,0.0,26.8,26.8
2025,7,GF,WR,LAR,Davante Adams,@JAC,26.0,0.0,0.0,0.0,0.0,0.0,0.0,0.0,0.0,0.0,8.0,5.0,35.0,3.0,5.0,0.0,26.5,26.5
2025,7,FA,TE,PIT,Pat Freiermuth,@CIN,32.0,0.0,0.0,0.0,0.0,0.0,0.0,0.0,0.0,0.0,6.0,5.0,111.0,2.0,3.0,0.0,26.1,26.1
2025,7,CC,QB,NE,Drake Maye,@TEN,13.0,21.0,23.0,222.0,2.0,0.0,8.0,62.0,0.0,3.0,0.0,0.0,0.0,0.0,0.0,0.0,26.08,26.08
2025,7,MWM,QB,PHI,Jalen Hurts,@MIN,6.0,19.0,23.0,326.0,3.0,0.0,4.0,-10.0,0.0,1.0,0.0,0.0,0.0,0.0,0.0,0.0,26.04,26.04
2025,7,AFL,WR,LAC,Keenan Allen,IND,29.0,0.0,0.0,0.0,0.0,0.0,0.0,0.0,0.0,0.0,14.0,11.0,119.0,1.0,7.0,0.0,24.9,24.9
2025,7,FRR,WR,NO,Chris Olave,@CHI,25.0,0.0,0.0,0.0,0.0,0.0,0.0,0.0,0.0,0.0,7.0,5.0,98.0,2.0,3.0,0.0,24.8,24.8
2025,7,GF,WR,SEA,Jaxon Smith-Njigba,HOU,8.0,0.0,0.0,0.0,0.0,0.0,0.0,0.0,0.0,0.0,14.0,8.0,123.0,1.0,6.0,0.0,24.3,24.3
2025,7,NN,QB,DAL,Dak Prescott,WAS,27.0,21.0,30.0,264.0,3.0,0.0,5.0,7.0,0.0,1.0,0.0,0.0,0.0,0.0,0.0,0.0,24.26,24.26
2025,7,GF,RB,PIT,Jaylen Warren,@CIN,32.0,0.0,0.0,0.0,0.0,0.0,16.0,127.0,0.0,6.0,5.0,4.0,31.0,0.0,2.0,0.0,23.8,23.8
2025,7,CC,TE,ARI,Trey McBride,GB,30.0,0.0,0.0,0.0,0.0,0.0,0.0,0.0,0.0,0.0,13.0,10.0,74.0,2.0,4.0,0.0,23.4,23.4
2025,7,CC,QB,PIT,Aaron Rodgers,@CIN,24.0,23.0,34.0,249.0,4.0,2.0,1.0,6.0,0.0,0.0,0.0,0.0,0.0,0.0,0.0,0.0,22.56,22.56
2025,7,NN,RB,CHI,Kyle Monangai,NO,25.0,0.0,0.0,0.0,0.0,0.0,13.0,81.0,1.0,6.0,3.0,2.0,13.0,0.0,1.0,0.0,22.4,22.4
2025,7,MCM,QB,IND,Daniel Jones,@LAC,14.0,23.0,34.0,288.0,2.0,0.0,5.0,7.0,0.0,0.0,0.0,0.0,0.0,0.0,0.0,0.0,22.22,22.22
2025,7,ELP,RB,DAL,Javonte Williams,WAS,19.0,0.0,0.0,0.0,0.0,0.0,19.0,116.0,1.0,4.0,4.0,1.0,2.0,0.0,0.0,0.0,21.8,21.8
2025,7,GF,RB,GB,Josh Jacobs,@ARI,21.0,0.0,0.0,0.0,0.0,0.0,13.0,55.0,2.0,4.0,1.0,1.0,3.0,0.0,0.0,0.0,21.8,21.8
2025,7,AFL,QB,ARI,Jacoby Brissett,GB,15.0,25.0,36.0,279.0,2.0,0.0,6.0,26.0,0.0,2.0,0.0,0.0,0.0,0.0,0.0,1.0,21.76,21.76
2025,7,AFL,QB,WAS,Jayden Daniels,@DAL,32.0,12.0,22.0,156.0,1.0,0.0,8.0,35.0,1.0,4.0,0.0,0.0,0.0,0.0,0.0,1.0,21.74,21.74
2025,7,NN,RB,SEA,Zach Charbonnet,HOU,12.0,0.0,0.0,0.0,0.0,0.0,12.0,49.0,2.0,4.0,2.0,2.0,6.0,0.0,0.0,0.0,21.5,21.5
2025,7,WLW,WR,JAC,Travis Hunter,LAR,18.0,0.0,0.0,0.0,0.0,0.0,1.0,0.0,0.0,0.0,14.0,8.0,101.0,1.0,5.0,0.0,21.1,21.1
2025,7,MWM,RB,NYG,Cam Skattebo,@DEN,11.0,0.0,0.0,0.0,0.0,0.0,16.0,60.0,0.0,3.0,6.0,3.0,34.0,1.0,2.0,0.0,20.4,20.4
2025,7,MAM,WR,KC,Rashee Rice,LV,28.0,0.0,0.0,0.0,0.0,0.0,0.0,0.0,0.0,0.0,10.0,7.0,42.0,2.0,4.0,0.0,20.2,20.2
2025,7,WLW,WR,DAL,CeeDee Lamb,WAS,23.0,0.0,0.0,0.0,0.0,0.0,0.0,0.0,0.0,0.0,8.0,5.0,110.0,1.0,3.0,0.0,20.0,20.0
2025,7,AFL,RB,NE,Rhamondre Stevenson,@TEN,28.0,0.0,0.0,0.0,0.0,0.0,18.0,88.0,1.0,5.0,2.0,2.0,0.0,0.0,0.0,0.0,19.8,19.8
2025,7,VD,RB,ATL,Bijan Robinson,@SF,16.0,0.0,0.0,0.0,0.0,0.0,14.0,40.0,0.0,1.0,8.0,6.0,52.0,1.0,3.0,0.0,19.2,19.2
2025,7,FA,WR,CAR,Xavier Legette,@NYJ,17.0,0.0,0.0,0.0,0.0,0.0,0.0,0.0,0.0,0.0,11.0,9.0,92.0,1.0,4.0,0.0,19.2,19.2
2025,7,VD,WR,IND,Michael Pittman,@LAC,5.0,0.0,0.0,0.0,0.0,0.0,0.0,0.0,0.0,0.0,9.0,7.0,58.0,1.0,5.0,0.0,18.8,18.8
2025,7,MCM,WR,MIN,Jordan Addison,PHI,20.0,0.0,0.0,0.0,0.0,0.0,0.0,0.0,0.0,0.0,12.0,9.0,128.0,0.0,6.0,0.0,18.8,18.8
2025,7,GF,QB,JAC,Trevor Lawrence,LAR,9.0,23.0,48.0,296.0,1.0,0.0,2.0,18.0,0.0,1.0,0.0,0.0,0.0,0.0,0.0,0.0,18.64,18.64
2025,7,AFL,WR,CIN,Tee Higgins,PIT,24.0,0.0,0.0,0.0,0.0,0.0,0.0,0.0,0.0,0.0,10.0,6.0,96.0,1.0,3.0,0.0,18.6,18.6
2025,7,NN,TE,DAL,Jake Ferguson,WAS,21.0,0.0,0.0,0.0,0.0,0.0,0.0,0.0,0.0,0.0,7.0,7.0,29.0,2.0,3.0,0.0,17.9,17.9
2025,7,FA,TE,NYG,Daniel Bellinger,@DEN,14.0,0.0,0.0,0.0,0.0,0.0,0.0,0.0,0.0,0.0,4.0,3.0,88.0,1.0,3.0,0.0,17.8,17.8
2025,7,CC,WR,DET,Amon-Ra St Brown,TB,12.0,0.0,0.0,0.0,0.0,0.0,0.0,0.0,0.0,0.0,10.0,6.0,86.0,1.0,3.0,0.0,17.6,17.6
2025,7,ELP,RB,KC,Isiah Pacheco,LV,20.0,0.0,0.0,0.0,0.0,0.0,15.0,57.0,1.0,5.0,2.0,1.0,-3.0,0.0,0.0,0.0,16.7,16.7
2025,7,ELP,RB,MIN,Jordan Mason,PHI,26.0,0.0,0.0,0.0,0.0,0.0,15.0,57.0,1.0,5.0,0.0,0.0,0.0,0.0,0.0,0.0,16.7,16.7
2025,7,FA,WR,TEN,Chimere Dike,NE,21.0,0.0,0.0,0.0,0.0,0.0,1.0,-1.0,0.0,0.0,4.0,4.0,70.0,1.0,3.0,0.0,16.0,16.0
2025,7,ELP,TE,IND,Tyler Warren,@LAC,9.0,0.0,0.0,0.0,0.0,0.0,0.0,0.0,0.0,0.0,5.0,4.0,69.0,1.0,3.0,0.0,15.9,15.9
2025,7,MAM,TE,GB,Tucker Kraft,@ARI,27.0,0.0,0.0,0.0,0.0,0.0,0.0,0.0,0.0,0.0,10.0,5.0,58.0,1.0,4.0,0.0,15.8,15.8
2025,7,FA,TE,HOU,Dalton Schultz,@SEA,26.0,0.0,0.0,0.0,0.0,0.0,0.0,0.0,0.0,0.0,10.0,9.0,98.0,0.0,6.0,0.0,15.8,15.8
2025,7,WLW,RB,CIN,Chase Brown,PIT,13.0,0.0,0.0,0.0,0.0,0.0,11.0,108.0,0.0,4.0,4.0,2.0,-8.0,0.0,0.0,0.0,14.8,14.8
2025,7,GF,WR,TB,Tez Johnson,@DET,27.0,0.0,0.0,0.0,0.0,0.0,0.0,0.0,0.0,0.0,9.0,4.0,58.0,1.0,3.0,0.0,14.8,14.8
2025,7,CRB,WR,DEN,Courtland Sutton,NYG,30.0,0.0,0.0,0.0,0.0,0.0,0.0,0.0,0.0,0.0,10.0,6.0,87.0,0.0,4.0,0.0,14.7,14.7
2025,7,NN,TE,NYG,Theo Johnson,@DEN,14.0,0.0,0.0,0.0,0.0,0.0,0.0,0.0,0.0,0.0,7.0,3.0,66.0,1.0,2.0,0.0,14.6,14.6
2025,7,WLW,RB,CAR,Rico Dowdle,@NYJ,15.0,0.0,0.0,0.0,0.0,0.0,17.0,79.0,0.0,4.0,2.0,1.0,17.0,0.0,1.0,0.0,14.6,14.6
2025,7,GF,WR,NYG,Wan'Dale Robinson,@DEN,1.0,0.0,0.0,0.0,0.0,0.0,0.0,0.0,0.0,0.0,12.0,6.0,95.0,0.0,5.0,0.0,14.5,14.5
2025,7,GF,QB,GB,Jordan Love,@ARI,7.0,19.0,29.0,179.0,1.0,0.0,4.0,22.0,0.0,1.0,0.0,0.0,0.0,0.0,0.0,0.0,14.36,14.36
2025,7,FA,WR,DEN,Marvin Mims,NYG,30.0,0.0,0.0,0.0,0.0,0.0,1.0,13.0,0.0,1.0,7.0,6.0,85.0,0.0,3.0,0.0,13.8,13.8
2025,7,WLW,WR,IND,Alec Pierce,@LAC,5.0,0.0,0.0,0.0,0.0,0.0,0.0,0.0,0.0,0.0,10.0,5.0,98.0,0.0,4.0,0.0,13.8,13.8
2025,7,WLW,QB,HOU,CJ Stroud,@SEA,12.0,23.0,49.0,229.0,1.0,1.0,2.0,25.0,0.0,0.0,0.0,0.0,0.0,0.0,0.0,0.0,13.66,13.66
2025,7,CC,WR,NE,Kayshon Boutte,@TEN,22.0,0.0,0.0,0.0,0.0,0.0,0.0,0.0,0.0,0.0,2.0,2.0,55.0,1.0,2.0,0.0,13.5,13.5
2025,7,FA,TE,CIN,Noah Fant,PIT,31.0,0.0,0.0,0.0,0.0,0.0,0.0,0.0,0.0,0.0,4.0,4.0,44.0,1.0,3.0,0.0,13.4,13.4
2025,7,NN,QB,MIN,Carson Wentz,PHI,18.0,26.0,42.0,313.0,0.0,2.0,4.0,28.0,0.0,2.0,0.0,0.0,0.0,0.0,0.0,0.0,13.32,13.32
2025,7,CRB,RB,MIA,De'Von Achane,@CLE,1.0,0.0,0.0,0.0,0.0,0.0,13.0,82.0,0.0,2.0,5.0,3.0,16.0,0.0,1.0,0.0,12.8,12.8
2025,7,ELP,RB,NYG,Tyrone Tracy,@DEN,11.0,0.0,0.0,0.0,0.0,0.0,9.0,46.0,1.0,2.0,0.0,0.0,0.0,0.0,0.0,0.0,12.6,12.6
2025,7,GF,QB,ATL,Michael Penix,@SF,10.0,21.0,38.0,241.0,1.0,0.0,2.0,6.0,0.0,0.0,0.0,0.0,0.0,0.0,0.0,1.0,12.24,12.24
2025,7,NN,WR,DEN,Troy Franklin,NYG,30.0,0.0,0.0,0.0,0.0,0.0,0.0,0.0,0.0,0.0,10.0,3.0,19.0,1.0,2.0,0.0,11.9,11.9
2025,7,FA,TE,PIT,Jonnu Smith,@CIN,32.0,0.0,0.0,0.0,0.0,0.0,0.0,0.0,0.0,0.0,6.0,3.0,28.0,1.0,3.0,0.0,11.8,11.8
2025,7,CC,TE,WAS,Zach Ertz,@DAL,13.0,0.0,0.0,0.0,0.0,0.0,0.0,0.0,0.0,0.0,7.0,3.0,37.0,1.0,2.0,0.0,11.7,11.7
2025,7,ELP,QB,NO,Spencer Rattler,@CHI,23.0,20.0,32.0,233.0,2.0,3.0,2.0,12.0,0.0,1.0,0.0,0.0,0.0,0.0,0.0,1.0,11.52,11.52
2025,7,FRR,RB,HOU,Woody Marks,@SEA,10.0,0.0,0.0,0.0,0.0,0.0,10.0,15.0,0.0,1.0,5.0,3.0,20.0,1.0,1.0,0.0,11.5,11.5
2025,7,WLW,QB,DET,Jared Goff,TB,22.0,20.0,29.0,241.0,1.0,1.0,2.0,7.0,0.0,1.0,0.0,0.0,0.0,0.0,0.0,1.0,11.34,11.34
2025,7,CRB,WR,DAL,George Pickens,WAS,23.0,0.0,0.0,0.0,0.0,0.0,0.0,0.0,0.0,0.0,6.0,4.0,82.0,0.0,3.0,0.0,11.2,11.2
2025,7,VD,QB,TB,Baker Mayfield,@DET,21.0,28.0,50.0,228.0,1.0,1.0,0.0,0.0,0.0,0.0,0.0,0.0,0.0,0.0,0.0,0.0,11.12,11.12
2025,7,MCM,RB,KC,Brashard Smith,LV,20.0,0.0,0.0,0.0,0.0,0.0,14.0,39.0,0.0,1.0,5.0,5.0,42.0,0.0,2.0,0.0,11.1,11.1
2025,7,WLW,RB,DEN,JK Dobbins,NYG,17.0,0.0,0.0,0.0,0.0,0.0,14.0,81.0,0.0,3.0,1.0,1.0,-1.0,0.0,0.0,0.0,11.1,11.1
2025,7,VD,TE,NO,Juwan Johnson,@CHI,12.0,0.0,0.0,0.0,0.0,0.0,0.0,0.0,0.0,0.0,7.0,5.0,79.0,0.0,3.0,0.0,10.9,10.9
2025,7,NN,WR,MIN,Justin Jefferson,PHI,20.0,0.0,0.0,0.0,0.0,0.0,0.0,0.0,0.0,0.0,10.0,5.0,79.0,0.0,3.0,0.0,10.9,10.9
2025,7,VD,WR,HOU,Jaylin Noel,@SEA,13.0,0.0,0.0,0.0,0.0,0.0,0.0,0.0,0.0,0.0,7.0,4.0,77.0,0.0,3.0,0.0,10.7,10.7
2025,7,VD,QB,CAR,Bryce Young,@NYJ,20.0,15.0,25.0,138.0,1.0,0.0,2.0,10.0,0.0,0.0,0.0,0.0,0.0,0.0,0.0,0.0,10.52,10.52
2025,7,ELP,TE,TB,Cade Otton,@DET,18.0,0.0,0.0,0.0,0.0,0.0,0.0,0.0,0.0,0.0,9.0,7.0,65.0,0.0,4.0,0.0,10.5,10.5
2025,7,MCM,RB,LAR,Kyren Williams,@JAC,8.0,0.0,0.0,0.0,0.0,0.0,12.0,54.0,0.0,3.0,3.0,2.0,11.0,0.0,1.0,0.0,10.5,10.5
2025,7,MWM,QB,TEN,Cam Ward,NE,8.0,25.0,34.0,255.0,1.0,1.0,0.0,0.0,0.0,0.0,0.0,0.0,0.0,0.0,0.0,1.0,10.2,10.2
2025,7,VD,TE,ATL,Kyle Pitts,@SF,15.0,0.0,0.0,0.0,0.0,0.0,0.0,0.0,0.0,0.0,10.0,7.0,62.0,0.0,4.0,0.0,10.2,10.2
2025,7,GF,WR,GB,Romeo Doubs,@ARI,10.0,0.0,0.0,0.0,0.0,0.0,0.0,0.0,0.0,0.0,8.0,6.0,72.0,0.0,3.0,0.0,10.2,10.2
2025,7,MWM,TE,LAR,Terrance Ferguson,@JAC,19.0,0.0,0.0,0.0,0.0,0.0,0.0,0.0,0.0,0.0,3.0,1.0,31.0,1.0,1.0,0.0,10.1,10.1
2025,7,AFL,WR,LAC,Quentin Johnston,IND,29.0,0.0,0.0,0.0,0.0,0.0,0.0,0.0,0.0,0.0,6.0,2.0,30.0,1.0,1.0,0.0,10.0,10.0
2025,7,MWM,WR,NE,Stefon Diggs,@TEN,22.0,0.0,0.0,0.0,0.0,0.0,0.0,0.0,0.0,0.0,7.0,7.0,69.0,0.0,3.0,0.0,9.9,9.9
2025,7,MWM,WR,ATL,Darnell Mooney,@SF,9.0,0.0,0.0,0.0,0.0,0.0,0.0,0.0,0.0,0.0,5.0,3.0,68.0,0.0,3.0,0.0,9.8,9.8
2025,7,VD,WR,LAC,Ladd McConkey,IND,29.0,0.0,0.0,0.0,0.0,0.0,0.0,0.0,0.0,0.0,15.0,9.0,67.0,0.0,3.0,0.0,9.7,9.7
2025,7,AFL,RB,JAC,Travis Etienne,LAR,4.0,0.0,0.0,0.0,0.0,0.0,8.0,44.0,0.0,3.0,3.0,1.0,11.0,0.0,1.0,0.0,9.5,9.5
2025,7,WLW,RB,CAR,Chuba Hubbard,@NYJ,15.0,0.0,0.0,0.0,0.0,0.0,14.0,31.0,0.0,3.0,3.0,2.0,24.0,0.0,1.0,0.0,9.5,9.5
2025,7,ELP,RB,ARI,Zonovan Knight,GB,3.0,0.0,0.0,0.0,0.0,0.0,14.0,57.0,0.0,2.0,4.0,3.0,7.0,0.0,1.0,0.0,9.4,9.4
2025,7,WLW,WR,KC,Marquise Brown,LV,28.0,0.0,0.0,0.0,0.0,0.0,0.0,0.0,0.0,0.0,4.0,2.0,14.0,1.0,2.0,0.0,9.4,9.4
2025,7,FA,WR,JAC,Parker Washington,LAR,18.0,0.0,0.0,0.0,0.0,0.0,3.0,10.0,0.0,1.0,10.0,4.0,52.0,0.0,2.0,0.0,9.2,9.2
2025,7,WLW,RB,TEN,Tony Pollard,NE,5.0,0.0,0.0,0.0,0.0,0.0,6.0,18.0,0.0,0.0,6.0,6.0,43.0,0.0,3.0,0.0,9.1,9.1
2025,7,FA,WR,ARI,Zay Jones,GB,19.0,0.0,0.0,0.0,0.0,0.0,0.0,0.0,0.0,0.0,2.0,2.0,67.0,0.0,2.0,0.0,8.7,8.7
2025,7,FRR,QB,SEA,Sam Darnold,HOU,1.0,17.0,31.0,213.0,1.0,1.0,3.0,1.0,0.0,0.0,0.0,0.0,0.0,0.0,0.0,1.0,8.62,8.62
2025,7,FA,RB,WAS,Chris Rodriguez,@DAL,30.0,0.0,0.0,0.0,0.0,0.0,3.0,12.0,1.0,1.0,0.0,0.0,0.0,0.0,0.0,0.0,8.2,8.2
2025,7,FA,TE,PIT,Darnell Washington,@CIN,32.0,0.0,0.0,0.0,0.0,0.0,0.0,0.0,0.0,0.0,5.0,3.0,2.0,1.0,2.0,0.0,8.2,8.2
2025,7,FA,TE,NE,Austin Hooper,@TEN,8.0,0.0,0.0,0.0,0.0,0.0,0.0,0.0,0.0,0.0,2.0,2.0,11.0,1.0,1.0,0.0,8.1,8.1
2025,7,CRB,WR,WAS,Jaylin Lane,@DAL,32.0,0.0,0.0,0.0,0.0,0.0,0.0,0.0,0.0,0.0,6.0,3.0,60.0,0.0,2.0,0.0,8.0,8.0
2025,7,FA,WR,NYJ,Tyler Johnson,CAR,3.0,0.0,0.0,0.0,0.0,0.0,0.0,0.0,0.0,0.0,3.0,3.0,60.0,0.0,2.0,0.0,8.0,8.0
2025,7,FA,WR,WAS,Chris Moore,@DAL,32.0,0.0,0.0,0.0,0.0,0.0,0.0,0.0,0.0,0.0,5.0,2.0,59.0,0.0,2.0,0.0,7.9,7.9
2025,7,AFL,WR,TB,Emeka Egbuka,@DET,27.0,0.0,0.0,0.0,0.0,0.0,0.0,0.0,0.0,0.0,12.0,4.0,58.0,0.0,2.0,0.0,7.8,7.8
2025,7,VD,WR,ARI,Marvin Harrison,GB,19.0,0.0,0.0,0.0,0.0,0.0,0.0,0.0,0.0,0.0,6.0,2.0,58.0,0.0,2.0,0.0,7.8,7.8
2025,7,NN,WR,KC,Xavier Worthy,LV,28.0,0.0,0.0,0.0,0.0,0.0,1.0,13.0,0.0,1.0,4.0,3.0,35.0,0.0,2.0,0.0,7.8,7.8
2025,7,ELP,RB,SEA,Kenneth Walker,HOU,12.0,0.0,0.0,0.0,0.0,0.0,17.0,66.0,0.0,1.0,0.0,0.0,0.0,0.0,0.0,0.0,7.6,7.6
2025,7,FA,WR,LAR,Konata Mumpfield,@JAC,26.0,0.0,0.0,0.0,0.0,0.0,0.0,0.0,0.0,0.0,1.0,1.0,5.0,1.0,1.0,0.0,7.5,7.5
2025,7,FA,WR,NE,Mack Hollins,@TEN,22.0,0.0,0.0,0.0,0.0,0.0,1.0,4.0,0.0,0.0,2.0,2.0,49.0,0.0,2.0,0.0,7.3,7.3
2025,7,NN,RB,NYJ,Breece Hall,CAR,9.0,0.0,0.0,0.0,0.0,0.0,11.0,38.0,0.0,2.0,3.0,2.0,14.0,0.0,0.0,0.0,7.2,7.2
2025,7,MAM,RB,DEN,RJ Harvey,NYG,17.0,0.0,0.0,0.0,0.0,0.0,4.0,0.0,0.0,0.0,2.0,1.0,2.0,1.0,1.0,0.0,7.2,7.2
2025,7,MAM,WR,CHI,DJ Moore,NO,15.0,0.0,0.0,0.0,0.0,0.0,1.0,9.0,0.0,0.0,5.0,3.0,43.0,0.0,2.0,0.0,7.2,7.2
2025,7,MCM,QB,SF,Mac Jones,ATL,3.0,17.0,26.0,152.0,0.0,1.0,5.0,11.0,0.0,2.0,0.0,0.0,0.0,0.0,0.0,0.0,7.18,7.18
2025,7,FA,WR,TEN,Van Jefferson,NE,21.0,0.0,0.0,0.0,0.0,0.0,0.0,0.0,0.0,0.0,4.0,4.0,41.0,0.0,3.0,0.0,7.1,7.1
2025,7,FA,WR,JAC,Dyami Brown,LAR,18.0,0.0,0.0,0.0,0.0,0.0,0.0,0.0,0.0,0.0,4.0,2.0,50.0,0.0,2.0,0.0,7.0,7.0
2025,7,MWM,WR,NO,Rashid Shaheed,@CHI,25.0,0.0,0.0,0.0,0.0,0.0,0.0,0.0,0.0,0.0,9.0,4.0,40.0,0.0,3.0,0.0,7.0,7.0
2025,7,FA,TE,LAR,Colby Parkinson,@JAC,19.0,0.0,0.0,0.0,0.0,0.0,0.0,0.0,0.0,0.0,3.0,3.0,47.0,0.0,2.0,0.0,6.7,6.7
2025,7,ELP,WR,GB,Matthew Golden,@ARI,10.0,0.0,0.0,0.0,0.0,0.0,0.0,0.0,0.0,0.0,4.0,4.0,37.0,0.0,3.0,0.0,6.7,6.7
2025,7,FA,TE,TEN,Gunnar Helm,NE,22.0,0.0,0.0,0.0,0.0,0.0,0.0,0.0,0.0,0.0,5.0,4.0,36.0,0.0,3.0,0.0,6.6,6.6
2025,7,FRR,RB,ARI,Michael Carter,GB,3.0,0.0,0.0,0.0,0.0,0.0,7.0,11.0,0.0,1.0,2.0,2.0,25.0,0.0,2.0,0.0,6.6,6.6
2025,7,FA,RB,WAS,Jeremy McNichols,@DAL,30.0,0.0,0.0,0.0,0.0,0.0,2.0,22.0,0.0,1.0,3.0,2.0,23.0,0.0,1.0,0.0,6.5,6.5
2025,7,FA,WR,KC,JuJu Smith-Schuster,LV,28.0,0.0,0.0,0.0,0.0,0.0,0.0,0.0,0.0,0.0,3.0,3.0,35.0,0.0,3.0,0.0,6.5,6.5
2025,7,MAM,RB,PHI,Saquon Barkley,@MIN,14.0,0.0,0.0,0.0,0.0,0.0,18.0,44.0,0.0,2.0,1.0,1.0,-2.0,0.0,0.0,0.0,6.4,6.4
2025,7,CC,RB,TB,Rachaad White,@DET,2.0,0.0,0.0,0.0,0.0,0.0,10.0,38.0,0.0,2.0,6.0,4.0,6.0,0.0,0.0,0.0,6.4,6.4
2025,7,FRR,TE,KC,Travis Kelce,LV,6.0,0.0,0.0,0.0,0.0,0.0,0.0,0.0,0.0,0.0,3.0,3.0,54.0,0.0,1.0,0.0,6.4,6.4
2025,7,CRB,TE,NE,Hunter Henry,@TEN,8.0,0.0,0.0,0.0,0.0,0.0,0.0,0.0,0.0,0.0,5.0,4.0,33.0,0.0,3.0,0.0,6.3,6.3
2025,7,FA,TE,DEN,Evan Engram,NYG,11.0,0.0,0.0,0.0,0.0,0.0,0.0,0.0,0.0,0.0,8.0,5.0,42.0,0.0,2.0,0.0,6.2,6.2
2025,7,FRR,WR,ATL,Drake London,@SF,9.0,0.0,0.0,0.0,0.0,0.0,0.0,0.0,0.0,0.0,10.0,4.0,42.0,0.0,2.0,0.0,6.2,6.2
2025,7,FA,WR,ARI,Michael Wilson,GB,19.0,0.0,0.0,0.0,0.0,0.0,0.0,0.0,0.0,0.0,4.0,3.0,40.0,0.0,2.0,0.0,6.0,6.0
2025,7,CC,WR,PIT,DK Metcalf,@CIN,16.0,0.0,0.0,0.0,0.0,0.0,0.0,0.0,0.0,0.0,5.0,3.0,50.0,0.0,1.0,0.0,6.0,6.0
2025,7,FA,WR,CIN,Andrei Iosivas,PIT,24.0,0.0,0.0,0.0,0.0,0.0,0.0,0.0,0.0,0.0,4.0,3.0,49.0,0.0,1.0,0.0,5.9,5.9
2025,7,CRB,QB,CLE,Dillon Gabriel,MIA,28.0,13.0,18.0,116.0,0.0,0.0,4.0,12.0,0.0,0.0,0.0,0.0,0.0,0.0,0.0,0.0,5.84,5.84
2025,7,GF,WR,MIN,Jalen Nailor,PHI,20.0,0.0,0.0,0.0,0.0,0.0,0.0,0.0,0.0,0.0,4.0,2.0,37.0,0.0,2.0,0.0,5.7,5.7
2025,7,GF,TE,CLE,Harold Fannin,MIA,25.0,0.0,0.0,0.0,0.0,0.0,0.0,0.0,0.0,0.0,5.0,4.0,36.0,0.0,2.0,0.0,5.6,5.6
2025,7,ELP,RB,DAL,Jaydon Blue,WAS,19.0,0.0,0.0,0.0,0.0,0.0,7.0,29.0,0.0,2.0,1.0,1.0,5.0,0.0,0.0,0.0,5.4,5.4
2025,7,CRB,WR,CAR,Tetairoa McMillan,@NYJ,17.0,0.0,0.0,0.0,0.0,0.0,0.0,0.0,0.0,0.0,5.0,3.0,33.0,0.0,2.0,0.0,5.3,5.3
2025,7,WLW,WR,LV,Tre Tucker,@KC,4.0,0.0,0.0,0.0,0.0,0.0,0.0,0.0,0.0,0.0,6.0,5.0,33.0,0.0,2.0,0.0,5.3,5.3
2025,7,FRR,RB,LAR,Blake Corum,@JAC,8.0,0.0,0.0,0.0,0.0,0.0,12.0,37.0,0.0,1.0,1.0,1.0,6.0,0.0,0.0,0.0,5.3,5.3
2025,7,CRB,TE,MIN,TJ Hockenson,PHI,3.0,0.0,0.0,0.0,0.0,0.0,0.0,0.0,0.0,0.0,9.0,6.0,43.0,0.0,1.0,0.0,5.3,5.3
2025,7,FA,RB,NYJ,Isaiah Davis,CAR,9.0,0.0,0.0,0.0,0.0,0.0,2.0,10.0,0.0,0.0,4.0,2.0,22.0,0.0,2.0,0.0,5.2,5.2
2025,7,VD,WR,CHI,Rome Odunze,NO,15.0,0.0,0.0,0.0,0.0,0.0,0.0,0.0,0.0,0.0,6.0,2.0,31.0,0.0,2.0,0.0,5.1,5.1
2025,7,MCM,WR,SF,Jauan Jennings,ATL,2.0,0.0,0.0,0.0,0.0,0.0,0.0,0.0,0.0,0.0,7.0,4.0,31.0,0.0,2.0,0.0,5.1,5.1
2025,7,FA,RB,CIN,Samaje Perine,PIT,13.0,0.0,0.0,0.0,0.0,0.0,7.0,31.0,0.0,2.0,0.0,0.0,0.0,0.0,0.0,0.0,5.1,5.1
2025,7,CC,TE,NYJ,Mason Taylor,CAR,29.0,0.0,0.0,0.0,0.0,0.0,0.0,0.0,0.0,0.0,5.0,3.0,31.0,0.0,2.0,0.0,5.1,5.1
2025,7,VD,QB,NYJ,Justin Fields,CAR,5.0,6.0,12.0,46.0,0.0,0.0,4.0,22.0,0.0,1.0,0.0,0.0,0.0,0.0,0.0,0.0,5.04,5.04
2025,7,GF,RB,TEN,Tyjae Spears,NE,5.0,0.0,0.0,0.0,0.0,0.0,5.0,22.0,0.0,1.0,4.0,3.0,18.0,0.0,0.0,0.0,5.0,5.0
2025,7,FA,QB,WAS,Marcus Mariota,@DAL,32.0,4.0,10.0,63.0,0.0,1.0,2.0,34.0,0.0,1.0,0.0,0.0,0.0,0.0,0.0,0.0,4.92,4.92
2025,7,CC,RB,DET,David Montgomery,TB,22.0,0.0,0.0,0.0,0.0,0.0,13.0,21.0,0.0,0.0,3.0,2.0,18.0,0.0,1.0,0.0,4.9,4.9
2025,7,MCM,WR,KC,Tyquan Thornton,LV,28.0,0.0,0.0,0.0,0.0,0.0,0.0,0.0,0.0,0.0,2.0,1.0,39.0,0.0,1.0,0.0,4.9,4.9
2025,7,MAM,QB,CHI,Caleb Williams,NO,25.0,15.0,26.0,172.0,0.0,1.0,4.0,-2.0,0.0,0.0,0.0,0.0,0.0,0.0,0.0,0.0,4.88,4.88
2025,7,MWM,RB,KC,Kareem Hunt,LV,20.0,0.0,0.0,0.0,0.0,0.0,4.0,18.0,0.0,3.0,0.0,0.0,0.0,0.0,0.0,0.0,4.8,4.8
2025,7,WLW,WR,HOU,Nico Collins,@SEA,13.0,0.0,0.0,0.0,0.0,0.0,0.0,0.0,0.0,0.0,10.0,4.0,27.0,0.0,2.0,0.0,4.7,4.7
2025,7,FA,WR,WAS,Robbie Chosen,@DAL,32.0,0.0,0.0,0.0,0.0,0.0,0.0,0.0,0.0,0.0,4.0,4.0,36.0,0.0,1.0,0.0,4.6,4.6
2025,7,NN,RB,SF,Brian Robinson,ATL,18.0,0.0,0.0,0.0,0.0,0.0,9.0,36.0,0.0,1.0,0.0,0.0,0.0,0.0,0.0,0.0,4.6,4.6
2025,7,FA,WR,MIA,D'Wayne Eskridge,@CLE,11.0,0.0,0.0,0.0,0.0,0.0,0.0,0.0,0.0,0.0,2.0,2.0,45.0,0.0,2.0,1.0,4.5,4.5
2025,7,MCM,RB,LAC,Kimani Vidal,IND,6.0,0.0,0.0,0.0,0.0,0.0,9.0,20.0,0.0,0.0,5.0,4.0,15.0,0.0,1.0,0.0,4.5,4.5
2025,7,FA,TE,CAR,Mitchell Evans,@NYJ,23.0,0.0,0.0,0.0,0.0,0.0,0.0,0.0,0.0,0.0,3.0,2.0,24.0,0.0,2.0,0.0,4.4,4.4
2025,7,MCM,TE,CHI,Colston Loveland,NO,20.0,0.0,0.0,0.0,0.0,0.0,0.0,0.0,0.0,0.0,4.0,3.0,24.0,0.0,2.0,0.0,4.4,4.4
2025,7,CC,WR,LAC,Tre Harris,IND,29.0,0.0,0.0,0.0,0.0,0.0,0.0,0.0,0.0,0.0,2.0,2.0,23.0,0.0,2.0,0.0,4.3,4.3
2025,7,CRB,RB,WAS,Jacory Croskey-Merritt,@DAL,30.0,0.0,0.0,0.0,0.0,0.0,13.0,33.0,0.0,1.0,2.0,1.0,-1.0,0.0,0.0,0.0,4.3,4.3
2025,7,FA,TE,SEA,Elijah Arroyo,HOU,5.0,0.0,0.0,0.0,0.0,0.0,0.0,0.0,0.0,0.0,5.0,4.0,42.0,0.0,2.0,1.0,4.2,4.2
2025,7,CC,WR,JAC,Brian Thomas,LAR,18.0,0.0,0.0,0.0,0.0,0.0,0.0,0.0,0.0,0.0,7.0,3.0,31.0,0.0,1.0,0.0,4.1,4.1
2025,7,FA,WR,MIA,Malik Washington,@CLE,11.0,0.0,0.0,0.0,0.0,0.0,0.0,0.0,0.0,0.0,8.0,5.0,30.0,0.0,1.0,0.0,4.0,4.0
2025,7,FA,RB,DEN,Tyler Badie,NYG,17.0,0.0,0.0,0.0,0.0,0.0,0.0,0.0,0.0,0.0,2.0,2.0,19.0,0.0,2.0,0.0,3.9,3.9
2025,7,MAM,RB,NO,Alvin Kamara,@CHI,24.0,0.0,0.0,0.0,0.0,0.0,11.0,28.0,0.0,1.0,3.0,3.0,1.0,0.0,0.0,0.0,3.9,3.9
2025,7,FA,WR,NYJ,Josh Reynolds,CAR,3.0,0.0,0.0,0.0,0.0,0.0,0.0,0.0,0.0,0.0,9.0,3.0,29.0,0.0,1.0,0.0,3.9,3.9
2025,7,FA,TE,LAR,Tyler Higbee,@JAC,19.0,0.0,0.0,0.0,0.0,0.0,0.0,0.0,0.0,0.0,6.0,3.0,19.0,0.0,2.0,0.0,3.9,3.9
2025,7,MAM,WR,TEN,Elic Ayomanor,NE,21.0,0.0,0.0,0.0,0.0,0.0,0.0,0.0,0.0,0.0,5.0,2.0,29.0,0.0,1.0,0.0,3.9,3.9
2025,7,FA,TE,KC,Noah Gray,LV,6.0,0.0,0.0,0.0,0.0,0.0,0.0,0.0,0.0,0.0,1.0,1.0,28.0,0.0,1.0,0.0,3.8,3.8
2025,7,FA,TE,MIA,Tanner Conner,@CLE,16.0,0.0,0.0,0.0,0.0,0.0,0.0,0.0,0.0,0.0,3.0,1.0,28.0,0.0,1.0,0.0,3.8,3.8
2025,7,FA,WR,NE,Demario Douglas,@TEN,22.0,0.0,0.0,0.0,0.0,0.0,0.0,0.0,0.0,0.0,3.0,3.0,17.0,0.0,2.0,0.0,3.7,3.7
2025,7,FA,RB,IND,Ameer Abdullah,@LAC,23.0,0.0,0.0,0.0,0.0,0.0,2.0,19.0,0.0,1.0,1.0,1.0,8.0,0.0,0.0,0.0,3.7,3.7
2025,7,NN,RB,ATL,Tyler Allgeier,@SF,16.0,0.0,0.0,0.0,0.0,0.0,4.0,16.0,0.0,2.0,0.0,0.0,0.0,0.0,0.0,0.0,3.6,3.6
2025,7,GF,RB,LV,Ashton Jeanty,@KC,7.0,0.0,0.0,0.0,0.0,0.0,6.0,21.0,0.0,0.0,1.0,1.0,13.0,0.0,0.0,0.0,3.4,3.4
2025,7,FA,WR,CLE,Jamari Thrash,MIA,7.0,0.0,0.0,0.0,0.0,0.0,0.0,0.0,0.0,0.0,2.0,1.0,23.0,0.0,1.0,0.0,3.3,3.3
2025,7,FA,TE,DET,Brock Wright,TB,17.0,0.0,0.0,0.0,0.0,0.0,0.0,0.0,0.0,0.0,3.0,3.0,23.0,0.0,1.0,0.0,3.3,3.3
2025,7,FA,WR,JAC,Tim Patrick,LAR,18.0,0.0,0.0,0.0,0.0,0.0,0.0,0.0,0.0,0.0,1.0,1.0,22.0,0.0,1.0,0.0,3.2,3.2
2025,7,ELP,WR,CHI,Luther Burden,NO,15.0,0.0,0.0,0.0,0.0,0.0,1.0,-1.0,0.0,0.0,2.0,1.0,22.0,0.0,1.0,0.0,3.2,3.2
2025,7,FA,TE,DEN,Nate Adkins,NYG,11.0,0.0,0.0,0.0,0.0,0.0,0.0,0.0,0.0,0.0,3.0,2.0,20.0,0.0,1.0,0.0,3.0,3.0
2025,7,FA,RB,NE,Terrell Jennings,@TEN,28.0,0.0,0.0,0.0,0.0,0.0,5.0,18.0,0.0,1.0,0.0,0.0,0.0,0.0,0.0,0.0,2.8,2.8
2025,7,FA,WR,TEN,Tyler Lockett,NE,21.0,0.0,0.0,0.0,0.0,0.0,0.0,0.0,0.0,0.0,2.0,2.0,18.0,0.0,1.0,0.0,2.8,2.8
2025,7,MCM,QB,LV,Geno Smith,@KC,11.0,10.0,16.0,67.0,0.0,0.0,2.0,1.0,0.0,0.0,0.0,0.0,0.0,0.0,0.0,0.0,2.78,2.78
2025,7,MAM,WR,CLE,Jerry Jeudy,MIA,7.0,0.0,0.0,0.0,0.0,0.0,0.0,0.0,0.0,0.0,4.0,2.0,17.0,0.0,1.0,0.0,2.7,2.7
2025,7,FA,WR,PIT,Roman Wilson,@CIN,16.0,0.0,0.0,0.0,0.0,0.0,0.0,0.0,0.0,0.0,2.0,2.0,17.0,0.0,1.0,0.0,2.7,2.7
2025,7,FA,WR,ATL,Casey Washington,@SF,9.0,0.0,0.0,0.0,0.0,0.0,0.0,0.0,0.0,0.0,2.0,1.0,17.0,0.0,1.0,0.0,2.7,2.7
2025,7,FA,WR,DAL,KaVontae Turpin,WAS,23.0,0.0,0.0,0.0,0.0,0.0,0.0,0.0,0.0,0.0,1.0,1.0,17.0,0.0,1.0,0.0,2.7,2.7
2025,7,FA,WR,CLE,Malachi Corley,MIA,7.0,0.0,0.0,0.0,0.0,0.0,0.0,0.0,0.0,0.0,2.0,2.0,17.0,0.0,1.0,0.0,2.7,2.7
2025,7,FA,WR,NYJ,Allen Lazard,CAR,3.0,0.0,0.0,0.0,0.0,0.0,0.0,0.0,0.0,0.0,3.0,2.0,16.0,0.0,1.0,0.0,2.6,2.6
2025,7,FA,WR,MIA,Nick Westbrook-Ikhine,@CLE,11.0,0.0,0.0,0.0,0.0,0.0,0.0,0.0,0.0,0.0,4.0,3.0,16.0,0.0,1.0,0.0,2.6,2.6
2025,7,FA,WR,DAL,Jalen Tolbert,WAS,23.0,0.0,0.0,0.0,0.0,0.0,0.0,0.0,0.0,0.0,2.0,1.0,16.0,0.0,1.0,0.0,2.6,2.6
2025,7,FA,TE,CHI,Cole Kmet,NO,20.0,0.0,0.0,0.0,0.0,0.0,0.0,0.0,0.0,0.0,1.0,1.0,16.0,0.0,1.0,0.0,2.6,2.6
2025,7,FA,WR,TB,Sterling Shepard,@DET,27.0,0.0,0.0,0.0,0.0,0.0,0.0,0.0,0.0,0.0,7.0,7.0,25.0,0.0,2.0,1.0,2.5,2.5
2025,7,WLW,TE,DET,Sam LaPorta,TB,17.0,0.0,0.0,0.0,0.0,0.0,0.0,0.0,0.0,0.0,3.0,3.0,15.0,0.0,1.0,0.0,2.5,2.5
2025,7,MCM,RB,PIT,Kenneth Gainwell,@CIN,32.0,0.0,0.0,0.0,0.0,0.0,3.0,14.0,0.0,1.0,2.0,2.0,1.0,0.0,0.0,0.0,2.5,2.5
2025,7,FA,WR,SF,Skyy Moore,ATL,2.0,0.0,0.0,0.0,0.0,0.0,0.0,0.0,0.0,0.0,1.0,1.0,15.0,0.0,1.0,0.0,2.5,2.5
2025,7,MWM,WR,MIA,Jaylen Waddle,@CLE,11.0,0.0,0.0,0.0,0.0,0.0,0.0,0.0,0.0,0.0,4.0,1.0,15.0,0.0,1.0,0.0,2.5,2.5
2025,7,ELP,WR,SF,Kendrick Bourne,ATL,2.0,0.0,0.0,0.0,0.0,0.0,0.0,0.0,0.0,0.0,2.0,2.0,14.0,0.0,1.0,0.0,2.4,2.4
2025,7,FA,QB,CAR,Andy Dalton,@NYJ,20.0,4.0,7.0,60.0,0.0,0.0,2.0,-2.0,0.0,0.0,0.0,0.0,0.0,0.0,0.0,0.0,2.4,2.4
2025,7,FA,WR,HOU,Xavier Hutchinson,@SEA,13.0,0.0,0.0,0.0,0.0,0.0,0.0,0.0,0.0,0.0,4.0,1.0,13.0,0.0,1.0,0.0,2.3,2.3
2025,7,VD,RB,MIA,Ollie Gordon,@CLE,1.0,0.0,0.0,0.0,0.0,0.0,5.0,11.0,0.0,1.0,2.0,1.0,2.0,0.0,0.0,0.0,2.3,2.3
2025,7,MAM,RB,JAC,Bhayshul Tuten,LAR,4.0,0.0,0.0,0.0,0.0,0.0,5.0,22.0,0.0,0.0,0.0,0.0,0.0,0.0,0.0,0.0,2.2,2.2
2025,7,MWM,WR,SEA,Cooper Kupp,HOU,8.0,0.0,1.0,0.0,0.0,1.0,0.0,0.0,0.0,0.0,1.0,1.0,32.0,0.0,1.0,0.0,2.2,2.2
2025,7,MWM,"QB,TE",NO,Taysom Hill,@CHI,12.0,0.0,0.0,0.0,0.0,0.0,2.0,-4.0,0.0,1.0,2.0,2.0,12.0,0.0,0.0,0.0,2.2,2.2
2025,7,FA,QB,NYJ,Tyrod Taylor,CAR,5.0,10.0,22.0,126.0,0.0,2.0,3.0,11.0,0.0,0.0,0.0,0.0,0.0,0.0,0.0,0.0,2.14,2.14
2025,7,FA,QB,MIA,Quinn Ewers,@CLE,2.0,5.0,8.0,53.0,0.0,0.0,1.0,0.0,0.0,0.0,0.0,0.0,0.0,0.0,0.0,0.0,2.12,2.12
2025,7,FA,RB,CHI,Roschon Johnson,NO,25.0,0.0,0.0,0.0,0.0,0.0,1.0,11.0,0.0,1.0,0.0,0.0,0.0,0.0,0.0,0.0,2.1,2.1
2025,7,MWM,RB,PHI,Tank Bigsby,@MIN,14.0,0.0,0.0,0.0,0.0,0.0,1.0,11.0,0.0,1.0,1.0,1.0,-1.0,0.0,0.0,0.0,2.1,2.1
2025,7,FA,TE,SF,Luke Farrell,ATL,1.0,0.0,0.0,0.0,0.0,0.0,0.0,0.0,0.0,0.0,1.0,1.0,11.0,0.0,1.0,0.0,2.1,2.1
2025,7,FA,WR,MIN,Adam Thielen,PHI,20.0,0.0,0.0,0.0,0.0,0.0,0.0,0.0,0.0,0.0,2.0,1.0,10.0,0.0,1.0,0.0,2.0,2.0
2025,7,MWM,RB,CLE,Jerome Ford,MIA,29.0,0.0,0.0,0.0,0.0,0.0,1.0,0.0,0.0,0.0,2.0,2.0,10.0,0.0,1.0,0.0,2.0,2.0
2025,7,MCM,TE,SEA,AJ Barner,HOU,5.0,0.0,0.0,0.0,0.0,0.0,1.0,2.0,0.0,1.0,3.0,1.0,7.0,0.0,0.0,0.0,1.9,1.9
2025,7,FA,WR,LAR,Jordan Whittington,@JAC,26.0,0.0,0.0,0.0,0.0,0.0,0.0,0.0,0.0,0.0,4.0,2.0,9.0,0.0,1.0,0.0,1.9,1.9
2025,7,FA,TE,JAC,Johnny Mundt,LAR,10.0,0.0,0.0,0.0,0.0,0.0,0.0,0.0,0.0,0.0,4.0,1.0,9.0,0.0,1.0,0.0,1.9,1.9
2025,7,AFL,TE,PHI,Dallas Goedert,@MIN,7.0,0.0,0.0,0.0,0.0,0.0,0.0,0.0,0.0,0.0,3.0,3.0,18.0,0.0,0.0,0.0,1.8,1.8
2025,7,CRB,RB,GB,Emanuel Wilson,@ARI,21.0,0.0,0.0,0.0,0.0,0.0,6.0,17.0,0.0,0.0,1.0,1.0,-2.0,0.0,0.0,0.0,1.7,1.7
2025,7,FA,WR,DET,Kalif Raymond,TB,12.0,0.0,0.0,0.0,0.0,0.0,0.0,0.0,0.0,0.0,3.0,3.0,17.0,0.0,0.0,0.0,1.7,1.7
2025,7,AFL,RB,CLE,Dylan Sampson,MIA,29.0,0.0,0.0,0.0,0.0,0.0,3.0,8.0,0.0,0.0,1.0,1.0,9.0,0.0,0.0,0.0,1.7,1.7
2025,7,FA,TE,JAC,Hunter Long,LAR,10.0,0.0,0.0,0.0,0.0,0.0,0.0,0.0,0.0,0.0,3.0,2.0,16.0,0.0,0.0,0.0,1.6,1.6
2025,7,MWM,RB,HOU,Nick Chubb,@SEA,10.0,0.0,0.0,0.0,0.0,0.0,5.0,16.0,0.0,0.0,3.0,1.0,-5.0,0.0,0.0,0.0,1.6,1.6
2025,7,FA,WR,LAR,Xavier Smith,@JAC,26.0,0.0,0.0,0.0,0.0,0.0,0.0,0.0,0.0,0.0,3.0,2.0,15.0,0.0,0.0,0.0,1.5,1.5
2025,7,FA,WR,CAR,Jimmy Horn,@NYJ,17.0,0.0,0.0,0.0,0.0,0.0,1.0,7.0,0.0,0.0,2.0,1.0,8.0,0.0,0.0,0.0,1.5,1.5
2025,7,FA,TE,LAR,Davis Allen,@JAC,19.0,0.0,0.0,0.0,0.0,0.0,0.0,0.0,0.0,0.0,1.0,1.0,4.0,0.0,1.0,0.0,1.4,1.4
2025,7,FA,WR,TB,Ryan Miller,@DET,27.0,0.0,0.0,0.0,0.0,0.0,0.0,0.0,0.0,0.0,1.0,1.0,14.0,0.0,0.0,0.0,1.4,1.4
2025,7,FA,WR,LV,Jack Bech,@KC,4.0,0.0,0.0,0.0,0.0,0.0,0.0,0.0,0.0,0.0,2.0,2.0,13.0,0.0,0.0,0.0,1.3,1.3
2025,7,FA,TE,LV,Michael Mayer,@KC,4.0,0.0,0.0,0.0,0.0,0.0,0.0,0.0,0.0,0.0,2.0,1.0,10.0,0.0,0.0,0.0,1.0,1.0
2025,7,FA,RB,SF,Kyle Juszczyk,ATL,18.0,0.0,0.0,0.0,0.0,0.0,1.0,-2.0,0.0,0.0,1.0,1.0,10.0,0.0,0.0,0.0,1.0,1.0
2025,7,FA,WR,CHI,Olamide Zaccheaus,NO,15.0,0.0,0.0,0.0,0.0,0.0,1.0,0.0,0.0,0.0,3.0,2.0,9.0,0.0,0.0,0.0,0.9,0.9
2025,7,FA,WR,PIT,Scott Miller,@CIN,16.0,0.0,0.0,0.0,0.0,0.0,0.0,0.0,0.0,0.0,1.0,1.0,9.0,0.0,0.0,0.0,0.9,0.9
2025,7,FA,TE,MIN,Josh Oliver,PHI,3.0,0.0,0.0,0.0,0.0,0.0,0.0,0.0,0.0,0.0,1.0,1.0,9.0,0.0,0.0,0.0,0.9,0.9
2025,7,AFL,WR,IND,Adonai Mitchell,@LAC,5.0,0.0,0.0,0.0,0.0,0.0,0.0,0.0,0.0,0.0,1.0,1.0,8.0,0.0,0.0,0.0,0.8,0.8
2025,7,GF,RB,PHI,Will Shipley,@MIN,14.0,0.0,0.0,0.0,0.0,0.0,0.0,0.0,0.0,0.0,1.0,1.0,7.0,0.0,0.0,0.0,0.7,0.7
2025,7,MAM,RB,NO,Kendre Miller,@CHI,24.0,0.0,0.0,0.0,0.0,0.0,1.0,7.0,0.0,0.0,0.0,0.0,0.0,0.0,0.0,0.0,0.7,0.7
2025,7,FA,TE,IND,Mo Alie-Cox,@LAC,9.0,0.0,0.0,0.0,0.0,0.0,0.0,0.0,0.0,0.0,2.0,1.0,6.0,0.0,0.0,0.0,0.6,0.6
2025,7,AFL,RB,TB,Sean Tucker,@DET,2.0,0.0,0.0,0.0,0.0,0.0,1.0,4.0,0.0,0.0,1.0,1.0,2.0,0.0,0.0,0.0,0.6,0.6
2025,7,NN,WR,DEN,Pat Bryant,NYG,30.0,0.0,0.0,0.0,0.0,0.0,0.0,0.0,0.0,0.0,4.0,1.0,6.0,0.0,0.0,0.0,0.6,0.6
2025,7,FA,RB,MIN,Zavier Scott,PHI,26.0,0.0,0.0,0.0,0.0,0.0,4.0,4.0,0.0,0.0,1.0,1.0,2.0,0.0,0.0,0.0,0.6,0.6
2025,7,FA,TE,GB,John FitzPatrick,@ARI,27.0,0.0,0.0,0.0,0.0,0.0,0.0,0.0,0.0,0.0,1.0,1.0,6.0,0.0,0.0,0.0,0.6,0.6
2025,7,FA,RB,MIN,CJ Ham,PHI,26.0,0.0,0.0,0.0,0.0,0.0,0.0,0.0,0.0,0.0,1.0,1.0,5.0,0.0,0.0,0.0,0.5,0.5
2025,7,FA,RB,LAC,Hassan Haskins,IND,6.0,0.0,0.0,0.0,0.0,0.0,1.0,3.0,0.0,0.0,2.0,2.0,2.0,0.0,0.0,0.0,0.5,0.5
2025,7,FA,WR,ARI,Greg Dortch,GB,19.0,0.0,0.0,0.0,0.0,0.0,0.0,0.0,0.0,0.0,2.0,2.0,5.0,0.0,0.0,0.0,0.5,0.5
2025,7,FA,WR,GB,Dontayvion Wicks,@ARI,10.0,0.0,0.0,0.0,0.0,0.0,0.0,0.0,0.0,0.0,2.0,1.0,5.0,0.0,0.0,0.0,0.5,0.5
2025,7,FA,TE,WAS,John Bates,@DAL,13.0,0.0,0.0,0.0,0.0,0.0,0.0,0.0,0.0,0.0,2.0,1.0,5.0,0.0,0.0,0.0,0.5,0.5
2025,7,CC,RB,NE,TreVeyon Henderson,@TEN,28.0,0.0,0.0,0.0,0.0,0.0,2.0,5.0,0.0,0.0,0.0,0.0,0.0,0.0,0.0,0.0,0.5,0.5
2025,7,FA,QB,NE,Joshua Dobbs,@TEN,13.0,1.0,1.0,12.0,0.0,0.0,2.0,-2.0,0.0,0.0,0.0,0.0,0.0,0.0,0.0,0.0,0.48,0.48
2025,7,FA,RB,LV,Dylan Laube,@KC,7.0,0.0,0.0,0.0,0.0,0.0,2.0,3.0,0.0,0.0,1.0,1.0,1.0,0.0,0.0,0.0,0.4,0.4
2025,7,FA,TE,CLE,Blake Whiteheart,MIA,25.0,0.0,0.0,0.0,0.0,0.0,0.0,0.0,0.0,0.0,1.0,1.0,4.0,0.0,0.0,0.0,0.4,0.4
2025,7,FA,RB,JAC,LeQuint Allen,LAR,4.0,0.0,0.0,0.0,0.0,0.0,0.0,0.0,0.0,0.0,1.0,1.0,4.0,0.0,0.0,0.0,0.4,0.4
2025,7,FA,WR,IND,Anthony Gould,@LAC,5.0,0.0,0.0,0.0,0.0,0.0,0.0,0.0,0.0,0.0,1.0,1.0,3.0,0.0,0.0,0.0,0.3,0.3
2025,7,FA,TE,LV,Carter Runyon,@KC,4.0,0.0,0.0,0.0,0.0,0.0,0.0,0.0,0.0,0.0,1.0,1.0,3.0,0.0,0.0,0.0,0.3,0.3
2025,7,FA,TE,ARI,Elijah Higgins,GB,30.0,0.0,0.0,0.0,0.0,0.0,0.0,0.0,0.0,0.0,1.0,1.0,3.0,0.0,0.0,0.0,0.3,0.3
2025,7,FA,WR,SEA,Jake Bobo,HOU,8.0,0.0,0.0,0.0,0.0,0.0,0.0,0.0,0.0,0.0,1.0,1.0,3.0,0.0,0.0,0.0,0.3,0.3
2025,7,FA,WR,NO,Brandin Cooks,@CHI,25.0,0.0,0.0,0.0,0.0,0.0,0.0,0.0,0.0,0.0,1.0,1.0,3.0,0.0,0.0,0.0,0.3,0.3
2025,7,FA,RB,DAL,Hunter Luepke,WAS,19.0,0.0,0.0,0.0,0.0,0.0,0.0,0.0,0.0,0.0,1.0,1.0,3.0,0.0,0.0,0.0,0.3,0.3
2025,7,FA,RB,LV,Raheem Mostert,@KC,7.0,0.0,0.0,0.0,0.0,0.0,0.0,0.0,0.0,0.0,1.0,1.0,2.0,0.0,0.0,0.0,0.2,0.2
2025,7,FA,RB,NYG,Devin Singletary,@DEN,11.0,0.0,0.0,0.0,0.0,0.0,2.0,2.0,0.0,0.0,0.0,0.0,0.0,0.0,0.0,0.0,0.2,0.2
2025,7,FA,TE,MIA,Julian Hill,@CLE,16.0,0.0,0.0,0.0,0.0,0.0,0.0,0.0,0.0,0.0,2.0,1.0,1.0,0.0,0.0,0.0,0.1,0.1
2025,7,WLW,RB,NO,Devin Neal,@CHI,24.0,0.0,0.0,0.0,0.0,0.0,1.0,1.0,0.0,0.0,0.0,0.0,0.0,0.0,0.0,0.0,0.1,0.1
2025,7,FA,TE,HOU,Harrison Bryant,@SEA,26.0,0.0,0.0,0.0,0.0,0.0,0.0,0.0,0.0,0.0,0.0,0.0,0.0,0.0,0.0,0.0,0.0,0.0
2025,7,FA,TE,DAL,Luke Schoonmaker,WAS,21.0,0.0,0.0,0.0,0.0,0.0,0.0,0.0,0.0,0.0,0.0,0.0,0.0,0.0,0.0,0.0,0.0,0.0
2025,7,MWM,TE,SF,George Kittle,ATL,1.0,0.0,0.0,0.0,0.0,0.0,0.0,0.0,0.0,0.0,2.0,0.0,0.0,0.0,0.0,0.0,0.0,0.0
2025,7,FA,TE,CIN,Drew Sample,PIT,31.0,0.0,0.0,0.0,0.0,0.0,0.0,0.0,0.0,0.0,0.0,0.0,0.0,0.0,0.0,0.0,0.0,0.0
2025,7,FA,WR,PIT,Ke'Shawn Williams,@CIN,16.0,0.0,0.0,0.0,0.0,0.0,0.0,0.0,0.0,0.0,0.0,0.0,0.0,0.0,0.0,0.0,0.0,0.0
2025,7,FA,TE,DAL,Brevyn Spann-Ford,WAS,21.0,0.0,0.0,0.0,0.0,0.0,0.0,0.0,0.0,0.0,0.0,0.0,0.0,0.0,0.0,0.0,0.0,0.0
2025,7,FA,WR,ATL,Khadarel Hodge,@SF,9.0,0.0,0.0,0.0,0.0,0.0,0.0,0.0,0.0,0.0,0.0,0.0,0.0,0.0,0.0,0.0,0.0,0.0
2025,7,FA,WR,LV,Dont'e Thornton,@KC,4.0,0.0,0.0,0.0,0.0,0.0,0.0,0.0,0.0,0.0,3.0,0.0,0.0,0.0,0.0,0.0,0.0,0.0
2025,7,FA,RB,DET,Craig Reynolds,TB,22.0,0.0,0.0,0.0,0.0,0.0,0.0,0.0,0.0,0.0,0.0,0.0,0.0,0.0,0.0,0.0,0.0,0.0
2025,7,FRR,WR,HOU,Jayden Higgins,@SEA,13.0,0.0,0.0,0.0,0.0,0.0,0.0,0.0,0.0,0.0,3.0,0.0,0.0,0.0,0.0,0.0,0.0,0.0
2025,7,FA,WR,CLE,Isaiah Bond,MIA,7.0,0.0,0.0,0.0,0.0,0.0,0.0,0.0,0.0,0.0,0.0,0.0,0.0,0.0,0.0,0.0,0.0,0.0
2025,7,FA,RB,DEN,Adam Prentice,NYG,17.0,0.0,0.0,0.0,0.0,0.0,0.0,0.0,0.0,0.0,1.0,0.0,0.0,0.0,0.0,0.0,0.0,0.0
2025,7,FA,TE,PHI,Kylen Granson,@MIN,7.0,0.0,0.0,0.0,0.0,0.0,0.0,0.0,0.0,0.0,0.0,0.0,0.0,0.0,0.0,0.0,0.0,0.0
2025,7,FA,WR,SF,Demarcus Robinson,ATL,2.0,0.0,0.0,0.0,0.0,0.0,0.0,0.0,0.0,0.0,1.0,0.0,0.0,0.0,0.0,0.0,0.0,0.0
2025,7,FA,WR,LV,Alex Bachman,@KC,4.0,0.0,0.0,0.0,0.0,0.0,0.0,0.0,0.0,0.0,0.0,0.0,0.0,0.0,0.0,0.0,0.0,0.0
2025,7,FA,TE,SF,Jake Tonges,ATL,1.0,0.0,0.0,0.0,0.0,0.0,0.0,0.0,0.0,0.0,0.0,0.0,0.0,0.0,0.0,0.0,0.0,0.0
2025,7,FA,RB,ARI,D'Ernest Johnson,GB,3.0,0.0,0.0,0.0,0.0,0.0,1.0,0.0,0.0,0.0,0.0,0.0,0.0,0.0,0.0,0.0,0.0,0.0
2025,7,FA,WR,SF,Malik Turner,ATL,2.0,0.0,0.0,0.0,0.0,0.0,0.0,0.0,0.0,0.0,0.0,0.0,0.0,0.0,0.0,0.0,0.0,0.0
2025,7,FA,RB,NYJ,Andrew Beck,CAR,9.0,0.0,0.0,0.0,0.0,0.0,0.0,0.0,0.0,0.0,0.0,0.0,0.0,0.0,0.0,0.0,0.0,0.0
2025,7,FA,RB,TEN,Julius Chestnut,NE,5.0,0.0,0.0,0.0,0.0,0.0,0.0,0.0,0.0,0.0,0.0,0.0,0.0,0.0,0.0,0.0,0.0,0.0
2025,7,FA,WR,TEN,Mason Kinsey,NE,21.0,0.0,0.0,0.0,0.0,0.0,0.0,0.0,0.0,0.0,0.0,0.0,0.0,0.0,0.0,0.0,0.0,0.0
2025,7,FA,QB,LAR,Jimmy Garoppolo,@JAC,26.0,0.0,0.0,0.0,0.0,0.0,3.0,-3.0,0.0,0.0,0.0,0.0,0.0,0.0,0.0,0.0,0.0,0.0
2025,7,FA,TE,SEA,Brady Russell,HOU,5.0,0.0,0.0,0.0,0.0,0.0,0.0,0.0,0.0,0.0,0.0,0.0,0.0,0.0,0.0,0.0,0.0,0.0
2025,7,FA,WR,ATL,David Sills,@SF,9.0,0.0,0.0,0.0,0.0,0.0,0.0,0.0,0.0,0.0,0.0,0.0,0.0,0.0,0.0,0.0,0.0,0.0
2025,7,FA,TE,NYG,Thomas Fidone,@DEN,14.0,0.0,0.0,0.0,0.0,0.0,0.0,0.0,0.0,0.0,0.0,0.0,0.0,0.0,0.0,0.0,0.0,0.0
2025,7,FA,WR,CIN,Charlie Jones,PIT,24.0,0.0,0.0,0.0,0.0,0.0,0.0,0.0,0.0,0.0,0.0,0.0,0.0,0.0,0.0,0.0,0.0,0.0
2025,7,FA,TE,NO,Jack Stoll,@CHI,12.0,0.0,0.0,0.0,0.0,0.0,0.0,0.0,0.0,0.0,1.0,0.0,0.0,0.0,0.0,0.0,0.0,0.0
2025,7,FA,TE,PHI,EJ Jenkins,@MIN,7.0,0.0,0.0,0.0,0.0,0.0,0.0,0.0,0.0,0.0,0.0,0.0,0.0,0.0,0.0,0.0,0.0,0.0
2025,7,CRB,WR,WAS,Luke McCaffrey,@DAL,32.0,0.0,0.0,0.0,0.0,0.0,0.0,0.0,0.0,0.0,2.0,0.0,0.0,0.0,0.0,0.0,0.0,0.0
2025,7,ELP,WR,DET,Jameson Williams,TB,12.0,0.0,0.0,0.0,0.0,0.0,0.0,0.0,0.0,0.0,2.0,0.0,0.0,0.0,0.0,0.0,0.0,0.0
2025,7,ELP,WR,TB,Mike Evans,@DET,27.0,0.0,0.0,0.0,0.0,0.0,0.0,0.0,0.0,0.0,4.0,0.0,0.0,0.0,0.0,0.0,0.0,0.0
2025,7,FA,RB,MIA,Alec Ingold,@CLE,1.0,0.0,0.0,0.0,0.0,0.0,0.0,0.0,0.0,0.0,0.0,0.0,0.0,0.0,0.0,0.0,0.0,0.0
2025,7,FA,TE,CIN,Cam Grandy,PIT,31.0,0.0,0.0,0.0,0.0,0.0,0.0,0.0,0.0,0.0,0.0,0.0,0.0,0.0,0.0,0.0,0.0,0.0
2025,7,FA,WR,DET,Dominic Lovett,TB,12.0,0.0,0.0,0.0,0.0,0.0,0.0,0.0,0.0,0.0,0.0,0.0,0.0,0.0,0.0,0.0,0.0,0.0
2025,7,FA,TE,NE,Jack Westover,@TEN,8.0,0.0,0.0,0.0,0.0,0.0,0.0,0.0,0.0,0.0,0.0,0.0,0.0,0.0,0.0,0.0,0.0,0.0
2025,7,MCM,WR,LAR,Tutu Atwell,@JAC,26.0,0.0,0.0,0.0,0.0,0.0,0.0,0.0,0.0,0.0,0.0,0.0,0.0,0.0,0.0,0.0,0.0,0.0
2025,7,FA,WR,GB,Bo Melton,@ARI,10.0,0.0,0.0,0.0,0.0,0.0,0.0,0.0,0.0,0.0,0.0,0.0,0.0,0.0,0.0,0.0,0.0,0.0
2025,7,FRR,TE,MIA,Darren Waller,@CLE,16.0,0.0,0.0,0.0,0.0,0.0,0.0,0.0,0.0,0.0,0.0,0.0,0.0,0.0,0.0,0.0,0.0,0.0
2025,7,FA,WR,PHI,Xavier Gipson,@MIN,6.0,0.0,0.0,0.0,0.0,0.0,0.0,0.0,0.0,0.0,0.0,0.0,0.0,0.0,0.0,0.0,0.0,0.0
2025,7,FA,RB,HOU,British Brooks,@SEA,10.0,0.0,0.0,0.0,0.0,0.0,0.0,0.0,0.0,0.0,0.0,0.0,0.0,0.0,0.0,0.0,0.0,0.0
2025,7,FA,TE,SEA,Eric Saubert,HOU,5.0,0.0,0.0,0.0,0.0,0.0,0.0,0.0,0.0,0.0,0.0,0.0,0.0,0.0,0.0,0.0,0.0,0.0
2025,7,FA,WR,GB,Savion Williams,@ARI,10.0,0.0,0.0,0.0,0.0,0.0,0.0,0.0,0.0,0.0,0.0,0.0,0.0,0.0,0.0,0.0,0.0,0.0
2025,7,NN,WR,CAR,Jalen Coker,@NYJ,17.0,0.0,0.0,0.0,0.0,0.0,0.0,0.0,0.0,0.0,2.0,0.0,0.0,0.0,0.0,0.0,0.0,0.0
2025,7,FA,TE,TEN,David Martin-Robinson,NE,22.0,0.0,0.0,0.0,0.0,0.0,0.0,0.0,0.0,0.0,0.0,0.0,0.0,0.0,0.0,0.0,0.0,0.0
2025,7,FA,WR,NO,Mason Tipton,@CHI,25.0,0.0,0.0,0.0,0.0,0.0,0.0,0.0,0.0,0.0,1.0,0.0,0.0,0.0,0.0,0.0,0.0,0.0
2025,7,FA,WR,CAR,Brycen Tremayne,@NYJ,17.0,0.0,0.0,0.0,0.0,0.0,0.0,0.0,0.0,0.0,0.0,0.0,0.0,0.0,0.0,0.0,0.0,0.0
2025,7,FA,TE,TEN,Chigoziem Okonkwo,NE,22.0,0.0,0.0,0.0,0.0,0.0,0.0,0.0,0.0,0.0,2.0,0.0,0.0,0.0,0.0,0.0,0.0,0.0
2025,7,FA,WR,MIN,Myles Price,PHI,20.0,0.0,0.0,0.0,0.0,0.0,0.0,0.0,0.0,0.0,0.0,0.0,0.0,0.0,0.0,0.0,0.0,0.0
2025,7,FA,WR,ATL,Jamal Agnew,@SF,9.0,0.0,0.0,0.0,0.0,0.0,0.0,0.0,0.0,0.0,0.0,0.0,0.0,0.0,0.0,0.0,0.0,0.0
2025,7,FA,WR,DEN,Trent Sherfield,NYG,30.0,0.0,0.0,0.0,0.0,0.0,0.0,0.0,0.0,0.0,0.0,0.0,0.0,0.0,0.0,0.0,0.0,0.0
2025,7,FA,WR,CHI,Devin Duvernay,NO,15.0,0.0,0.0,0.0,0.0,0.0,0.0,0.0,0.0,0.0,0.0,0.0,0.0,0.0,0.0,0.0,0.0,0.0
2025,7,FA,TE,NYJ,Jeremy Ruckert,CAR,29.0,0.0,0.0,0.0,0.0,0.0,0.0,0.0,0.0,0.0,1.0,0.0,0.0,0.0,0.0,0.0,0.0,0.0
2025,7,FA,WR,NYG,Lil'Jordan Humphrey,@DEN,1.0,0.0,0.0,0.0,0.0,0.0,0.0,0.0,0.0,0.0,2.0,0.0,0.0,0.0,0.0,0.0,0.0,0.0
2025,7,FA,TE,ATL,Teagan Quitoriano,@SF,15.0,0.0,0.0,0.0,0.0,0.0,0.0,0.0,0.0,0.0,0.0,0.0,0.0,0.0,0.0,0.0,0.0,0.0
2025,7,FA,WR,PHI,Jahan Dotson,@MIN,6.0,0.0,0.0,0.0,0.0,0.0,0.0,0.0,0.0,0.0,0.0,0.0,0.0,0.0,0.0,0.0,0.0,0.0
2025,7,FA,TE,NYG,Chris Manhertz,@DEN,14.0,0.0,0.0,0.0,0.0,0.0,0.0,0.0,0.0,0.0,0.0,0.0,0.0,0.0,0.0,0.0,0.0,0.0
2025,7,FA,WR,LV,Shedrick Jackson,@KC,4.0,0.0,0.0,0.0,0.0,0.0,0.0,0.0,0.0,0.0,0.0,0.0,0.0,0.0,0.0,0.0,0.0,0.0
2025,7,FA,TE,NO,Foster Moreau,@CHI,12.0,0.0,0.0,0.0,0.0,0.0,0.0,0.0,0.0,0.0,0.0,0.0,0.0,0.0,0.0,0.0,0.0,0.0
2025,7,FA,TE,NYJ,Stone Smartt,CAR,29.0,0.0,0.0,0.0,0.0,0.0,0.0,0.0,0.0,0.0,0.0,0.0,0.0,0.0,0.0,0.0,0.0,0.0
2025,7,FA,TE,PIT,Connor Heyward,@CIN,32.0,0.0,0.0,0.0,0.0,0.0,0.0,0.0,0.0,0.0,1.0,0.0,0.0,0.0,0.0,0.0,0.0,0.0
2025,7,FA,RB,GB,Christopher Brooks,@ARI,21.0,0.0,0.0,0.0,0.0,0.0,0.0,0.0,0.0,0.0,1.0,0.0,0.0,0.0,0.0,0.0,0.0,0.0
2025,7,FA,WR,NE,Efton Chism,@TEN,22.0,0.0,0.0,0.0,0.0,0.0,0.0,0.0,0.0,0.0,0.0,0.0,0.0,0.0,0.0,0.0,0.0,0.0
2025,7,FA,TE,DET,Ross Dwelley,TB,17.0,0.0,0.0,0.0,0.0,0.0,0.0,0.0,0.0,0.0,0.0,0.0,0.0,0.0,0.0,0.0,0.0,0.0
2025,7,FA,RB,LAR,Ronnie Rivers,@JAC,8.0,0.0,0.0,0.0,0.0,0.0,0.0,0.0,0.0,0.0,0.0,0.0,0.0,0.0,0.0,0.0,0.0,0.0
2025,7,FA,WR,DAL,Ryan Flournoy,WAS,23.0,0.0,0.0,0.0,0.0,0.0,0.0,0.0,0.0,0.0,0.0,0.0,0.0,0.0,0.0,0.0,0.0,0.0
2025,7,FA,TE,CAR,Tommy Tremble,@NYJ,23.0,0.0,0.0,0.0,0.0,0.0,0.0,0.0,0.0,0.0,1.0,1.0,0.0,0.0,0.0,0.0,0.0,0.0
2025,7,FA,RB,DET,Jacob Saylors,TB,22.0,0.0,0.0,0.0,0.0,0.0,0.0,0.0,0.0,0.0,0.0,0.0,0.0,0.0,0.0,0.0,0.0,0.0
2025,7,FA,RB,MIA,Jaylen Wright,@CLE,1.0,0.0,0.0,0.0,0.0,0.0,0.0,0.0,0.0,0.0,0.0,0.0,0.0,0.0,0.0,0.0,0.0,0.0
2025,7,FA,TE,LAC,Tyler Conklin,IND,28.0,0.0,0.0,0.0,0.0,0.0,0.0,0.0,0.0,0.0,0.0,0.0,0.0,0.0,0.0,0.0,0.0,0.0
2025,7,FA,TE,ATL,Charlie Woerner,@SF,15.0,0.0,0.0,0.0,0.0,0.0,0.0,0.0,0.0,0.0,1.0,0.0,0.0,0.0,0.0,0.0,0.0,0.0
2025,7,FA,WR,IND,Laquon Treadwell,@LAC,5.0,0.0,0.0,0.0,0.0,0.0,0.0,0.0,0.0,0.0,0.0,0.0,0.0,0.0,0.0,0.0,0.0,0.0
2025,7,FA,TE,HOU,Brenden Bates,@SEA,26.0,0.0,0.0,0.0,0.0,0.0,0.0,0.0,0.0,0.0,0.0,0.0,0.0,0.0,0.0,0.0,0.0,0.0
2025,7,FA,TE,ARI,Josiah Deguara,GB,30.0,0.0,0.0,0.0,0.0,0.0,0.0,0.0,0.0,0.0,0.0,0.0,0.0,0.0,0.0,0.0,0.0,0.0
2025,7,FA,WR,NYJ,Arian Smith,CAR,3.0,0.0,0.0,0.0,0.0,0.0,0.0,0.0,0.0,0.0,3.0,1.0,0.0,0.0,0.0,0.0,0.0,0.0
2025,7,FA,WR,NE,Kyle Williams,@TEN,22.0,0.0,0.0,0.0,0.0,0.0,0.0,0.0,0.0,0.0,1.0,0.0,0.0,0.0,0.0,0.0,0.0,0.0
2025,7,FA,WR,CLE,Gage Larvadain,MIA,7.0,0.0,0.0,0.0,0.0,0.0,0.0,0.0,0.0,0.0,1.0,0.0,0.0,0.0,0.0,0.0,0.0,0.0
2025,7,FA,WR,LV,Justin Shorter,@KC,4.0,0.0,0.0,0.0,0.0,0.0,0.0,0.0,0.0,0.0,0.0,0.0,0.0,0.0,0.0,0.0,0.0,0.0
2025,7,FA,TE,TB,Devin Culp,@DET,18.0,0.0,0.0,0.0,0.0,0.0,0.0,0.0,0.0,0.0,0.0,0.0,0.0,0.0,0.0,0.0,0.0,0.0
2025,7,FA,WR,GB,Malik Heath,@ARI,10.0,0.0,0.0,0.0,0.0,0.0,0.0,0.0,0.0,0.0,0.0,0.0,0.0,0.0,0.0,0.0,0.0,0.0
2025,7,FA,TE,MIN,Ben Yurosek,PHI,3.0,0.0,0.0,0.0,0.0,0.0,0.0,0.0,0.0,0.0,0.0,0.0,0.0,0.0,0.0,0.0,0.0,0.0
2025,7,FA,WR,NYJ,Isaiah Williams,CAR,3.0,0.0,0.0,0.0,0.0,0.0,0.0,0.0,0.0,0.0,0.0,0.0,0.0,0.0,0.0,0.0,0.0,0.0
2025,7,FA,WR,ARI,Xavier Weaver,GB,19.0,0.0,0.0,0.0,0.0,0.0,0.0,0.0,0.0,0.0,0.0,0.0,0.0,0.0,0.0,0.0,0.0,0.0
2025,7,FA,RB,CHI,Travis Homer,NO,25.0,0.0,0.0,0.0,0.0,0.0,0.0,0.0,0.0,0.0,0.0,0.0,0.0,0.0,0.0,0.0,0.0,0.0
2025,7,FA,TE,ATL,Feleipe Franks,@SF,15.0,0.0,0.0,0.0,0.0,0.0,0.0,0.0,0.0,0.0,0.0,0.0,0.0,0.0,0.0,0.0,0.0,0.0
2025,7,FA,TE,PHI,Cameron Latu,@MIN,7.0,0.0,0.0,0.0,0.0,0.0,0.0,0.0,0.0,0.0,0.0,0.0,0.0,0.0,0.0,0.0,0.0,0.0
2025,7,FA,TE,KC,Robert Tonyan,LV,6.0,0.0,0.0,0.0,0.0,0.0,0.0,0.0,0.0,0.0,0.0,0.0,0.0,0.0,0.0,0.0,0.0,0.0
2025,7,FA,WR,TB,Kameron Johnson,@DET,27.0,0.0,0.0,0.0,0.0,0.0,0.0,0.0,0.0,0.0,1.0,0.0,0.0,0.0,0.0,0.0,0.0,0.0
2025,7,FA,TE,CAR,Ja'Tavion Sanders,@NYJ,23.0,0.0,0.0,0.0,0.0,0.0,0.0,0.0,0.0,0.0,2.0,0.0,0.0,0.0,0.0,0.0,0.0,0.0
2025,7,FA,RB,IND,DJ Giddens,@LAC,23.0,0.0,0.0,0.0,0.0,0.0,0.0,0.0,0.0,0.0,0.0,0.0,0.0,0.0,0.0,0.0,0.0,0.0
2025,7,FA,RB,CIN,Tahj Brooks,PIT,13.0,0.0,0.0,0.0,0.0,0.0,0.0,0.0,0.0,0.0,0.0,0.0,0.0,0.0,0.0,0.0,0.0,0.0
2025,7,FA,TE,CHI,Durham Smythe,NO,20.0,0.0,0.0,0.0,0.0,0.0,0.0,0.0,0.0,0.0,0.0,0.0,0.0,0.0,0.0,0.0,0.0,0.0
2025,7,FA,RB,HOU,Dare Ogunbowale,@SEA,10.0,0.0,0.0,0.0,0.0,0.0,0.0,0.0,0.0,0.0,1.0,0.0,0.0,0.0,0.0,0.0,0.0,0.0
2025,7,FA,WR,CIN,Mitchell Tinsley,PIT,24.0,0.0,0.0,0.0,0.0,0.0,0.0,0.0,0.0,0.0,0.0,0.0,0.0,0.0,0.0,0.0,0.0,0.0
2025,7,FA,TE,GB,Luke Musgrave,@ARI,27.0,0.0,0.0,0.0,0.0,0.0,0.0,0.0,0.0,0.0,0.0,0.0,0.0,0.0,0.0,0.0,0.0,0.0
2025,7,FA,WR,HOU,Braxton Berrios,@SEA,13.0,0.0,0.0,0.0,0.0,0.0,0.0,0.0,0.0,0.0,3.0,1.0,-1.0,0.0,0.0,0.0,0.0,0.0
2025,7,FA,WR,NYG,Beaux Collins,@DEN,1.0,0.0,0.0,0.0,0.0,0.0,0.0,0.0,0.0,0.0,1.0,0.0,0.0,0.0,0.0,0.0,0.0,0.0
2025,7,FA,TE,LV,Ian Thomas,@KC,4.0,0.0,0.0,0.0,0.0,0.0,0.0,0.0,0.0,0.0,0.0,0.0,0.0,0.0,0.0,0.0,0.0,0.0
2025,7,FA,RB,SEA,George Holani,HOU,12.0,0.0,0.0,0.0,0.0,0.0,0.0,0.0,0.0,0.0,0.0,0.0,0.0,0.0,0.0,0.0,0.0,0.0
2025,7,AFL,RB,CAR,Trevor Etienne,@NYJ,15.0,0.0,0.0,0.0,0.0,0.0,0.0,0.0,0.0,0.0,0.0,0.0,0.0,0.0,0.0,0.0,0.0,0.0
2025,7,FA,RB,DAL,Malik Davis,WAS,19.0,0.0,0.0,0.0,0.0,0.0,0.0,0.0,0.0,0.0,0.0,0.0,0.0,0.0,0.0,0.0,0.0,0.0
2025,7,FA,WR,NYG,Gunner Olszewski,@DEN,1.0,0.0,0.0,0.0,0.0,0.0,0.0,0.0,0.0,0.0,0.0,0.0,0.0,0.0,0.0,0.0,0.0,0.0
2025,7,FA,WR,SEA,Dareke Young,HOU,8.0,0.0,0.0,0.0,0.0,0.0,0.0,0.0,0.0,0.0,0.0,0.0,0.0,0.0,0.0,0.0,0.0,0.0
2025,7,FA,RB,SF,Isaac Guerendo,ATL,18.0,0.0,0.0,0.0,0.0,0.0,0.0,0.0,0.0,0.0,0.0,0.0,0.0,0.0,0.0,0.0,0.0,0.0
2025,7,FA,TE,IND,Andrew Ogletree,@LAC,9.0,0.0,0.0,0.0,0.0,0.0,0.0,0.0,0.0,0.0,0.0,0.0,0.0,0.0,0.0,0.0,0.0,0.0
2025,7,FA,WR,KC,Jalen Royals,LV,28.0,0.0,0.0,0.0,0.0,0.0,0.0,0.0,0.0,0.0,0.0,0.0,0.0,0.0,0.0,0.0,0.0,0.0
2025,7,FA,WR,PIT,Ben Skowronek,@CIN,16.0,0.0,0.0,0.0,0.0,0.0,0.0,0.0,0.0,0.0,0.0,0.0,0.0,0.0,0.0,0.0,0.0,0.0
2025,7,FA,TE,LAC,Will Dissly,IND,28.0,0.0,0.0,0.0,0.0,0.0,0.0,0.0,0.0,0.0,1.0,0.0,0.0,0.0,0.0,0.0,0.0,0.0
2025,7,FA,WR,MIN,Tai Felton,PHI,20.0,0.0,0.0,0.0,0.0,0.0,0.0,0.0,0.0,0.0,0.0,0.0,0.0,0.0,0.0,0.0,0.0,0.0
2025,7,FA,QB,KC,Gardner Minshew,LV,16.0,0.0,0.0,0.0,0.0,0.0,3.0,-3.0,0.0,0.0,0.0,0.0,0.0,0.0,0.0,0.0,0.0,0.0
2025,7,FA,QB,TB,Teddy Bridgewater,@DET,21.0,0.0,0.0,0.0,0.0,0.0,1.0,-1.0,0.0,0.0,0.0,0.0,0.0,0.0,0.0,0.0,0.0,0.0
2025,7,FA,WR,ARI,Simi Fehoko,GB,19.0,0.0,0.0,0.0,0.0,0.0,0.0,0.0,0.0,0.0,0.0,0.0,0.0,0.0,0.0,0.0,0.0,0.0
2025,7,FA,WR,KC,Nikko Remigio,LV,28.0,0.0,0.0,0.0,0.0,0.0,0.0,0.0,0.0,0.0,0.0,0.0,0.0,0.0,0.0,0.0,0.0,0.0
2025,7,FA,TE,WAS,Ben Sinnott,@DAL,13.0,0.0,0.0,0.0,0.0,0.0,0.0,0.0,0.0,0.0,0.0,0.0,0.0,0.0,0.0,0.0,0.0,0.0
2025,7,FA,WR,LAC,Derius Davis,IND,29.0,0.0,0.0,0.0,0.0,0.0,0.0,0.0,0.0,0.0,0.0,0.0,0.0,0.0,0.0,0.0,0.0,0.0
2025,7,FA,WR,NO,Devaughn Vele,@CHI,25.0,0.0,0.0,0.0,0.0,0.0,0.0,0.0,0.0,0.0,0.0,0.0,0.0,0.0,0.0,0.0,0.0,0.0
2025,7,FA,WR,NYG,Jalin Hyatt,@DEN,1.0,0.0,0.0,0.0,0.0,0.0,0.0,0.0,0.0,0.0,1.0,0.0,0.0,0.0,0.0,0.0,0.0,0.0
2025,7,FA,RB,LAC,Nyheim Miller-Hines,IND,6.0,0.0,0.0,0.0,0.0,0.0,0.0,0.0,0.0,0.0,0.0,0.0,0.0,0.0,0.0,0.0,0.0,0.0
2025,7,ELP,WR,DET,Isaac TeSlaa,TB,12.0,0.0,0.0,0.0,0.0,0.0,0.0,0.0,0.0,0.0,1.0,0.0,0.0,0.0,0.0,0.0,0.0,0.0
2025,7,MAM,WR,SEA,Tory Horton,HOU,8.0,0.0,0.0,0.0,0.0,0.0,0.0,0.0,0.0,0.0,3.0,0.0,0.0,0.0,0.0,0.0,0.0,0.0
2025,7,FA,TE,DEN,Adam Trautman,NYG,11.0,0.0,0.0,0.0,0.0,0.0,0.0,0.0,0.0,0.0,0.0,0.0,0.0,0.0,0.0,0.0,0.0,0.0
2025,7,FA,TE,TB,Payne Durham,@DET,18.0,0.0,0.0,0.0,0.0,0.0,0.0,0.0,0.0,0.0,0.0,0.0,0.0,0.0,0.0,0.0,0.0,0.0
2025,7,FA,RB,NYJ,Kene Nwangwu,CAR,9.0,0.0,0.0,0.0,0.0,0.0,0.0,0.0,0.0,0.0,0.0,0.0,0.0,0.0,0.0,0.0,0.0,0.0
2025,7,FA,RB,WAS,Colson Yankoff,@DAL,30.0,0.0,0.0,0.0,0.0,0.0,0.0,0.0,0.0,0.0,0.0,0.0,0.0,0.0,0.0,0.0,0.0,0.0
2025,7,FA,TE,LAC,Tucker Fisk,IND,28.0,0.0,0.0,0.0,0.0,0.0,0.0,0.0,0.0,0.0,0.0,0.0,0.0,0.0,0.0,0.0,0.0,0.0
2025,7,FRR,QB,MIA,Tua Tagovailoa,@CLE,2.0,12.0,23.0,100.0,0.0,3.0,3.0,6.0,0.0,0.0,0.0,0.0,0.0,0.0,0.0,0.0,-1.4,-1.4
2025,7,FA,QB,LV,Kenny Pickett,@KC,11.0,2.0,2.0,8.0,0.0,0.0,1.0,0.0,0.0,0.0,0.0,0.0,0.0,0.0,0.0,1.0,-1.68,-1.68
