SznPlPos,PlPos,SznLgTrf,LgTrf,Season,TrfLg,TrfTm,NominationOrder,Player,PlayerID,Pos,NFL,Salary,BidHistory
2025_GenoSmith_QB,GenoSmith_QB,2025_KERFUFFLE_CPC,KERFUFFLE_CPC,2025.0,KERFUFFLE,CPC,4.0,Geno Smith,1700358.0,QB,NYJ,48.0,"[{""Team"": ""DDD"", ""Bid"": 1.0}, {""Team"": ""PCP"", ""Bid"": 2.0}, {""Team"": ""DDD"", ""Bid"": 3.0}, {""Team"": ""RR"", ""Bid"": 4.0}, {""Team"": ""MB"", ""Bid"": 10.0}, {""Team"": ""ABT"", ""Bid"": 25.0}, {""Team"": ""DDD"", ""Bid"": 26.0}, {""Team"": ""RR"", ""Bid"": 27.0}, {""Team"": ""PP"", ""Bid"": 28.0}, {""Team"": ""DDD"", ""Bid"": 29.0}, {""Team"": ""PP"", ""Bid"": 30.0}, {""Team"": ""MB"", ""Bid"": 35.0}, {""Team"": ""DDD"", ""Bid"": 36.0}, {""Team"": ""MB"", ""Bid"": 37.0}, {""Team"": ""CPC"", ""Bid"": 40.0}, {""Team"": ""PP"", ""Bid"": 41.0}, {""Team"": ""CPC"", ""Bid"": 42.0}, {""Team"": ""MB"", ""Bid"": 43.0}, {""Team"": ""CPC"", ""Bid"": 44.0}, {""Team"": ""DDD"", ""Bid"": 45.0}, {""Team"": ""CPC"", ""Bid"": 46.0}, {""Team"": ""PP"", ""Bid"": 47.0}, {""Team"": ""CPC"", ""Bid"": 48.0}]"
2025_KyrenWilliams_RB,KyrenWilliams_RB,2025_KERFUFFLE_LBC,KERFUFFLE_LBC,2025.0,KERFUFFLE,LBC,5.0,Kyren Williams,3121836.0,RB,LAR,84.0,"[{""Team"": ""RR"", ""Bid"": 1.0}, {""Team"": ""LBC"", ""Bid"": 2.0}, {""Team"": ""PP"", ""Bid"": 40.0}, {""Team"": ""LBC"", ""Bid"": 41.0}, {""Team"": ""CLC"", ""Bid"": 42.0}, {""Team"": ""LC"", ""Bid"": 43.0}, {""Team"": ""CLC"", ""Bid"": 44.0}, {""Team"": ""LC"", ""Bid"": 45.0}, {""Team"": ""CLC"", ""Bid"": 46.0}, {""Team"": ""PP"", ""Bid"": 60.0}, {""Team"": ""CLC"", ""Bid"": 61.0}, {""Team"": ""PP"", ""Bid"": 62.0}, {""Team"": ""RR"", ""Bid"": 63.0}, {""Team"": ""PP"", ""Bid"": 64.0}, {""Team"": ""CLC"", ""Bid"": 65.0}, {""Team"": ""LBC"", ""Bid"": 66.0}, {""Team"": ""CLC"", ""Bid"": 67.0}, {""Team"": ""PP"", ""Bid"": 68.0}, {""Team"": ""RR"", ""Bid"": 69.0}, {""Team"": ""PP"", ""Bid"": 70.0}, {""Team"": ""LBC"", ""Bid"": 71.0}, {""Team"": ""CLC"", ""Bid"": 72.0}, {""Team"": ""LBC"", ""Bid"": 73.0}, {""Team"": ""PP"", ""Bid"": 74.0}, {""Team"": ""LBC"", ""Bid"": 75.0}, {""Team"": ""PP"", ""Bid"": 76.0}, {""Team"": ""CLC"", ""Bid"": 77.0}, {""Team"": ""LBC"", ""Bid"": 78.0}, {""Team"": ""PP"", ""Bid"": 79.0}, {""Team"": ""LBC"", ""Bid"": 80.0}, {""Team"": ""PP"", ""Bid"": 81.0}, {""Team"": ""LBC"", ""Bid"": 82.0}, {""Team"": ""PP"", ""Bid"": 83.0}, {""Team"": ""LBC"", ""Bid"": 84.0}]"
2025_KennethWalker_RB,KennethWalker_RB,2025_KERFUFFLE_RR,KERFUFFLE_RR,2025.0,KERFUFFLE,RR,6.0,Kenneth Walker,3121372.0,RB,KC,66.0,"[{""Team"": ""CLC"", ""Bid"": 1.0}, {""Team"": ""LBC"", ""Bid"": 2.0}, {""Team"": ""PP"", ""Bid"": 25.0}, {""Team"": ""CLC"", ""Bid"": 26.0}, {""Team"": ""LBC"", ""Bid"": 27.0}, {""Team"": ""PP"", ""Bid"": 40.0}, {""Team"": ""CLC"", ""Bid"": 41.0}, {""Team"": ""MB"", ""Bid"": 45.0}, {""Team"": ""CLC"", ""Bid"": 46.0}, {""Team"": ""MB"", ""Bid"": 47.0}, {""Team"": ""CLC"", ""Bid"": 48.0}, {""Team"": ""MB"", ""Bid"": 49.0}, {""Team"": ""CLC"", ""Bid"": 50.0}, {""Team"": ""MB"", ""Bid"": 51.0}, {""Team"": ""CLC"", ""Bid"": 52.0}, {""Team"": ""LC"", ""Bid"": 53.0}, {""Team"": ""MB"", ""Bid"": 54.0}, {""Team"": ""DDD"", ""Bid"": 55.0}, {""Team"": ""MB"", ""Bid"": 56.0}, {""Team"": ""RR"", ""Bid"": 57.0}, {""Team"": ""PP"", ""Bid"": 58.0}, {""Team"": ""CLC"", ""Bid"": 59.0}, {""Team"": ""PP"", ""Bid"": 60.0}, {""Team"": ""CLC"", ""Bid"": 61.0}, {""Team"": ""RR"", ""Bid"": 62.0}, {""Team"": ""CLC"", ""Bid"": 63.0}, {""Team"": ""RR"", ""Bid"": 64.0}, {""Team"": ""CLC"", ""Bid"": 65.0}, {""Team"": ""RR"", ""Bid"": 66.0}]"
2025_TyreekHill_WR,TyreekHill_WR,2025_KERFUFFLE_PP,KERFUFFLE_PP,2025.0,KERFUFFLE,PP,7.0,Tyreek Hill,2131163.0,WR,MIA,54.0,"[{""Team"": ""CPC"", ""Bid"": 1.0}, {""Team"": ""MB"", ""Bid"": 15.0}, {""Team"": ""ABT"", ""Bid"": 25.0}, {""Team"": ""MB"", ""Bid"": 26.0}, {""Team"": ""PP"", ""Bid"": 35.0}, {""Team"": ""MB"", ""Bid"": 36.0}, {""Team"": ""PP"", ""Bid"": 37.0}, {""Team"": ""DDD"", ""Bid"": 38.0}, {""Team"": ""PP"", ""Bid"": 39.0}, {""Team"": ""DDD"", ""Bid"": 40.0}, {""Team"": ""PP"", ""Bid"": 41.0}, {""Team"": ""DDD"", ""Bid"": 42.0}, {""Team"": ""PP"", ""Bid"": 43.0}, {""Team"": ""DDD"", ""Bid"": 44.0}, {""Team"": ""PP"", ""Bid"": 45.0}, {""Team"": ""DDD"", ""Bid"": 46.0}, {""Team"": ""MB"", ""Bid"": 47.0}, {""Team"": ""PP"", ""Bid"": 48.0}, {""Team"": ""MB"", ""Bid"": 49.0}, {""Team"": ""PP"", ""Bid"": 50.0}, {""Team"": ""MB"", ""Bid"": 51.0}, {""Team"": ""PP"", ""Bid"": 52.0}, {""Team"": ""DDD"", ""Bid"": 53.0}, {""Team"": ""PP"", ""Bid"": 54.0}]"
2025_AustinEkeler_RB,AustinEkeler_RB,2025_KERFUFFLE_DDD,KERFUFFLE_DDD,2025.0,KERFUFFLE,DDD,8.0,Austin Ekeler,2820090.0,RB,WAS,28.0,"[{""Team"": ""NBB"", ""Bid"": 1.0}, {""Team"": ""ABT"", ""Bid"": 25.0}, {""Team"": ""CLC"", ""Bid"": 26.0}, {""Team"": ""PCP"", ""Bid"": 27.0}, {""Team"": ""DDD"", ""Bid"": 28.0}]"
2025_AlvinKamara_RB,AlvinKamara_RB,2025_KERFUFFLE_CLC,KERFUFFLE_CLC,2025.0,KERFUFFLE,CLC,9.0,Alvin Kamara,2082721.0,RB,NO,62.0,"[{""Team"": ""LBC"", ""Bid"": 1.0}, {""Team"": ""PCP"", ""Bid"": 2.0}, {""Team"": ""LC"", ""Bid"": 3.0}, {""Team"": ""ABT"", ""Bid"": 25.0}, {""Team"": ""PCP"", ""Bid"": 26.0}, {""Team"": ""LC"", ""Bid"": 27.0}, {""Team"": ""PCP"", ""Bid"": 28.0}, {""Team"": ""LC"", ""Bid"": 29.0}, {""Team"": ""CLC"", ""Bid"": 30.0}, {""Team"": ""LC"", ""Bid"": 31.0}, {""Team"": ""CLC"", ""Bid"": 32.0}, {""Team"": ""PP"", ""Bid"": 33.0}, {""Team"": ""LC"", ""Bid"": 34.0}, {""Team"": ""PP"", ""Bid"": 35.0}, {""Team"": ""CLC"", ""Bid"": 36.0}, {""Team"": ""MB"", ""Bid"": 37.0}, {""Team"": ""CLC"", ""Bid"": 38.0}, {""Team"": ""MB"", ""Bid"": 39.0}, {""Team"": ""LC"", ""Bid"": 40.0}, {""Team"": ""CLC"", ""Bid"": 41.0}, {""Team"": ""MB"", ""Bid"": 42.0}, {""Team"": ""LC"", ""Bid"": 43.0}, {""Team"": ""PCP"", ""Bid"": 44.0}, {""Team"": ""LC"", ""Bid"": 45.0}, {""Team"": ""PCP"", ""Bid"": 46.0}, {""Team"": ""LC"", ""Bid"": 47.0}, {""Team"": ""PCP"", ""Bid"": 48.0}, {""Team"": ""LC"", ""Bid"": 49.0}, {""Team"": ""PCP"", ""Bid"": 50.0}, {""Team"": ""LC"", ""Bid"": 51.0}, {""Team"": ""CLC"", ""Bid"": 52.0}, {""Team"": ""LC"", ""Bid"": 53.0}, {""Team"": ""CLC"", ""Bid"": 54.0}, {""Team"": ""LC"", ""Bid"": 55.0}, {""Team"": ""CLC"", ""Bid"": 56.0}, {""Team"": ""LC"", ""Bid"": 57.0}, {""Team"": ""CLC"", ""Bid"": 58.0}, {""Team"": ""LC"", ""Bid"": 59.0}, {""Team"": ""CLC"", ""Bid"": 60.0}, {""Team"": ""LC"", ""Bid"": 61.0}, {""Team"": ""CLC"", ""Bid"": 62.0}]"
2025_JacoryCroskey-Merritt_RB,JacoryCroskey-Merritt_RB,2025_KERFUFFLE_MB,KERFUFFLE_MB,2025.0,KERFUFFLE,MB,10.0,Jacory Croskey-Merritt,3126952.0,RB,WAS,34.0,"[{""Team"": ""ABT"", ""Bid"": 1.0}, {""Team"": ""PP"", ""Bid"": 15.0}, {""Team"": ""ABT"", ""Bid"": 16.0}, {""Team"": ""LBC"", ""Bid"": 17.0}, {""Team"": ""PP"", ""Bid"": 18.0}, {""Team"": ""CLC"", ""Bid"": 19.0}, {""Team"": ""ABT"", ""Bid"": 20.0}, {""Team"": ""CLC"", ""Bid"": 21.0}, {""Team"": ""NBB"", ""Bid"": 22.0}, {""Team"": ""DDD"", ""Bid"": 23.0}, {""Team"": ""LC"", ""Bid"": 24.0}, {""Team"": ""DDD"", ""Bid"": 25.0}, {""Team"": ""CLC"", ""Bid"": 26.0}, {""Team"": ""LC"", ""Bid"": 27.0}, {""Team"": ""LBC"", ""Bid"": 28.0}, {""Team"": ""DDD"", ""Bid"": 29.0}, {""Team"": ""LC"", ""Bid"": 30.0}, {""Team"": ""CLC"", ""Bid"": 31.0}, {""Team"": ""DDD"", ""Bid"": 32.0}, {""Team"": ""LC"", ""Bid"": 33.0}, {""Team"": ""MB"", ""Bid"": 34.0}]"
2025_OllieGordon_RB,OllieGordon_RB,2025_KERFUFFLE_CLC,KERFUFFLE_CLC,2025.0,KERFUFFLE,CLC,11.0,Ollie Gordon,28873887.0,RB,MIA,18.0,"[{""Team"": ""PCP"", ""Bid"": 1.0}, {""Team"": ""CLC"", ""Bid"": 2.0}, {""Team"": ""NBB"", ""Bid"": 3.0}, {""Team"": ""DDD"", ""Bid"": 4.0}, {""Team"": ""LC"", ""Bid"": 5.0}, {""Team"": ""DDD"", ""Bid"": 6.0}, {""Team"": ""LC"", ""Bid"": 7.0}, {""Team"": ""DDD"", ""Bid"": 8.0}, {""Team"": ""LC"", ""Bid"": 9.0}, {""Team"": ""DDD"", ""Bid"": 10.0}, {""Team"": ""NBB"", ""Bid"": 11.0}, {""Team"": ""DDD"", ""Bid"": 12.0}, {""Team"": ""NBB"", ""Bid"": 13.0}, {""Team"": ""CLC"", ""Bid"": 14.0}, {""Team"": ""DDD"", ""Bid"": 15.0}, {""Team"": ""LC"", ""Bid"": 16.0}, {""Team"": ""DDD"", ""Bid"": 17.0}, {""Team"": ""CLC"", ""Bid"": 18.0}]"
2025_JoeMixon_RB,JoeMixon_RB,2025_KERFUFFLE_LC,KERFUFFLE_LC,2025.0,KERFUFFLE,LC,12.0,Joe Mixon,2131143.0,RB,HOU,46.0,"[{""Team"": ""PP"", ""Bid"": 1.0}, {""Team"": ""ABT"", ""Bid"": 25.0}, {""Team"": ""LC"", ""Bid"": 26.0}, {""Team"": ""PCP"", ""Bid"": 27.0}, {""Team"": ""LC"", ""Bid"": 28.0}, {""Team"": ""PCP"", ""Bid"": 29.0}, {""Team"": ""LC"", ""Bid"": 30.0}, {""Team"": ""PCP"", ""Bid"": 31.0}, {""Team"": ""LC"", ""Bid"": 32.0}, {""Team"": ""PCP"", ""Bid"": 33.0}, {""Team"": ""LC"", ""Bid"": 34.0}, {""Team"": ""PCP"", ""Bid"": 35.0}, {""Team"": ""LC"", ""Bid"": 36.0}, {""Team"": ""PCP"", ""Bid"": 37.0}, {""Team"": ""LC"", ""Bid"": 38.0}, {""Team"": ""PCP"", ""Bid"": 39.0}, {""Team"": ""LC"", ""Bid"": 40.0}, {""Team"": ""PCP"", ""Bid"": 41.0}, {""Team"": ""LC"", ""Bid"": 42.0}, {""Team"": ""PCP"", ""Bid"": 43.0}, {""Team"": ""LC"", ""Bid"": 44.0}, {""Team"": ""PCP"", ""Bid"": 45.0}, {""Team"": ""LC"", ""Bid"": 46.0}]"
2025_TravisKelce_TE,TravisKelce_TE,2025_KERFUFFLE_PP,KERFUFFLE_PP,2025.0,KERFUFFLE,PP,13.0,Travis Kelce,1725130.0,TE,KC,24.0,"[{""Team"": ""SBS"", ""Bid"": 1.0}, {""Team"": ""PP"", ""Bid"": 2.0}, {""Team"": ""CLC"", ""Bid"": 3.0}, {""Team"": ""PP"", ""Bid"": 4.0}, {""Team"": ""CLC"", ""Bid"": 5.0}, {""Team"": ""PP"", ""Bid"": 6.0}, {""Team"": ""CLC"", ""Bid"": 7.0}, {""Team"": ""PP"", ""Bid"": 8.0}, {""Team"": ""CLC"", ""Bid"": 9.0}, {""Team"": ""PP"", ""Bid"": 10.0}, {""Team"": ""CLC"", ""Bid"": 11.0}, {""Team"": ""PP"", ""Bid"": 12.0}, {""Team"": ""CLC"", ""Bid"": 13.0}, {""Team"": ""PP"", ""Bid"": 14.0}, {""Team"": ""CLC"", ""Bid"": 15.0}, {""Team"": ""PP"", ""Bid"": 16.0}, {""Team"": ""CLC"", ""Bid"": 17.0}, {""Team"": ""PP"", ""Bid"": 18.0}, {""Team"": ""CLC"", ""Bid"": 19.0}, {""Team"": ""PP"", ""Bid"": 20.0}, {""Team"": ""CLC"", ""Bid"": 21.0}, {""Team"": ""PP"", ""Bid"": 22.0}, {""Team"": ""CLC"", ""Bid"": 23.0}, {""Team"": ""PP"", ""Bid"": 24.0}]"
2025_TuaTagovailoa_QB,TuaTagovailoa_QB,2025_KERFUFFLE_RR,KERFUFFLE_RR,2025.0,KERFUFFLE,RR,14.0,Tua Tagovailoa,2741209.0,QB,ATL,41.0,"[{""Team"": ""LC"", ""Bid"": 1.0}, {""Team"": ""RR"", ""Bid"": 2.0}, {""Team"": ""ABT"", ""Bid"": 3.0}, {""Team"": ""MB"", ""Bid"": 4.0}, {""Team"": ""RR"", ""Bid"": 5.0}, {""Team"": ""PP"", ""Bid"": 20.0}, {""Team"": ""RR"", ""Bid"": 21.0}, {""Team"": ""DDD"", ""Bid"": 22.0}, {""Team"": ""RR"", ""Bid"": 23.0}, {""Team"": ""CPC"", ""Bid"": 24.0}, {""Team"": ""RR"", ""Bid"": 25.0}, {""Team"": ""PP"", ""Bid"": 30.0}, {""Team"": ""RR"", ""Bid"": 31.0}, {""Team"": ""PP"", ""Bid"": 32.0}, {""Team"": ""RR"", ""Bid"": 33.0}, {""Team"": ""PP"", ""Bid"": 34.0}, {""Team"": ""RR"", ""Bid"": 35.0}, {""Team"": ""PP"", ""Bid"": 36.0}, {""Team"": ""RR"", ""Bid"": 37.0}, {""Team"": ""PP"", ""Bid"": 38.0}, {""Team"": ""RR"", ""Bid"": 39.0}, {""Team"": ""PP"", ""Bid"": 40.0}, {""Team"": ""RR"", ""Bid"": 41.0}]"
2025_TravisEtienne_RB,TravisEtienne_RB,2025_KERFUFFLE_LBC,KERFUFFLE_LBC,2025.0,KERFUFFLE,LBC,15.0,Travis Etienne,2809206.0,RB,NO,34.0,"[{""Team"": ""MB"", ""Bid"": 1.0}, {""Team"": ""LC"", ""Bid"": 2.0}, {""Team"": ""LBC"", ""Bid"": 3.0}, {""Team"": ""CLC"", ""Bid"": 4.0}, {""Team"": ""LBC"", ""Bid"": 5.0}, {""Team"": ""NBB"", ""Bid"": 6.0}, {""Team"": ""LBC"", ""Bid"": 7.0}, {""Team"": ""ABT"", ""Bid"": 8.0}, {""Team"": ""LC"", ""Bid"": 9.0}, {""Team"": ""LBC"", ""Bid"": 10.0}, {""Team"": ""LC"", ""Bid"": 11.0}, {""Team"": ""NBB"", ""Bid"": 12.0}, {""Team"": ""ABT"", ""Bid"": 13.0}, {""Team"": ""RR"", ""Bid"": 14.0}, {""Team"": ""ABT"", ""Bid"": 15.0}, {""Team"": ""LC"", ""Bid"": 16.0}, {""Team"": ""DDD"", ""Bid"": 17.0}, {""Team"": ""LBC"", ""Bid"": 18.0}, {""Team"": ""ABT"", ""Bid"": 19.0}, {""Team"": ""LBC"", ""Bid"": 20.0}, {""Team"": ""ABT"", ""Bid"": 21.0}, {""Team"": ""DDD"", ""Bid"": 22.0}, {""Team"": ""LBC"", ""Bid"": 23.0}, {""Team"": ""ABT"", ""Bid"": 24.0}, {""Team"": ""PCP"", ""Bid"": 25.0}, {""Team"": ""LBC"", ""Bid"": 26.0}, {""Team"": ""PCP"", ""Bid"": 27.0}, {""Team"": ""LBC"", ""Bid"": 28.0}, {""Team"": ""PCP"", ""Bid"": 29.0}, {""Team"": ""LBC"", ""Bid"": 30.0}, {""Team"": ""PCP"", ""Bid"": 31.0}, {""Team"": ""LBC"", ""Bid"": 32.0}, {""Team"": ""PCP"", ""Bid"": 33.0}, {""Team"": ""LBC"", ""Bid"": 34.0}]"
2025_JoeFlacco_QB,JoeFlacco_QB,2025_KERFUFFLE_MB,KERFUFFLE_MB,2025.0,KERFUFFLE,MB,16.0,Joe Flacco,1250697.0,QB,CIN,26.0,"[{""Team"": ""DDD"", ""Bid"": 1.0}, {""Team"": ""CPC"", ""Bid"": 2.0}, {""Team"": ""CLC"", ""Bid"": 3.0}, {""Team"": ""DDD"", ""Bid"": 4.0}, {""Team"": ""CLC"", ""Bid"": 5.0}, {""Team"": ""DDD"", ""Bid"": 6.0}, {""Team"": ""PP"", ""Bid"": 7.0}, {""Team"": ""DDD"", ""Bid"": 8.0}, {""Team"": ""PP"", ""Bid"": 9.0}, {""Team"": ""DDD"", ""Bid"": 10.0}, {""Team"": ""PP"", ""Bid"": 11.0}, {""Team"": ""DDD"", ""Bid"": 12.0}, {""Team"": ""PP"", ""Bid"": 13.0}, {""Team"": ""DDD"", ""Bid"": 14.0}, {""Team"": ""PP"", ""Bid"": 15.0}, {""Team"": ""MB"", ""Bid"": 16.0}, {""Team"": ""PP"", ""Bid"": 17.0}, {""Team"": ""MB"", ""Bid"": 18.0}, {""Team"": ""PP"", ""Bid"": 19.0}, {""Team"": ""MB"", ""Bid"": 20.0}, {""Team"": ""PP"", ""Bid"": 21.0}, {""Team"": ""MB"", ""Bid"": 22.0}, {""Team"": ""PP"", ""Bid"": 23.0}, {""Team"": ""MB"", ""Bid"": 24.0}, {""Team"": ""PP"", ""Bid"": 25.0}, {""Team"": ""MB"", ""Bid"": 26.0}]"
2025_NickChubb_RB,NickChubb_RB,2025_KERFUFFLE_PCP,KERFUFFLE_PCP,2025.0,KERFUFFLE,PCP,17.0,Nick Chubb,2131579.0,RB,HOU,26.0,"[{""Team"": ""RR"", ""Bid"": 1.0}, {""Team"": ""CPC"", ""Bid"": 2.0}, {""Team"": ""ABT"", ""Bid"": 3.0}, {""Team"": ""DDD"", ""Bid"": 4.0}, {""Team"": ""ABT"", ""Bid"": 5.0}, {""Team"": ""PCP"", ""Bid"": 6.0}, {""Team"": ""CPC"", ""Bid"": 7.0}, {""Team"": ""ABT"", ""Bid"": 8.0}, {""Team"": ""PP"", ""Bid"": 9.0}, {""Team"": ""CPC"", ""Bid"": 10.0}, {""Team"": ""ABT"", ""Bid"": 11.0}, {""Team"": ""PP"", ""Bid"": 12.0}, {""Team"": ""PCP"", ""Bid"": 13.0}, {""Team"": ""ABT"", ""Bid"": 14.0}, {""Team"": ""PP"", ""Bid"": 15.0}, {""Team"": ""PCP"", ""Bid"": 16.0}, {""Team"": ""CPC"", ""Bid"": 17.0}, {""Team"": ""ABT"", ""Bid"": 18.0}, {""Team"": ""PCP"", ""Bid"": 19.0}, {""Team"": ""ABT"", ""Bid"": 20.0}, {""Team"": ""NBB"", ""Bid"": 21.0}, {""Team"": ""ABT"", ""Bid"": 22.0}, {""Team"": ""NBB"", ""Bid"": 23.0}, {""Team"": ""PCP"", ""Bid"": 24.0}, {""Team"": ""ABT"", ""Bid"": 25.0}, {""Team"": ""PCP"", ""Bid"": 26.0}]"
2025_Bills_DST,Bills_DST,2025_KERFUFFLE_CLC,KERFUFFLE_CLC,2025.0,KERFUFFLE,CLC,18.0,Bills,1904.0,DST,BUF,3.0,"[{""Team"": ""CLC"", ""Bid"": 1.0}, {""Team"": ""NBB"", ""Bid"": 2.0}, {""Team"": ""CLC"", ""Bid"": 3.0}]"
2025_NajeeHarris_RB,NajeeHarris_RB,2025_KERFUFFLE_NBB,KERFUFFLE_NBB,2025.0,KERFUFFLE,NBB,19.0,Najee Harris,2741200.0,RB,NYG,17.0,"[{""Team"": ""CPC"", ""Bid"": 1.0}, {""Team"": ""RR"", ""Bid"": 2.0}, {""Team"": ""DDD"", ""Bid"": 3.0}, {""Team"": ""ABT"", ""Bid"": 4.0}, {""Team"": ""RR"", ""Bid"": 5.0}, {""Team"": ""ABT"", ""Bid"": 6.0}, {""Team"": ""RR"", ""Bid"": 7.0}, {""Team"": ""PP"", ""Bid"": 8.0}, {""Team"": ""RR"", ""Bid"": 9.0}, {""Team"": ""PP"", ""Bid"": 10.0}, {""Team"": ""RR"", ""Bid"": 11.0}, {""Team"": ""PP"", ""Bid"": 12.0}, {""Team"": ""RR"", ""Bid"": 13.0}, {""Team"": ""PP"", ""Bid"": 14.0}, {""Team"": ""RR"", ""Bid"": 15.0}, {""Team"": ""PP"", ""Bid"": 16.0}, {""Team"": ""NBB"", ""Bid"": 17.0}]"
2025_KeenanAllen_WR,KeenanAllen_WR,2025_KERFUFFLE_DDD,KERFUFFLE_DDD,2025.0,KERFUFFLE,DDD,20.0,Keenan Allen,1737096.0,WR,IND,16.0,"[{""Team"": ""ABT"", ""Bid"": 1.0}, {""Team"": ""DDD"", ""Bid"": 2.0}, {""Team"": ""ABT"", ""Bid"": 3.0}, {""Team"": ""DDD"", ""Bid"": 4.0}, {""Team"": ""PP"", ""Bid"": 5.0}, {""Team"": ""DDD"", ""Bid"": 6.0}, {""Team"": ""PP"", ""Bid"": 7.0}, {""Team"": ""DDD"", ""Bid"": 8.0}, {""Team"": ""PP"", ""Bid"": 9.0}, {""Team"": ""DDD"", ""Bid"": 10.0}, {""Team"": ""PP"", ""Bid"": 11.0}, {""Team"": ""DDD"", ""Bid"": 12.0}, {""Team"": ""PP"", ""Bid"": 13.0}, {""Team"": ""DDD"", ""Bid"": 14.0}, {""Team"": ""PP"", ""Bid"": 15.0}, {""Team"": ""DDD"", ""Bid"": 16.0}]"
2025_RachaadWhite_RB,RachaadWhite_RB,2025_KERFUFFLE_ABT,KERFUFFLE_ABT,2025.0,KERFUFFLE,ABT,21.0,Rachaad White,3169147.0,RB,WAS,13.0,"[{""Team"": ""PP"", ""Bid"": 1.0}, {""Team"": ""ABT"", ""Bid"": 2.0}, {""Team"": ""RR"", ""Bid"": 3.0}, {""Team"": ""ABT"", ""Bid"": 4.0}, {""Team"": ""RR"", ""Bid"": 5.0}, {""Team"": ""ABT"", ""Bid"": 6.0}, {""Team"": ""RR"", ""Bid"": 7.0}, {""Team"": ""ABT"", ""Bid"": 8.0}, {""Team"": ""RR"", ""Bid"": 9.0}, {""Team"": ""CLC"", ""Bid"": 10.0}, {""Team"": ""ABT"", ""Bid"": 11.0}, {""Team"": ""CLC"", ""Bid"": 12.0}, {""Team"": ""ABT"", ""Bid"": 13.0}]"
2025_CalvinAustin_WR,CalvinAustin_WR,2025_KERFUFFLE_ABT,KERFUFFLE_ABT,2025.0,KERFUFFLE,ABT,22.0,Calvin Austin,2866214.0,WR,NYG,10.0,"[{""Team"": ""SBS"", ""Bid"": 1.0}, {""Team"": ""DDD"", ""Bid"": 2.0}, {""Team"": ""ABT"", ""Bid"": 3.0}, {""Team"": ""DDD"", ""Bid"": 4.0}, {""Team"": ""PP"", ""Bid"": 5.0}, {""Team"": ""DDD"", ""Bid"": 6.0}, {""Team"": ""PP"", ""Bid"": 7.0}, {""Team"": ""DDD"", ""Bid"": 8.0}, {""Team"": ""PP"", ""Bid"": 9.0}, {""Team"": ""ABT"", ""Bid"": 10.0}]"
2025_KendreMiller_RB,KendreMiller_RB,2025_KERFUFFLE_DDD,KERFUFFLE_DDD,2025.0,KERFUFFLE,DDD,23.0,Kendre Miller,3162256.0,RB,NO,10.0,"[{""Team"": ""LC"", ""Bid"": 1.0}, {""Team"": ""DDD"", ""Bid"": 2.0}, {""Team"": ""PP"", ""Bid"": 3.0}, {""Team"": ""DDD"", ""Bid"": 4.0}, {""Team"": ""PP"", ""Bid"": 5.0}, {""Team"": ""DDD"", ""Bid"": 6.0}, {""Team"": ""PP"", ""Bid"": 7.0}, {""Team"": ""DDD"", ""Bid"": 8.0}, {""Team"": ""PP"", ""Bid"": 9.0}, {""Team"": ""DDD"", ""Bid"": 10.0}]"
2025_TylerHigbee_TE,TylerHigbee_TE,2025_KERFUFFLE_MB,KERFUFFLE_MB,2025.0,KERFUFFLE,MB,24.0,Tyler Higbee,1853103.0,TE,LAR,3.0,"[{""Team"": ""MB"", ""Bid"": 1.0}, {""Team"": ""LC"", ""Bid"": 2.0}, {""Team"": ""MB"", ""Bid"": 3.0}]"
2025_AdamThielen_WR,AdamThielen_WR,2025_KERFUFFLE_DDD,KERFUFFLE_DDD,2025.0,KERFUFFLE,DDD,25.0,Adam Thielen,2059362.0,WR,PIT,8.0,"[{""Team"": ""DDD"", ""Bid"": 1.0}, {""Team"": ""CPC"", ""Bid"": 2.0}, {""Team"": ""DDD"", ""Bid"": 3.0}, {""Team"": ""PP"", ""Bid"": 4.0}, {""Team"": ""CPC"", ""Bid"": 5.0}, {""Team"": ""DDD"", ""Bid"": 8.0}]"
2025_DaltonKincaid_TE,DaltonKincaid_TE,2025_KERFUFFLE_CLC,KERFUFFLE_CLC,2025.0,KERFUFFLE,CLC,26.0,Dalton Kincaid,2982991.0,TE,BUF,8.0,"[{""Team"": ""RR"", ""Bid"": 1.0}, {""Team"": ""CLC"", ""Bid"": 8.0}]"
2025_MarvinMims_WR,MarvinMims_WR,2025_KERFUFFLE_CLC,KERFUFFLE_CLC,2025.0,KERFUFFLE,CLC,27.0,Marvin Mims,3162586.0,WR,DEN,4.0,"[{""Team"": ""CLC"", ""Bid"": 1.0}, {""Team"": ""PP"", ""Bid"": 2.0}, {""Team"": ""CLC"", ""Bid"": 4.0}]"
2025_MarShawnLloyd_RB,MarShawnLloyd_RB,2025_KERFUFFLE_PP,KERFUFFLE_PP,2025.0,KERFUFFLE,PP,28.0,MarShawn Lloyd,3162514.0,RB,GB,15.0,"[{""Team"": ""CPC"", ""Bid"": 1.0}, {""Team"": ""PP"", ""Bid"": 15.0}]"
2025_TylerAllgeier_RB,TylerAllgeier_RB,2025_KERFUFFLE_CPC,KERFUFFLE_CPC,2025.0,KERFUFFLE,CPC,29.0,Tyler Allgeier,2975590.0,RB,ARI,2.0,"[{""Team"": ""ABT"", ""Bid"": 1.0}, {""Team"": ""CPC"", ""Bid"": 2.0}]"
2025_Wan'DaleRobinson_WR,Wan'DaleRobinson_WR,2025_KERFUFFLE_SBS,KERFUFFLE_SBS,2025.0,KERFUFFLE,SBS,30.0,Wan'Dale Robinson,3124107.0,WR,TEN,1.0,"[{""Team"": ""SBS"", ""Bid"": 1.0}]"
2025_KylePitts_TE,KylePitts_TE,2025_KERFUFFLE_RR,KERFUFFLE_RR,2025.0,KERFUFFLE,RR,31.0,Kyle Pitts,2964514.0,TE,ATL,2.0,"[{""Team"": ""LC"", ""Bid"": 1.0}, {""Team"": ""RR"", ""Bid"": 2.0}]"
2025_MilesSanders_RB,MilesSanders_RB,2025_KERFUFFLE_ABT,KERFUFFLE_ABT,2025.0,KERFUFFLE,ABT,32.0,Miles Sanders,2251305.0,RB,DAL,1.0,"[{""Team"": ""ABT"", ""Bid"": 1.0}]"
2025_RaheemMostert_RB,RaheemMostert_RB,2025_KERFUFFLE_SBS,KERFUFFLE_SBS,2025.0,KERFUFFLE,SBS,33.0,Raheem Mostert,2174957.0,RB,LV,1.0,"[{""Team"": ""SBS"", ""Bid"": 1.0}]"
2025_ToryHorton_WR,ToryHorton_WR,2025_KERFUFFLE_LC,KERFUFFLE_LC,2025.0,KERFUFFLE,LC,34.0,Tory Horton,3165177.0,WR,SEA,1.0,"[{""Team"": ""LC"", ""Bid"": 1.0}]"
2025_MichaelWilson_WR,MichaelWilson_WR,2025_KERFUFFLE_ABT,KERFUFFLE_ABT,2025.0,KERFUFFLE,ABT,35.0,Michael Wilson,2965181.0,WR,ARI,1.0,"[{""Team"": ""ABT"", ""Bid"": 1.0}]"
2025_JakeFerguson_TE,JakeFerguson_TE,2025_KERFUFFLE_LC,KERFUFFLE_LC,2025.0,KERFUFFLE,LC,36.0,Jake Ferguson,2867159.0,TE,DAL,1.0,"[{""Team"": ""LC"", ""Bid"": 1.0}]"
