player,position,team,birthday
Saquon Barkley,RB,PHI,1997-02-09
Bijan Robinson,RB,ATL,2002-01-30
Ja'Marr Chase,WR,CIN,2000-03-01
Derrick Henry,RB,BAL,1994-01-04
Christian McCaffrey,RB,SF,1996-06-07
Justin Jefferson,WR,MIN,1999-06-16
Amon-Ra St. Brown,WR,DET,1999-10-24
Joe Mixon,RB,HOU,1996-07-24
A.J. Brown,WR,PHI,1997-06-30
De'Von Achane,RB,MIA,2001-10-13
Jahmyr Gibbs,RB,DET,2002-03-20
Alvin Kamara,RB,NO,1995-07-25
Kyren Williams,RB,LAR,2000-08-26
Puka Nacua,WR,LAR,2001-05-29
Nico Collins,WR,HOU,1999-03-19
Breece Hall,RB,NYJ,2001-05-31
Drake London,WR,ATL,2001-07-24
Kenneth Walker III,RB,SEA,2000-10-20
Cooper Kupp,WR,LAR,1993-06-15
James Cook,RB,BUF,1999-09-25
Travis Kelce,TE,KC,1989-10-05
Chase Brown,RB,CIN,2000-03-21
Josh Jacobs,RB,GB,1998-02-11
Malik Nabers,WR,NYG,2003-07-28
Terry McLaurin,WR,WAS,1995-09-15
Brock Bowers,TE,LV,2002-12-13
George Pickens,WR,PIT,2001-03-04
Jonathan Taylor,RB,IND,1999-01-19
Tyreek Hill,WR,MIA,1994-03-01
Trey McBride,TE,ARI,1999-11-22
Garrett Wilson,WR,NYJ,2000-07-22
Lamar Jackson,QB,BAL,1997-01-07
James Conner,RB,ARI,1995-05-05
George Kittle,TE,SF,1993-10-09
DK Metcalf,WR,SEA,1997-12-14
Tyrone Tracy Jr.,RB,NYG,1999-11-23
Aaron Jones,RB,MIN,1994-12-02
David Montgomery,RB,DET,1997-06-07
Zay Flowers,WR,BAL,2000-09-11
D'Andre Swift,RB,CHI,1999-01-14
Marvin Harrison Jr.,WR,ARI,2002-08-11
Brian Robinson Jr.,RB,WAS,1999-03-22
Rhamondre Stevenson,RB,NE,1998-02-23
Deebo Samuel Sr.,WR,SF,1996-01-15
Jayden Reed,WR,GB,2000-04-28
CeeDee Lamb,WR,DAL,1999-04-08
J.K. Dobbins,RB,LAC,1998-12-17
Chuba Hubbard,RB,CAR,1999-06-11
Tee Higgins,WR,CIN,1999-01-18
Jalen Hurts,QB,PHI,1998-08-07
Josh Allen,QB,BUF,1996-05-21
Davante Adams,WR,NYJ,1992-12-24
Tony Pollard,RB,TEN,1997-04-30
Rachaad White,RB,TB,1999-01-12
Mike Evans,WR,TB,1993-08-21
Ladd McConkey,WR,LAC,2001-11-11
Jauan Jennings,WR,SF,1997-07-10
Bucky Irving,RB,TB,2002-08-19
DeVonta Smith,WR,PHI,1998-11-14
Najee Harris,RB,PIT,1998-03-09
Khalil Shakir,WR,BUF,2000-02-03
Joe Burrow,QB,CIN,1996-12-10
Josh Downs,WR,IND,2001-08-12
Jaxon Smith-Njigba,WR,SEA,2002-02-14
Darnell Mooney,WR,ATL,1997-10-29
Cade Otton,TE,TB,1999-04-15
Isiah Pacheco,RB,KC,1999-03-02
Courtland Sutton,WR,DEN,1995-10-10
David Njoku,TE,CLE,1996-07-10
DeAndre Hopkins,WR,KC,1992-06-06
Calvin Ridley,WR,TEN,1994-12-20
Kareem Hunt,RB,KC,1995-08-06
Nick Chubb,RB,CLE,1995-12-27
Jaylen Warren,RB,PIT,1998-11-01
Brian Thomas Jr.,WR,JAC,2002-10-08
Brock Purdy,QB,SF,1999-12-27
Amari Cooper,WR,BUF,1994-06-17
Austin Ekeler,RB,WAS,1995-05-17
Travis Etienne Jr.,RB,JAC,1999-01-26
Jayden Daniels,QB,WAS,2000-12-18
Jameson Williams,WR,DET,2001-03-26
Rico Dowdle,RB,DAL,1998-06-14
Tank Dell,WR,HOU,1999-10-29
Tank Bigsby,RB,JAC,2001-08-30
Cedric Tillman,WR,CLE,2000-04-19
Kyler Murray,QB,ARI,1997-08-07
Javonte Williams,RB,DEN,2000-04-25
Evan Engram,TE,JAC,1994-09-02
Mark Andrews,TE,BAL,1995-09-06
Jordan Love,QB,GB,1998-11-02
Jakobi Meyers,WR,LV,1996-11-09
Jaylen Waddle,WR,MIA,1998-11-25
Tyler Allgeier,RB,ATL,2000-04-15
DJ Moore,WR,CHI,1997-04-14
Bo Nix,QB,DEN,2000-02-25
Patrick Mahomes II,QB,KC,1995-09-17
T.J. Hockenson,TE,MIN,1997-07-03
Trey Benson,RB,ARI,2002-07-23
Tucker Kraft,TE,GB,2000-11-03
Jared Goff,QB,DET,1994-10-14
Rome Odunze,WR,CHI,2002-06-03
Michael Pittman Jr.,WR,IND,1997-10-05
Zach Charbonnet,RB,SEA,2001-01-08
Audric Estime,RB,DEN,2003-09-06
Quentin Johnston,WR,LAC,2001-09-06
Jordan Mason,RB,SF,1999-05-24
Romeo Doubs,WR,GB,2000-04-13
Justin Herbert,QB,LAC,1998-03-10
Baker Mayfield,QB,TB,1995-04-14
Tyjae Spears,RB,TEN,2001-06-15
Taysom Hill,TE,NO,1990-08-23
Jonathon Brooks,RB,CAR,2003-07-21
Kyle Pitts,TE,ATL,2000-10-06
Ray Davis,RB,BUF,1999-11-11
Jerry Jeudy,WR,CLE,1999-04-24
Braelon Allen,RB,NYJ,2004-01-20
C.J. Stroud,QB,HOU,2001-10-03
Christian Watson,WR,GB,1999-05-12
Alexander Mattison,RB,LV,1998-06-19
Elijah Moore,WR,CLE,2000-03-27
Wan'Dale Robinson,WR,NYG,2001-01-05
Roschon Johnson,RB,CHI,2001-01-31
Jaylen Wright,RB,MIA,2003-04-01
Ricky Pearsall,WR,SF,2000-09-09
Jordan Addison,WR,MIN,2002-01-27
Xavier Worthy,WR,KC,2003-04-27
Hunter Henry,TE,NE,1994-12-07
Keenan Allen,WR,CHI,1992-04-27
DeMario Douglas,WR,NE,2000-12-08
Rashod Bateman,WR,BAL,1999-11-29
Keon Coleman,WR,BUF,2003-05-17
Sam Darnold,QB,MIN,1997-06-05
Raheem Mostert,RB,MIA,1992-04-09
Sam LaPorta,TE,DET,2001-01-12
Matthew Stafford,QB,LAR,1988-02-07
Drake Maye,QB,NE,2002-08-30
Justice Hill,RB,BAL,1997-11-14
Dallas Goedert,TE,PHI,1995-01-03
Xavier Legette,WR,CAR,2001-01-29
Cam Akers,RB,MIN,1999-06-22
Gus Edwards,RB,LAC,1995-04-13
Tua Tagovailoa,QB,MIA,1998-03-02
Devin Singletary,RB,NYG,1997-09-03
Blake Corum,RB,LAR,2000-11-25
Jerome Ford,RB,CLE,1999-09-12
Chris Olave,WR,NO,2000-06-27
Khalil Herbert,RB,CIN,1998-04-21
Geno Smith,QB,SEA,1990-10-10
Kirk Cousins,QB,ATL,1988-08-19
Anthony Richardson,QB,IND,2002-05-22
Diontae Johnson,WR,BAL,1996-07-05
Tyler Lockett,WR,SEA,1992-09-28
Russell Wilson,QB,PIT,1988-11-29
Jalen Coker,WR,CAR,2001-10-30
Jameis Winston,QB,CLE,1994-01-06
Mike Williams,WR,PIT,1994-10-04
Jalen McMillan,WR,TB,2001-12-07
Dalton Kincaid,TE,BUF,1999-10-18
Caleb Williams,QB,CHI,2001-11-18
Zamir White,RB,LV,1999-09-18
Demarcus Robinson,WR,LAR,1994-09-21
Jaleel McLaughlin,RB,DEN,2000-09-13
Alec Pierce,WR,IND,2000-05-02
Jonnu Smith,TE,MIA,1995-08-22
Will Dissly,TE,LAC,1996-07-08
Aaron Rodgers,QB,NYJ,1983-12-02
Michael Wilson,WR,ARI,2000-02-23
Dontayvion Wicks,WR,GB,2001-06-16
Samaje Perine,RB,KC,1995-09-16
Antonio Gibson,RB,NE,1998-06-23
Brandon Aubrey,K,DAL,1995-03-14
Justin Tucker,K,BAL,1989-11-21
Derek Carr,QB,NO,1991-03-28
Isaac Guerendo,RB,SF,2000-06-28
Kenneth Gainwell,RB,PHI,1999-03-14
Ka'imi Fairbairn,K,HOU,1994-01-29
Joshua Palmer,WR,LAC,1999-09-22
Zach Ertz,TE,WAS,1990-11-10
Harrison Butker,K,KC,1995-07-14
Adonai Mitchell,WR,IND,2002-10-08
Younghoe Koo,K,ATL,1994-08-03
MarShawn Lloyd,RB,GB,2001-01-05
Noah Brown,WR,WAS,1996-01-06
Trey Sermon,RB,IND,1999-01-30
Jake Elliott,K,PHI,1995-01-21
Jake Ferguson,TE,DAL,1999-01-18
Ray-Ray McCloud III,WR,ATL,1996-10-15
Emanuel Wilson,RB,GB,1999-05-08
Cole Kmet,TE,CHI,1999-03-10
Adam Thielen,WR,CAR,1990-08-22
Kimani Vidal,RB,LAC,2001-08-28
Darius Slayton,WR,NYG,1997-01-12
Sean Tucker,RB,TB,2001-10-25
Evan McPherson,K,CIN,1999-07-21
Ty Johnson,RB,BUF,1997-09-17
Jeremy McNichols,RB,WAS,1995-12-26
Ameer Abdullah,RB,LV,1993-06-13
Jalen Tolbert,WR,DAL,1999-02-27
Pat Freiermuth,TE,PIT,1998-10-25
Tyler Bass,K,BUF,1997-02-14
JuJu Smith-Schuster,WR,KC,1996-11-22
Mike Gesicki,TE,CIN,1995-10-03
Sterling Shepard,WR,TB,1993-02-10
Ja'Tavion Sanders,TE,CAR,2003-03-27
Andrei Iosivas,WR,CIN,1999-10-15
Tyler Goodson,RB,IND,2000-11-10
D'Ernest Johnson,RB,JAC,1996-02-27
Bryce Young,QB,CAR,2001-07-25
Emari Demercado,RB,ARI,1999-01-20
Devaughn Vele,WR,DEN,1997-12-12
Chris Boswell,K,PIT,1991-03-16
Will Levis,QB,TEN,1999-06-27
Ezekiel Elliott,RB,DAL,1995-07-22
Tre Tucker,WR,LV,2001-03-08
Trevor Lawrence,QB,JAC,1999-10-06
Jason Myers,K,SEA,1991-05-12
Ty Chandler,RB,MIN,1998-05-12
Dalton Schultz,TE,HOU,1996-07-11
Marquez Valdes-Scantling,WR,NO,1994-10-10
Jamaal Williams,RB,NO,1995-04-03
Jason Sanders,K,MIA,1995-11-16
Dare Ogunbowale,RB,HOU,1994-05-04
Jake Moody,K,SF,1999-11-23
Luke McCaffrey,WR,WAS,2001-04-02
Gardner Minshew II,QB,LV,1996-05-16
Cooper Rush,QB,DAL,1993-11-21
Troy Franklin,WR,DEN,2003-02-06
Cameron Dicker,K,LAC,2000-05-06
Cairo Santos,K,CHI,1991-11-12
Tyler Boyd,WR,TEN,1994-11-15
Dameon Pierce,RB,HOU,2000-02-19
Calvin Austin III,WR,PIT,1999-03-24
Theo Johnson,TE,NYG,2001-02-26
Carson Steele,RB,KC,2002-10-21
Nick Westbrook-Ikhine,WR,TEN,1997-03-21
Cordarrelle Patterson,RB,PIT,1991-03-17
Matt Gay,K,IND,1994-03-15
Kendre Miller,RB,NO,2002-06-11
Matt Prater,K,ARI,1984-08-10
Brandin Cooks,WR,DAL,1993-09-25
Noah Fant,TE,SEA,1997-11-20
Wil Lutz,K,DEN,1994-07-07
Jalen Nailor,WR,MIN,1999-03-02
Blake Grupe,K,NO,1998-11-05
Ja'Lynn Polk,WR,NE,2002-04-11
Kendrick Bourne,WR,NE,1995-08-04
Joe Flacco,QB,IND,1985-01-16
Austin Seibert,K,WAS,1996-11-15
Kayshon Boutte,WR,NE,2002-05-07
D'Onta Foreman,RB,CLE,1996-04-24
Allen Lazard,WR,NYJ,1995-12-11
Jake Bates,K,DET,1999-03-03
Isaiah Likely,TE,BAL,2000-04-18
Chris Rodriguez Jr.,RB,WAS,2000-09-26
Pierre Strong Jr.,RB,CLE,1998-12-10
Tutu Atwell,WR,LAR,1999-10-07
Greg Dortch,WR,ARI,1998-05-29
Daniel Carlson,K,LV,1995-01-23
Mack Hollins,WR,BUF,1993-09-16
Keaton Mitchell,RB,BAL,2002-01-17
John Metchie III,WR,HOU,2000-07-18
Jordan Whittington,WR,LAR,2000-10-01
Tyler Conklin,TE,NYJ,1995-07-30
Chase McLaughlin,K,TB,1996-04-09
Miles Sanders,RB,CAR,1997-05-01
Tim Patrick,WR,DET,1993-11-23
Jermaine Burton,WR,CIN,2001-06-28
Dylan Laube,RB,LV,1999-12-14
Juwan Johnson,TE,NO,1996-09-13
Justin Fields,QB,PIT,1999-03-05
Jahan Dotson,WR,PHI,2000-03-22
Chris Brooks,RB,GB,2000-01-11
Curtis Samuel,WR,BUF,1996-08-11
Daniel Jones,QB,NYG,1997-05-27
Will Shipley,RB,PHI,2002-08-29
Eric Gray,RB,NYG,1999-11-04
Greg Zuerlein,K,NYJ,1987-12-27
Jonathan Mingo,WR,DAL,2001-04-20
Dawson Knox,TE,BUF,1996-11-14
Malik Washington,WR,MIA,2001-01-04
Chig Okonkwo,TE,TEN,1999-09-08
Andy Dalton,QB,CAR,1987-10-29
Mac Jones,QB,JAC,1998-09-05
Drew Lock,QB,NYG,1996-11-10
Noah Gray,TE,KC,1999-04-30
Will Reichard,K,MIN,2001-01-09
Davis Allen,TE,LAR,2001-02-03
Clyde Edwards-Helaire,RB,KC,1999-04-11
Aidan O'Connell,QB,LV,1998-09-01
Mason Tipton,WR,NO,2000-09-27
Kalif Raymond,WR,DET,1994-08-08
Trey Lance,QB,DAL,2000-05-09
Mason Rudolph,QB,TEN,1995-07-17
JaMycal Hasty,RB,NE,1996-09-12
Odell Beckham Jr.,WR,MIA,1992-11-05
Joshua Karty,K,LAR,2002-03-07
Trey Palmer,WR,TB,2001-04-02
Josh Reynolds,WR,DEN,1995-02-16
Dustin Hopkins,K,CLE,1990-10-01
Michael Penix Jr.,QB,ATL,2000-05-08
Parker Washington,WR,JAC,2002-03-21
Dalvin Cook,RB,DAL,1995-08-10
Colby Parkinson,TE,LAR,1999-01-08
Tommy DeVito,QB,NYG,1998-08-07
Tyler Higbee,TE,LAR,1993-01-01
Foster Moreau,TE,NO,1997-05-06
Bo Melton,WR,GB,1999-05-18
Ronnie Rivers,RB,LAR,1999-01-31
Kendall Milton,RB,CIN,2002-02-10
Jeff Wilson Jr.,RB,MIA,1995-11-16
Brenton Strange,TE,JAC,2000-12-27
Zay Jones,WR,ARI,1995-03-30
Sione Vaki,RB,DET,2001-07-30
Isaiah Davis,RB,NYJ,2002-02-21
Deuce Vaughn,RB,DAL,2001-11-02
Dyami Brown,WR,WAS,1999-11-01
Malik Willis,QB,GB,1999-05-25
KaVontae Turpin,WR,DAL,1996-08-02
Marvin Mims Jr.,WR,DEN,2002-03-19
Brandon McManus,K,GB,1991-07-25
DJ Chark Jr.,WR,LAC,1996-09-23
Craig Reynolds,RB,DET,1996-06-15
Cedrick Wilson Jr.,WR,NO,1995-11-20
DeeJay Dallas,RB,ARI,1998-09-16
Ben Sinnott,TE,WAS,2002-06-14
Justin Watson,WR,KC,1996-04-04
AJ Barner,TE,SEA,2002-05-03
Van Jefferson,WR,PIT,1996-07-26
Desmond Ridder,QB,LV,1999-08-31
Jordan Mims,RB,NO,1999-06-16
Jalin Hyatt,WR,NYG,2001-09-25
Tommy Tremble,TE,CAR,2000-06-02
Chad Ryland,K,ARI,1999-10-15
Olamide Zaccheaus,WR,WAS,1997-07-23
Julius Chestnut,RB,TEN,2000-10-26
Evan Hull,RB,IND,2000-10-26
Xavier Hutchinson,WR,HOU,2000-06-01
K.J. Osborn,WR,NE,1997-06-10
Cody Schrader,RB,LAR,1999-09-08
Blake Watson,RB,DEN,1999-10-14
Rakim Jarrett,WR,TB,2001-01-24
Jacoby Brissett,QB,NE,1992-12-11
Roman Wilson,WR,PIT,2001-06-19
Nelson Agholor,WR,BAL,1993-05-24
Tyler Badie,RB,DEN,2000-02-07
Rasheen Ali,RB,BAL,2001-02-16
Hayden Hurst,TE,LAC,1993-08-24
Joey Slye,K,NE,1996-04-10
Graham Gano,K,NYG,1987-04-09
Spencer Rattler,QB,NO,2000-09-28
Javon Baker,WR,NE,2002-02-18
Hassan Haskins,RB,LAC,1999-11-26
Austin Hooper,TE,NE,1994-10-29
Jacob Cowing,WR,SF,2001-02-04
Eddy Pineiro,K,CAR,1995-09-13
Lil'Jordan Humphrey,WR,DEN,1998-04-19
Kyle Juszczyk,RB,SF,1991-04-23
Emani Bailey,RB,FA,2001-11-28
Alec Ingold,RB,MIA,1996-07-09
Gerald Everett,TE,CHI,1994-06-25
Tyler Huntley,QB,MIA,1998-02-03
Hunter Luepke,RB,DAL,2000-02-28
Grant Calcaterra,TE,PHI,1998-12-04
Marquise Brown,WR,KC,1997-06-04
Brayden Narveson,K,FA,1999-09-28
Israel Abanikanda,RB,NYJ,2002-10-05
Nyheim Hines,RB,CLE,1996-11-12
Darnell Washington,TE,PIT,2001-08-17
Luke Schoonmaker,TE,DAL,1998-09-28
Jase McClellan,RB,ATL,2002-06-25
Cam Little,K,JAC,2003-08-17
Adam Trautman,TE,DEN,1997-02-05
Michael Carter,RB,ARI,1999-05-07
Treylon Burks,WR,TEN,2000-03-23
Jaret Patterson,RB,LAC,1998-12-23
Cade Stover,TE,HOU,2000-06-12
Nick Mullens,QB,MIN,1995-03-21
Tyler Johnson,WR,LAR,1998-08-25
Malik Heath,WR,GB,2000-03-03
DJ Turner,WR,LV,1997-01-18
Mecole Hardman Jr.,WR,KC,1998-03-12
Trenton Irwin,WR,CIN,1995-12-10
Brock Wright,TE,DET,1998-11-27
Charlie Kolar,TE,BAL,1999-02-10
Kylen Granson,TE,IND,1998-03-27
Jarrett Stidham,QB,DEN,1996-08-08
Lucas Krull,TE,DEN,1998-07-11
C.J. Ham,RB,MIN,1993-07-22
Nick Folk,K,TEN,1984-11-05
Sam Howell,QB,SEA,2000-09-16
Patrick Taylor Jr.,RB,SF,1998-04-29
Jashaun Corbin,RB,FA,2000-08-20
Nick Bawden,RB,FA,1996-06-22
Raheem Blackshear,RB,CAR,1998-06-05
Jawhar Jordan,RB,HOU,1999-08-18
Frank Gore Jr.,RB,BUF,2002-03-13
Greg Dulcich,TE,DEN,2000-03-26
Patrick Laird,RB,FA,1995-08-17
Kevin Harris,RB,NE,2000-11-17
Malachi Corley,WR,NYJ,2002-03-21
Dorian Thompson-Robinson,QB,CLE,1999-11-14
Skylar Thompson,QB,MIA,1997-06-04
Luke Musgrave,TE,GB,2000-09-02
Tyler Scott,WR,CHI,2001-10-12
Boston Scott,RB,FA,1995-04-27
Kenny McIntosh,RB,SEA,2000-03-03
David Moore,WR,CAR,1995-01-15
Devontez Walker,WR,BAL,2001-06-19
Brandon Aiyuk,WR,SF,1998-03-17
Rashee Rice,WR,KC,2000-04-22
Chris Godwin,WR,TB,1996-02-27
Stefon Diggs,WR,HOU,1993-11-29
Dak Prescott,QB,DAL,1993-07-29
Christian Kirk,WR,JAC,1996-11-18
J.J. McCarthy,QB,MIN,2003-01-20
Rashid Shaheed,WR,NO,1998-08-31
Zack Moss,RB,CIN,1997-12-15
Gabe Davis,WR,JAC,1999-04-01
Michael Mayer,TE,LV,2001-07-06
Erick All Jr.,TE,CIN,2000-09-13
Deshaun Watson,QB,CLE,1995-09-14
Elijah Mitchell,RB,SF,1998-05-02
Jelani Woods,TE,IND,1998-10-09
Daniel Bellinger,TE,NYG,2000-09-22
Brenden Rice,WR,LAC,2002-03-18
Bub Means,WR,NO,2001-01-10
Jared Wiley,TE,KC,2000-11-02
AJ Dillon,RB,GB,1998-05-02
Jaheim Bell,TE,NE,2001-06-14
Johnny Wilson,WR,PHI,2001-04-03
Rondale Moore,WR,ATL,2000-06-09
A.T. Perry,WR,DEN,1999-10-26
Kadarius Toney,WR,CLE,1999-01-27
Greg Joseph,K,FA,1994-08-04
Riley Patterson,K,FA,1999-09-07
Jake Browning,QB,CIN,1996-04-11
Michael Badgley,K,DET,1995-07-28
Skyy Moore,WR,KC,2000-09-10
Kenny Pickett,QB,PHI,1998-06-06
Donovan Peoples-Jones,WR,DET,1999-02-19
Brett Maher,K,FA,1989-11-21
Jimmy Garoppolo,QB,LAR,1991-11-02
Hendon Hooker,QB,DET,1998-01-13
Robert Woods,WR,HOU,1992-04-10
Tyquan Thornton,WR,KC,2000-08-07
Terrace Marshall Jr.,WR,LV,2000-06-09
Brevin Jordan,TE,HOU,2000-07-16
Isaiah Spiller,RB,FA,2001-08-09
Isaiah Hodgins,WR,NYG,1998-10-21
Elijah Higgins,TE,ARI,2000-10-27
Allen Robinson II,WR,DET,1993-08-24
Xavier Gipson,WR,NYJ,2001-03-08
Parris Campbell,WR,PHI,1997-07-16
Johnny Mundt,TE,MIN,1994-11-23
Josh Oliver,TE,MIN,1997-03-21
Ainias Smith,WR,PHI,2001-05-31
Charlie Jones,WR,CIN,1998-10-29
David Bell,WR,CLE,2000-12-14
Keaontay Ingram,RB,KC,1999-10-26
Chase Edmonds,RB,TB,1996-04-13
Casey Washington,WR,ATL,2001-03-06
Jamari Thrash,WR,CLE,2000-12-19
Will Mallory,TE,IND,1999-06-22
Deneric Prince,RB,MIA,2000-04-11
Dallin Holker,TE,NO,2000-04-07
Josh Whyle,TE,TEN,1999-09-08
Jeremy Ruckert,TE,NYJ,2000-08-11
Kyle Philips,WR,PHI,1999-06-17
Cade York,K,FA,2001-01-27
Ryan Flournoy,WR,DAL,1999-10-27
Ryan Succop,K,FA,1986-09-19
Irv Smith Jr.,TE,HOU,1998-08-09
Tanner Hudson,TE,CIN,1994-11-12
Zach Pascal,WR,ARI,1994-12-18
Zach Wilson,QB,DEN,1999-08-03
Eric Saubert,TE,SF,1994-05-09
Bailey Zappe,QB,CLE,1999-04-26
Joe Milton III,QB,NE,2000-03-06
Justyn Ross,WR,KC,1999-12-15
Tyrod Taylor,QB,NYJ,1989-08-03
Tip Reiman,TE,ARI,2001-09-17
Jordan Travis,QB,NYJ,2000-05-02
Tyson Bagent,QB,CHI,2000-06-08
Joshua Dobbs,QB,SF,1995-01-26
Jordan Akins,TE,CLE,1992-04-19
Kyle Trask,QB,TB,1998-03-06
Louis Rees-Zammit,RB,JAC,2001-02-02
Keilan Robinson,RB,JAC,2000-02-16
