SznWkPlPos,SznPlPos,PlPos,SznLgTrf,LgTrf,Season,Week,Player,Pos,NFL,TrfLg,TrfTm
2026_1_JaydenHiggins_WR,2026_JaydenHiggins_WR,JaydenHiggins_WR,2026_TRUFFLE_AFL,TRUFFLE_AFL,2026.0,1.0,Jayden Higgins,WR,HOU,TRUFFLE,AFL
2026_1_DylanSampson_RB,2026_DylanSampson_RB,DylanSampson_RB,2026_TRUFFLE_AFL,TRUFFLE_AFL,2026.0,1.0,Dylan Sampson,RB,CLE,TRUFFLE,AFL
2026_1_JeremiyahLove_RB,2026_JeremiyahLove_RB,JeremiyahLove_RB,2026_TRUFFLE_AFL,TRUFFLE_AFL,2026.0,1.0,Jeremiyah Love,RB,ARI,TRUFFLE,AFL
2026_1_JaydenDaniels_QB,2026_JaydenDaniels_QB,JaydenDaniels_QB,2026_TRUFFLE_AFL,TRUFFLE_AFL,2026.0,1.0,Jayden Daniels,QB,WAS,TRUFFLE,AFL
2026_1_BrockBowers_TE,2026_BrockBowers_TE,BrockBowers_TE,2026_TRUFFLE_AFL,TRUFFLE_AFL,2026.0,1.0,Brock Bowers,TE,LV,TRUFFLE,AFL
2026_1_EmekaEgbuka_WR,2026_EmekaEgbuka_WR,EmekaEgbuka_WR,2026_TRUFFLE_AFL,TRUFFLE_AFL,2026.0,1.0,Emeka Egbuka,WR,TB,TRUFFLE,AFL
2026_1_AdonaiMitchell_WR,2026_AdonaiMitchell_WR,AdonaiMitchell_WR,2026_TRUFFLE_AFL,TRUFFLE_AFL,2026.0,1.0,Adonai Mitchell,WR,NYJ,TRUFFLE,AFL
2026_1_JahmyrGibbs_RB,2026_JahmyrGibbs_RB,JahmyrGibbs_RB,2026_TRUFFLE_AFL,TRUFFLE_AFL,2026.0,1.0,Jahmyr Gibbs,RB,DET,TRUFFLE,AFL
2026_1_QuentinJohnston_WR,2026_QuentinJohnston_WR,QuentinJohnston_WR,2026_TRUFFLE_AFL,TRUFFLE_AFL,2026.0,1.0,Quentin Johnston,WR,LAC,TRUFFLE,AFL
2026_1_MalachiFields_WR,2026_MalachiFields_WR,MalachiFields_WR,2026_TRUFFLE_AFL,TRUFFLE_AFL,2026.0,1.0,Malachi Fields,WR,NYG,TRUFFLE,AFL
2026_1_GermieBernard_WR,2026_GermieBernard_WR,GermieBernard_WR,2026_TRUFFLE_AFL,TRUFFLE_AFL,2026.0,1.0,Germie Bernard,WR,PIT,TRUFFLE,AFL
2026_1_Bears_DST,2026_Bears_DST,Bears_DST,2026_TRUFFLE_AFL,TRUFFLE_AFL,2026.0,1.0,Bears,DST,CHI,TRUFFLE,AFL
2026_1_JonathanTaylor_RB,2026_JonathanTaylor_RB,JonathanTaylor_RB,2026_TRUFFLE_CRB,TRUFFLE_CRB,2026.0,1.0,Jonathan Taylor,RB,IND,TRUFFLE,CRB
2026_1_SeanTucker_RB,2026_SeanTucker_RB,SeanTucker_RB,2026_TRUFFLE_CRB,TRUFFLE_CRB,2026.0,1.0,Sean Tucker,RB,TB,TRUFFLE,CRB
2026_1_TetairoaMcMillan_WR,2026_TetairoaMcMillan_WR,TetairoaMcMillan_WR,2026_TRUFFLE_CRB,TRUFFLE_CRB,2026.0,1.0,Tetairoa McMillan,WR,CAR,TRUFFLE,CRB
2026_1_AntonioWilliams_WR,2026_AntonioWilliams_WR,AntonioWilliams_WR,2026_TRUFFLE_CRB,TRUFFLE_CRB,2026.0,1.0,Antonio Williams,WR,WAS,TRUFFLE,CRB
2026_1_EliStowers_TE,2026_EliStowers_TE,EliStowers_TE,2026_TRUFFLE_CRB,TRUFFLE_CRB,2026.0,1.0,Eli Stowers,TE,PHI,TRUFFLE,CRB
2026_1_De'VonAchane_RB,2026_De'VonAchane_RB,De'VonAchane_RB,2026_TRUFFLE_CRB,TRUFFLE_CRB,2026.0,1.0,De'Von Achane,RB,MIA,TRUFFLE,CRB
2026_1_BoNix_QB,2026_BoNix_QB,BoNix_QB,2026_TRUFFLE_CRB,TRUFFLE_CRB,2026.0,1.0,Bo Nix,QB,DEN,TRUFFLE,CRB
2026_1_LukeMcCaffrey_WR,2026_LukeMcCaffrey_WR,LukeMcCaffrey_WR,2026_TRUFFLE_CRB,TRUFFLE_CRB,2026.0,1.0,Luke McCaffrey,WR,WAS,TRUFFLE,CRB
2026_1_JoshAllen_QB,2026_JoshAllen_QB,JoshAllen_QB,2026_TRUFFLE_CRB,TRUFFLE_CRB,2026.0,1.0,Josh Allen,QB,BUF,TRUFFLE,CRB
2026_1_KennethGainwell_RB,2026_KennethGainwell_RB,KennethGainwell_RB,2026_TRUFFLE_CRB,TRUFFLE_CRB,2026.0,1.0,Kenneth Gainwell,RB,TB,TRUFFLE,CRB
2026_1_EmanuelWilson_RB,2026_EmanuelWilson_RB,EmanuelWilson_RB,2026_TRUFFLE_CRB,TRUFFLE_CRB,2026.0,1.0,Emanuel Wilson,RB,SEA,TRUFFLE,CRB
2026_1_HunterHenry_TE,2026_HunterHenry_TE,HunterHenry_TE,2026_TRUFFLE_CRB,TRUFFLE_CRB,2026.0,1.0,Hunter Henry,TE,NE,TRUFFLE,CRB
2026_1_GeorgePickens_WR,2026_GeorgePickens_WR,GeorgePickens_WR,2026_TRUFFLE_CRB,TRUFFLE_CRB,2026.0,1.0,George Pickens,WR,DAL,TRUFFLE,CRB
2026_1_OrondeGadsden_TE,2026_OrondeGadsden_TE,OrondeGadsden_TE,2026_TRUFFLE_MWM,TRUFFLE_MWM,2026.0,1.0,Oronde Gadsden,TE,LAC,TRUFFLE,MWM
2026_1_Ja'KobiLane_WR,2026_Ja'KobiLane_WR,Ja'KobiLane_WR,2026_TRUFFLE_MWM,TRUFFLE_MWM,2026.0,1.0,Ja'Kobi Lane,WR,BAL,TRUFFLE,MWM
2026_1_RashidShaheed_WR,2026_RashidShaheed_WR,RashidShaheed_WR,2026_TRUFFLE_MWM,TRUFFLE_MWM,2026.0,1.0,Rashid Shaheed,WR,SEA,TRUFFLE,MWM
2026_1_CooperKupp_WR,2026_CooperKupp_WR,CooperKupp_WR,2026_TRUFFLE_MWM,TRUFFLE_MWM,2026.0,1.0,Cooper Kupp,WR,SEA,TRUFFLE,MWM
2026_1_DerrickHenry_RB,2026_DerrickHenry_RB,DerrickHenry_RB,2026_TRUFFLE_MWM,TRUFFLE_MWM,2026.0,1.0,Derrick Henry,RB,BAL,TRUFFLE,MWM
2026_1_CamSkattebo_RB,2026_CamSkattebo_RB,CamSkattebo_RB,2026_TRUFFLE_MWM,TRUFFLE_MWM,2026.0,1.0,Cam Skattebo,RB,NYG,TRUFFLE,MWM
2026_1_CamWard_QB,2026_CamWard_QB,CamWard_QB,2026_TRUFFLE_MWM,TRUFFLE_MWM,2026.0,1.0,Cam Ward,QB,TEN,TRUFFLE,MWM
2026_1_JalenHurts_QB,2026_JalenHurts_QB,JalenHurts_QB,2026_TRUFFLE_MWM,TRUFFLE_MWM,2026.0,1.0,Jalen Hurts,QB,PHI,TRUFFLE,MWM
2026_1_TerryMcLaurin_WR,2026_TerryMcLaurin_WR,TerryMcLaurin_WR,2026_TRUFFLE_MWM,TRUFFLE_MWM,2026.0,1.0,Terry McLaurin,WR,WAS,TRUFFLE,MWM
2026_1_KaytronAllen_RB,2026_KaytronAllen_RB,KaytronAllen_RB,2026_TRUFFLE_MWM,TRUFFLE_MWM,2026.0,1.0,Kaytron Allen,RB,WAS,TRUFFLE,MWM
2026_1_TerranceFerguson_TE,2026_TerranceFerguson_TE,TerranceFerguson_TE,2026_TRUFFLE_MWM,TRUFFLE_MWM,2026.0,1.0,Terrance Ferguson,TE,LAR,TRUFFLE,MWM
2026_1_MarkAndrews_TE,2026_MarkAndrews_TE,MarkAndrews_TE,2026_TRUFFLE_MWM,TRUFFLE_MWM,2026.0,1.0,Mark Andrews,TE,BAL,TRUFFLE,MWM
2026_1_TuaTagovailoa_QB,2026_TuaTagovailoa_QB,TuaTagovailoa_QB,2026_TRUFFLE_FRR,TRUFFLE_FRR,2026.0,1.0,Tua Tagovailoa,QB,ATL,TRUFFLE,FRR
2026_1_TravisKelce_TE,2026_TravisKelce_TE,TravisKelce_TE,2026_TRUFFLE_FRR,TRUFFLE_FRR,2026.0,1.0,Travis Kelce,TE,KC,TRUFFLE,FRR
2026_1_DrakeLondon_WR,2026_DrakeLondon_WR,DrakeLondon_WR,2026_TRUFFLE_FRR,TRUFFLE_FRR,2026.0,1.0,Drake London,WR,ATL,TRUFFLE,FRR
2026_1_JordanMason_RB,2026_JordanMason_RB,JordanMason_RB,2026_TRUFFLE_FRR,TRUFFLE_FRR,2026.0,1.0,Jordan Mason,RB,MIN,TRUFFLE,FRR
2026_1_BlakeCorum_RB,2026_BlakeCorum_RB,BlakeCorum_RB,2026_TRUFFLE_FRR,TRUFFLE_FRR,2026.0,1.0,Blake Corum,RB,LAR,TRUFFLE,FRR
2026_1_ChristianMcCaffrey_RB,2026_ChristianMcCaffrey_RB,ChristianMcCaffrey_RB,2026_TRUFFLE_FRR,TRUFFLE_FRR,2026.0,1.0,Christian McCaffrey,RB,SF,TRUFFLE,FRR
2026_1_TySimpson_QB,2026_TySimpson_QB,TySimpson_QB,2026_TRUFFLE_FRR,TRUFFLE_FRR,2026.0,1.0,Ty Simpson,QB,LAR,TRUFFLE,FRR
2026_1_Ja'MarrChase_WR,2026_Ja'MarrChase_WR,Ja'MarrChase_WR,2026_TRUFFLE_FRR,TRUFFLE_FRR,2026.0,1.0,Ja'Marr Chase,WR,CIN,TRUFFLE,FRR
2026_1_NicholasSingleton_RB,2026_NicholasSingleton_RB,NicholasSingleton_RB,2026_TRUFFLE_FRR,TRUFFLE_FRR,2026.0,1.0,Nicholas Singleton,RB,TEN,TRUFFLE,FRR
2026_1_D'AndreSwift_RB,2026_D'AndreSwift_RB,D'AndreSwift_RB,2026_TRUFFLE_FRR,TRUFFLE_FRR,2026.0,1.0,D'Andre Swift,RB,CHI,TRUFFLE,FRR
2026_1_JacobyBrissett_QB,2026_JacobyBrissett_QB,JacobyBrissett_QB,2026_TRUFFLE_FRR,TRUFFLE_FRR,2026.0,1.0,Jacoby Brissett,QB,ARI,TRUFFLE,FRR
2026_1_Texans_DST,2026_Texans_DST,Texans_DST,2026_TRUFFLE_FRR,TRUFFLE_FRR,2026.0,1.0,Texans,DST,HOU,TRUFFLE,FRR
2026_1_MikeWashington_RB,2026_MikeWashington_RB,MikeWashington_RB,2026_TRUFFLE_GF,TRUFFLE_GF,2026.0,1.0,Mike Washington,RB,LV,TRUFFLE,GF
2026_1_DeeboSamuel_WR,2026_DeeboSamuel_WR,DeeboSamuel_WR,2026_TRUFFLE_GF,TRUFFLE_GF,2026.0,1.0,Deebo Samuel,WR,SF,TRUFFLE,GF
2026_1_AshtonJeanty_RB,2026_AshtonJeanty_RB,AshtonJeanty_RB,2026_TRUFFLE_GF,TRUFFLE_GF,2026.0,1.0,Ashton Jeanty,RB,LV,TRUFFLE,GF
2026_1_TezJohnson_WR,2026_TezJohnson_WR,TezJohnson_WR,2026_TRUFFLE_GF,TRUFFLE_GF,2026.0,1.0,Tez Johnson,WR,TB,TRUFFLE,GF
2026_1_TuckerKraft_TE,2026_TuckerKraft_TE,TuckerKraft_TE,2026_TRUFFLE_GF,TRUFFLE_GF,2026.0,1.0,Tucker Kraft,TE,GB,TRUFFLE,GF
2026_1_DaltonKincaid_TE,2026_DaltonKincaid_TE,DaltonKincaid_TE,2026_TRUFFLE_GF,TRUFFLE_GF,2026.0,1.0,Dalton Kincaid,TE,BUF,TRUFFLE,GF
2026_1_JaylenWarren_RB,2026_JaylenWarren_RB,JaylenWarren_RB,2026_TRUFFLE_GF,TRUFFLE_GF,2026.0,1.0,Jaylen Warren,RB,PIT,TRUFFLE,GF
2026_1_MichaelPenix_QB,2026_MichaelPenix_QB,MichaelPenix_QB,2026_TRUFFLE_GF,TRUFFLE_GF,2026.0,1.0,Michael Penix,QB,ATL,TRUFFLE,GF
2026_1_JoshJacobs_RB,2026_JoshJacobs_RB,JoshJacobs_RB,2026_TRUFFLE_GF,TRUFFLE_GF,2026.0,1.0,Josh Jacobs,RB,GB,TRUFFLE,GF
2026_1_RomeoDoubs_WR,2026_RomeoDoubs_WR,RomeoDoubs_WR,2026_TRUFFLE_GF,TRUFFLE_GF,2026.0,1.0,Romeo Doubs,WR,NE,TRUFFLE,GF
2026_1_JordanLove_QB,2026_JordanLove_QB,JordanLove_QB,2026_TRUFFLE_GF,TRUFFLE_GF,2026.0,1.0,Jordan Love,QB,GB,TRUFFLE,GF
2026_1_RhamondreStevenson_RB,2026_RhamondreStevenson_RB,RhamondreStevenson_RB,2026_TRUFFLE_GF,TRUFFLE_GF,2026.0,1.0,Rhamondre Stevenson,RB,NE,TRUFFLE,GF
2026_1_HaroldFannin_TE,2026_HaroldFannin_TE,HaroldFannin_TE,2026_TRUFFLE_GF,TRUFFLE_GF,2026.0,1.0,Harold Fannin,TE,CLE,TRUFFLE,GF
2026_1_Wan'DaleRobinson_WR,2026_Wan'DaleRobinson_WR,Wan'DaleRobinson_WR,2026_TRUFFLE_GF,TRUFFLE_GF,2026.0,1.0,Wan'Dale Robinson,WR,TEN,TRUFFLE,GF
2026_1_JaxonSmith-Njigba_WR,2026_JaxonSmith-Njigba_WR,JaxonSmith-Njigba_WR,2026_TRUFFLE_GF,TRUFFLE_GF,2026.0,1.0,Jaxon Smith-Njigba,WR,SEA,TRUFFLE,GF
2026_1_DavanteAdams_WR,2026_DavanteAdams_WR,DavanteAdams_WR,2026_TRUFFLE_GF,TRUFFLE_GF,2026.0,1.0,Davante Adams,WR,LAR,TRUFFLE,GF
2026_1_JonahColeman_RB,2026_JonahColeman_RB,JonahColeman_RB,2026_TRUFFLE_GF,TRUFFLE_GF,2026.0,1.0,Jonah Coleman,RB,DEN,TRUFFLE,GF
2026_1_OmarionHampton_RB,2026_OmarionHampton_RB,OmarionHampton_RB,2026_TRUFFLE_VD,TRUFFLE_VD,2026.0,1.0,Omarion Hampton,RB,LAC,TRUFFLE,VD
2026_1_CadeKlubnik_QB,2026_CadeKlubnik_QB,CadeKlubnik_QB,2026_TRUFFLE_VD,TRUFFLE_VD,2026.0,1.0,Cade Klubnik,QB,NYJ,TRUFFLE,VD
2026_1_JuwanJohnson_TE,2026_JuwanJohnson_TE,JuwanJohnson_TE,2026_TRUFFLE_VD,TRUFFLE_VD,2026.0,1.0,Juwan Johnson,TE,NO,TRUFFLE,VD
2026_1_BuckyIrving_RB,2026_BuckyIrving_RB,BuckyIrving_RB,2026_TRUFFLE_VD,TRUFFLE_VD,2026.0,1.0,Bucky Irving,RB,TB,TRUFFLE,VD
2026_1_RomeOdunze_WR,2026_RomeOdunze_WR,RomeOdunze_WR,2026_TRUFFLE_VD,TRUFFLE_VD,2026.0,1.0,Rome Odunze,WR,CHI,TRUFFLE,VD
2026_1_BijanRobinson_RB,2026_BijanRobinson_RB,BijanRobinson_RB,2026_TRUFFLE_VD,TRUFFLE_VD,2026.0,1.0,Bijan Robinson,RB,ATL,TRUFFLE,VD
2026_1_DrewAllar_QB,2026_DrewAllar_QB,DrewAllar_QB,2026_TRUFFLE_VD,TRUFFLE_VD,2026.0,1.0,Drew Allar,QB,PIT,TRUFFLE,VD
2026_1_EliHeidenreich_RB,2026_EliHeidenreich_RB,EliHeidenreich_RB,2026_TRUFFLE_VD,TRUFFLE_VD,2026.0,1.0,Eli Heidenreich,RB,PIT,TRUFFLE,VD
2026_1_KeatonMitchell_RB,2026_KeatonMitchell_RB,KeatonMitchell_RB,2026_TRUFFLE_VD,TRUFFLE_VD,2026.0,1.0,Keaton Mitchell,RB,LAC,TRUFFLE,VD
2026_1_JaylinNoel_WR,2026_JaylinNoel_WR,JaylinNoel_WR,2026_TRUFFLE_VD,TRUFFLE_VD,2026.0,1.0,Jaylin Noel,WR,HOU,TRUFFLE,VD
2026_1_LaddMcConkey_WR,2026_LaddMcConkey_WR,LaddMcConkey_WR,2026_TRUFFLE_VD,TRUFFLE_VD,2026.0,1.0,Ladd McConkey,WR,LAC,TRUFFLE,VD
2026_1_JordynTyson_WR,2026_JordynTyson_WR,JordynTyson_WR,2026_TRUFFLE_VD,TRUFFLE_VD,2026.0,1.0,Jordyn Tyson,WR,NO,TRUFFLE,VD
2026_1_MarvinHarrison_WR,2026_MarvinHarrison_WR,MarvinHarrison_WR,2026_TRUFFLE_VD,TRUFFLE_VD,2026.0,1.0,Marvin Harrison,WR,ARI,TRUFFLE,VD
2026_1_Packers_DST,2026_Packers_DST,Packers_DST,2026_TRUFFLE_VD,TRUFFLE_VD,2026.0,1.0,Packers,DST,GB,TRUFFLE,VD
2026_1_JaxsonDart_QB,2026_JaxsonDart_QB,JaxsonDart_QB,2026_TRUFFLE_ELP,TRUFFLE_ELP,2026.0,1.0,Jaxson Dart,QB,NYG,TRUFFLE,ELP
2026_1_JamesonWilliams_WR,2026_JamesonWilliams_WR,JamesonWilliams_WR,2026_TRUFFLE_ELP,TRUFFLE_ELP,2026.0,1.0,Jameson Williams,WR,DET,TRUFFLE,ELP
2026_1_JalenCoker_WR,2026_JalenCoker_WR,JalenCoker_WR,2026_TRUFFLE_ELP,TRUFFLE_ELP,2026.0,1.0,Jalen Coker,WR,CAR,TRUFFLE,ELP
2026_1_IsaacTeSlaa_WR,2026_IsaacTeSlaa_WR,IsaacTeSlaa_WR,2026_TRUFFLE_ELP,TRUFFLE_ELP,2026.0,1.0,Isaac TeSlaa,WR,DET,TRUFFLE,ELP
2026_1_MalikWillis_QB,2026_MalikWillis_QB,MalikWillis_QB,2026_TRUFFLE_ELP,TRUFFLE_ELP,2026.0,1.0,Malik Willis,QB,MIA,TRUFFLE,ELP
2026_1_WoodyMarks_RB,2026_WoodyMarks_RB,WoodyMarks_RB,2026_TRUFFLE_ELP,TRUFFLE_ELP,2026.0,1.0,Woody Marks,RB,HOU,TRUFFLE,ELP
2026_1_KennethWalker_RB,2026_KennethWalker_RB,KennethWalker_RB,2026_TRUFFLE_ELP,TRUFFLE_ELP,2026.0,1.0,Kenneth Walker,RB,KC,TRUFFLE,ELP
2026_1_KaelonBlack_RB,2026_KaelonBlack_RB,KaelonBlack_RB,2026_TRUFFLE_ELP,TRUFFLE_ELP,2026.0,1.0,Kaelon Black,RB,SF,TRUFFLE,ELP
2026_1_PatrickMahomes_QB,2026_PatrickMahomes_QB,PatrickMahomes_QB,2026_TRUFFLE_ELP,TRUFFLE_ELP,2026.0,1.0,Patrick Mahomes,QB,KC,TRUFFLE,ELP
2026_1_CarsonBeck_QB,2026_CarsonBeck_QB,CarsonBeck_QB,2026_TRUFFLE_ELP,TRUFFLE_ELP,2026.0,1.0,Carson Beck,QB,ARI,TRUFFLE,ELP
2026_1_TylerWarren_TE,2026_TylerWarren_TE,TylerWarren_TE,2026_TRUFFLE_ELP,TRUFFLE_ELP,2026.0,1.0,Tyler Warren,TE,IND,TRUFFLE,ELP
2026_1_LutherBurden_WR,2026_LutherBurden_WR,LutherBurden_WR,2026_TRUFFLE_ELP,TRUFFLE_ELP,2026.0,1.0,Luther Burden,WR,CHI,TRUFFLE,ELP
2026_1_MatthewGolden_WR,2026_MatthewGolden_WR,MatthewGolden_WR,2026_TRUFFLE_ELP,TRUFFLE_ELP,2026.0,1.0,Matthew Golden,WR,GB,TRUFFLE,ELP
2026_1_ChrisOlave_WR,2026_ChrisOlave_WR,ChrisOlave_WR,2026_TRUFFLE_ELP,TRUFFLE_ELP,2026.0,1.0,Chris Olave,WR,NO,TRUFFLE,ELP
2026_1_CarnellTate_WR,2026_CarnellTate_WR,CarnellTate_WR,2026_TRUFFLE_ELP,TRUFFLE_ELP,2026.0,1.0,Carnell Tate,WR,TEN,TRUFFLE,ELP
2026_1_KimaniVidal_RB,2026_KimaniVidal_RB,KimaniVidal_RB,2026_TRUFFLE_MCM,TRUFFLE_MCM,2026.0,1.0,Kimani Vidal,RB,LAC,TRUFFLE,MCM
2026_1_TedHurst_WR,2026_TedHurst_WR,TedHurst_WR,2026_TRUFFLE_MCM,TRUFFLE_MCM,2026.0,1.0,Ted Hurst,WR,TB,TRUFFLE,MCM
2026_1_KyrenWilliams_RB,2026_KyrenWilliams_RB,KyrenWilliams_RB,2026_TRUFFLE_MCM,TRUFFLE_MCM,2026.0,1.0,Kyren Williams,RB,LAR,TRUFFLE,MCM
2026_1_SkylerBell_WR,2026_SkylerBell_WR,SkylerBell_WR,2026_TRUFFLE_MCM,TRUFFLE_MCM,2026.0,1.0,Skyler Bell,WR,BUF,TRUFFLE,MCM
2026_1_IsaiahLikely_TE,2026_IsaiahLikely_TE,IsaiahLikely_TE,2026_TRUFFLE_MCM,TRUFFLE_MCM,2026.0,1.0,Isaiah Likely,TE,NYG,TRUFFLE,MCM
2026_1_DanielJones_QB,2026_DanielJones_QB,DanielJones_QB,2026_TRUFFLE_MCM,TRUFFLE_MCM,2026.0,1.0,Daniel Jones,QB,IND,TRUFFLE,MCM
2026_1_AdamRandall_RB,2026_AdamRandall_RB,AdamRandall_RB,2026_TRUFFLE_MCM,TRUFFLE_MCM,2026.0,1.0,Adam Randall,RB,BAL,TRUFFLE,MCM
2026_1_FernandoMendoza_QB,2026_FernandoMendoza_QB,FernandoMendoza_QB,2026_TRUFFLE_MCM,TRUFFLE_MCM,2026.0,1.0,Fernando Mendoza,QB,LV,TRUFFLE,MCM
2026_1_ColstonLoveland_TE,2026_ColstonLoveland_TE,ColstonLoveland_TE,2026_TRUFFLE_MCM,TRUFFLE_MCM,2026.0,1.0,Colston Loveland,TE,CHI,TRUFFLE,MCM
2026_1_PukaNacua_WR,2026_PukaNacua_WR,PukaNacua_WR,2026_TRUFFLE_MCM,TRUFFLE_MCM,2026.0,1.0,Puka Nacua,WR,LAR,TRUFFLE,MCM
2026_1_ShedeurSanders_QB,2026_ShedeurSanders_QB,ShedeurSanders_QB,2026_TRUFFLE_MCM,TRUFFLE_MCM,2026.0,1.0,Shedeur Sanders,QB,CLE,TRUFFLE,MCM
2026_1_MakaiLemon_WR,2026_MakaiLemon_WR,MakaiLemon_WR,2026_TRUFFLE_MCM,TRUFFLE_MCM,2026.0,1.0,Makai Lemon,WR,PHI,TRUFFLE,MCM
2026_1_Seahawks_DST,2026_Seahawks_DST,Seahawks_DST,2026_TRUFFLE_MCM,TRUFFLE_MCM,2026.0,1.0,Seahawks,DST,SEA,TRUFFLE,MCM
2026_1_Browns_DST,2026_Browns_DST,Browns_DST,2026_TRUFFLE_MCM,TRUFFLE_MCM,2026.0,1.0,Browns,DST,CLE,TRUFFLE,MCM
2026_1_OmarCooper_WR,2026_OmarCooper_WR,OmarCooper_WR,2026_TRUFFLE_WLW,TRUFFLE_WLW,2026.0,1.0,Omar Cooper,WR,NYJ,TRUFFLE,WLW
2026_1_TreTucker_WR,2026_TreTucker_WR,TreTucker_WR,2026_TRUFFLE_WLW,TRUFFLE_WLW,2026.0,1.0,Tre Tucker,WR,LV,TRUFFLE,WLW
2026_1_TravisHunter_WR,2026_TravisHunter_WR,TravisHunter_WR,2026_TRUFFLE_WLW,TRUFFLE_WLW,2026.0,1.0,Travis Hunter,WR,JAC,TRUFFLE,WLW
2026_1_De'ZhaunStribling_WR,2026_De'ZhaunStribling_WR,De'ZhaunStribling_WR,2026_TRUFFLE_WLW,TRUFFLE_WLW,2026.0,1.0,De'Zhaun Stribling,WR,SF,TRUFFLE,WLW
2026_1_ChaseBrown_RB,2026_ChaseBrown_RB,ChaseBrown_RB,2026_TRUFFLE_WLW,TRUFFLE_WLW,2026.0,1.0,Chase Brown,RB,CIN,TRUFFLE,WLW
2026_1_CJStroud_QB,2026_CJStroud_QB,CJStroud_QB,2026_TRUFFLE_WLW,TRUFFLE_WLW,2026.0,1.0,CJ Stroud,QB,HOU,TRUFFLE,WLW
2026_1_CeeDeeLamb_WR,2026_CeeDeeLamb_WR,CeeDeeLamb_WR,2026_TRUFFLE_WLW,TRUFFLE_WLW,2026.0,1.0,CeeDee Lamb,WR,DAL,TRUFFLE,WLW
2026_1_BrentonStrange_TE,2026_BrentonStrange_TE,BrentonStrange_TE,2026_TRUFFLE_WLW,TRUFFLE_WLW,2026.0,1.0,Brenton Strange,TE,JAC,TRUFFLE,WLW
2026_1_DemondClaiborne_RB,2026_DemondClaiborne_RB,DemondClaiborne_RB,2026_TRUFFLE_WLW,TRUFFLE_WLW,2026.0,1.0,Demond Claiborne,RB,MIN,TRUFFLE,WLW
2026_1_NicoCollins_WR,2026_NicoCollins_WR,NicoCollins_WR,2026_TRUFFLE_WLW,TRUFFLE_WLW,2026.0,1.0,Nico Collins,WR,HOU,TRUFFLE,WLW
2026_1_SamLaPorta_TE,2026_SamLaPorta_TE,SamLaPorta_TE,2026_TRUFFLE_WLW,TRUFFLE_WLW,2026.0,1.0,Sam LaPorta,TE,DET,TRUFFLE,WLW
2026_1_ParkerWashington_WR,2026_ParkerWashington_WR,ParkerWashington_WR,2026_TRUFFLE_WLW,TRUFFLE_WLW,2026.0,1.0,Parker Washington,WR,JAC,TRUFFLE,WLW
2026_1_BrockPurdy_QB,2026_BrockPurdy_QB,BrockPurdy_QB,2026_TRUFFLE_CC,TRUFFLE_CC,2026.0,1.0,Brock Purdy,QB,SF,TRUFFLE,CC
2026_1_ZachariahBranch_WR,2026_ZachariahBranch_WR,ZachariahBranch_WR,2026_TRUFFLE_CC,TRUFFLE_CC,2026.0,1.0,Zachariah Branch,WR,ATL,TRUFFLE,CC
2026_1_BrianThomas_WR,2026_BrianThomas_WR,BrianThomas_WR,2026_TRUFFLE_CC,TRUFFLE_CC,2026.0,1.0,Brian Thomas,WR,JAC,TRUFFLE,CC
2026_1_Amon-RaStBrown_WR,2026_Amon-RaStBrown_WR,Amon-RaStBrown_WR,2026_TRUFFLE_CC,TRUFFLE_CC,2026.0,1.0,Amon-Ra St Brown,WR,DET,TRUFFLE,CC
2026_1_JamesCook_RB,2026_JamesCook_RB,JamesCook_RB,2026_TRUFFLE_CC,TRUFFLE_CC,2026.0,1.0,James Cook,RB,BUF,TRUFFLE,CC
2026_1_DrakeMaye_QB,2026_DrakeMaye_QB,DrakeMaye_QB,2026_TRUFFLE_CC,TRUFFLE_CC,2026.0,1.0,Drake Maye,QB,NE,TRUFFLE,CC
2026_1_DenzelBoston_WR,2026_DenzelBoston_WR,DenzelBoston_WR,2026_TRUFFLE_CC,TRUFFLE_CC,2026.0,1.0,Denzel Boston,WR,CLE,TRUFFLE,CC
2026_1_KenyonSadiq_TE,2026_KenyonSadiq_TE,KenyonSadiq_TE,2026_TRUFFLE_CC,TRUFFLE_CC,2026.0,1.0,Kenyon Sadiq,TE,NYJ,TRUFFLE,CC
2026_1_TreVeyonHenderson_RB,2026_TreVeyonHenderson_RB,TreVeyonHenderson_RB,2026_TRUFFLE_CC,TRUFFLE_CC,2026.0,1.0,TreVeyon Henderson,RB,NE,TRUFFLE,CC
2026_1_TreHarris_WR,2026_TreHarris_WR,TreHarris_WR,2026_TRUFFLE_CC,TRUFFLE_CC,2026.0,1.0,Tre Harris,WR,LAC,TRUFFLE,CC
2026_1_RachaadWhite_RB,2026_RachaadWhite_RB,RachaadWhite_RB,2026_TRUFFLE_CC,TRUFFLE_CC,2026.0,1.0,Rachaad White,RB,WAS,TRUFFLE,CC
2026_1_KyleMonangai_RB,2026_KyleMonangai_RB,KyleMonangai_RB,2026_TRUFFLE_NN,TRUFFLE_NN,2026.0,1.0,Kyle Monangai,RB,CHI,TRUFFLE,NN
2026_1_JadarianPrice_RB,2026_JadarianPrice_RB,JadarianPrice_RB,2026_TRUFFLE_NN,TRUFFLE_NN,2026.0,1.0,Jadarian Price,RB,SEA,TRUFFLE,NN
2026_1_TylerShough_QB,2026_TylerShough_QB,TylerShough_QB,2026_TRUFFLE_NN,TRUFFLE_NN,2026.0,1.0,Tyler Shough,QB,NO,TRUFFLE,NN
2026_1_MalikNabers_WR,2026_MalikNabers_WR,MalikNabers_WR,2026_TRUFFLE_NN,TRUFFLE_NN,2026.0,1.0,Malik Nabers,WR,NYG,TRUFFLE,NN
2026_1_BrianRobinson_RB,2026_BrianRobinson_RB,BrianRobinson_RB,2026_TRUFFLE_NN,TRUFFLE_NN,2026.0,1.0,Brian Robinson,RB,ATL,TRUFFLE,NN
2026_1_XavierWorthy_WR,2026_XavierWorthy_WR,XavierWorthy_WR,2026_TRUFFLE_NN,TRUFFLE_NN,2026.0,1.0,Xavier Worthy,WR,KC,TRUFFLE,NN
2026_1_JKDobbins_RB,2026_JKDobbins_RB,JKDobbins_RB,2026_TRUFFLE_NN,TRUFFLE_NN,2026.0,1.0,JK Dobbins,RB,DEN,TRUFFLE,NN
2026_1_MichaelWilson_WR,2026_MichaelWilson_WR,MichaelWilson_WR,2026_TRUFFLE_NN,TRUFFLE_NN,2026.0,1.0,Michael Wilson,WR,ARI,TRUFFLE,NN
2026_1_TylerAllgeier_RB,2026_TylerAllgeier_RB,TylerAllgeier_RB,2026_TRUFFLE_NN,TRUFFLE_NN,2026.0,1.0,Tyler Allgeier,RB,ARI,TRUFFLE,NN
2026_1_BreeceHall_RB,2026_BreeceHall_RB,BreeceHall_RB,2026_TRUFFLE_NN,TRUFFLE_NN,2026.0,1.0,Breece Hall,RB,NYJ,TRUFFLE,NN
2026_1_QuinshonJudkins_RB,2026_QuinshonJudkins_RB,QuinshonJudkins_RB,2026_TRUFFLE_NN,TRUFFLE_NN,2026.0,1.0,Quinshon Judkins,RB,CLE,TRUFFLE,NN
2026_1_ChrisBell_WR,2026_ChrisBell_WR,ChrisBell_WR,2026_TRUFFLE_NN,TRUFFLE_NN,2026.0,1.0,Chris Bell,WR,MIA,TRUFFLE,NN
2026_1_ChrisBrazzell_WR,2026_ChrisBrazzell_WR,ChrisBrazzell_WR,2026_TRUFFLE_NN,TRUFFLE_NN,2026.0,1.0,Chris Brazzell,WR,CAR,TRUFFLE,NN
2026_1_JakeFerguson_TE,2026_JakeFerguson_TE,JakeFerguson_TE,2026_TRUFFLE_NN,TRUFFLE_NN,2026.0,1.0,Jake Ferguson,TE,DAL,TRUFFLE,NN
2026_1_Vikings_DST,2026_Vikings_DST,Vikings_DST,2026_TRUFFLE_NN,TRUFFLE_NN,2026.0,1.0,Vikings,DST,MIN,TRUFFLE,NN
2026_1_GarrettWilson_WR,2026_GarrettWilson_WR,GarrettWilson_WR,2026_TRUFFLE_MAM,TRUFFLE_MAM,2026.0,1.0,Garrett Wilson,WR,NYJ,TRUFFLE,MAM
2026_1_CalebWilliams_QB,2026_CalebWilliams_QB,CalebWilliams_QB,2026_TRUFFLE_MAM,TRUFFLE_MAM,2026.0,1.0,Caleb Williams,QB,CHI,TRUFFLE,MAM
2026_1_JerryJeudy_WR,2026_JerryJeudy_WR,JerryJeudy_WR,2026_TRUFFLE_MAM,TRUFFLE_MAM,2026.0,1.0,Jerry Jeudy,WR,CLE,TRUFFLE,MAM
2026_1_DariusSlayton_WR,2026_DariusSlayton_WR,DariusSlayton_WR,2026_TRUFFLE_MAM,TRUFFLE_MAM,2026.0,1.0,Darius Slayton,WR,NYG,TRUFFLE,MAM
2026_1_BrandonAiyukDeadCap_WR,2026_BrandonAiyukDeadCap_WR,BrandonAiyukDeadCap_WR,2026_TRUFFLE_MAM,TRUFFLE_MAM,2026.0,1.0,Brandon Aiyuk Dead Cap,WR,SF,TRUFFLE,MAM
2026_1_EmmettJohnson_RB,2026_EmmettJohnson_RB,EmmettJohnson_RB,2026_TRUFFLE_MAM,TRUFFLE_MAM,2026.0,1.0,Emmett Johnson,RB,KC,TRUFFLE,MAM
2026_1_ElijahSarratt_WR,2026_ElijahSarratt_WR,ElijahSarratt_WR,2026_TRUFFLE_MAM,TRUFFLE_MAM,2026.0,1.0,Elijah Sarratt,WR,BAL,TRUFFLE,MAM
2026_1_ColbyParkinson_TE,2026_ColbyParkinson_TE,ColbyParkinson_TE,2026_TRUFFLE_MAM,TRUFFLE_MAM,2026.0,1.0,Colby Parkinson,TE,LAR,TRUFFLE,MAM
2026_1_RasheeRice_WR,2026_RasheeRice_WR,RasheeRice_WR,2026_TRUFFLE_MAM,TRUFFLE_MAM,2026.0,1.0,Rashee Rice,WR,KC,TRUFFLE,MAM
2026_1_BhayshulTuten_RB,2026_BhayshulTuten_RB,BhayshulTuten_RB,2026_TRUFFLE_MAM,TRUFFLE_MAM,2026.0,1.0,Bhayshul Tuten,RB,JAC,TRUFFLE,MAM
2026_1_KCConcepcion_WR,2026_KCConcepcion_WR,KCConcepcion_WR,2026_TRUFFLE_MAM,TRUFFLE_MAM,2026.0,1.0,KC Concepcion,WR,CLE,TRUFFLE,MAM
2026_1_RJHarvey_RB,2026_RJHarvey_RB,RJHarvey_RB,2026_TRUFFLE_MAM,TRUFFLE_MAM,2026.0,1.0,RJ Harvey,RB,DEN,TRUFFLE,MAM
2026_1_JustinHerbert_QB,2026_JustinHerbert_QB,JustinHerbert_QB,2026_TRUFFLE_MAM,TRUFFLE_MAM,2026.0,1.0,Justin Herbert,QB,LAC,TRUFFLE,MAM
2026_1_Rams_DST,2026_Rams_DST,Rams_DST,2026_TRUFFLE_MAM,TRUFFLE_MAM,2026.0,1.0,Rams,DST,LAR,TRUFFLE,MAM
2026_1_MichaelPittman_WR,2026_MichaelPittman_WR,MichaelPittman_WR,2026_KERFUFFLE_LBC,KERFUFFLE_LBC,2026.0,1.0,Michael Pittman,WR,PIT,KERFUFFLE,LBC
2026_1_De'ZhaunStribling_WR,2026_De'ZhaunStribling_WR,De'ZhaunStribling_WR,2026_KERFUFFLE_LBC,KERFUFFLE_LBC,2026.0,1.0,De'Zhaun Stribling,WR,SF,KERFUFFLE,LBC
2026_1_TravisEtienne_RB,2026_TravisEtienne_RB,TravisEtienne_RB,2026_KERFUFFLE_LBC,KERFUFFLE_LBC,2026.0,1.0,Travis Etienne,RB,NO,KERFUFFLE,LBC
2026_1_CJStroud_QB,2026_CJStroud_QB,CJStroud_QB,2026_KERFUFFLE_LBC,KERFUFFLE_LBC,2026.0,1.0,CJ Stroud,QB,HOU,KERFUFFLE,LBC
2026_1_EliRaridon_TE,2026_EliRaridon_TE,EliRaridon_TE,2026_KERFUFFLE_LBC,KERFUFFLE_LBC,2026.0,1.0,Eli Raridon,TE,NE,KERFUFFLE,LBC
2026_1_JerryJeudy_WR,2026_JerryJeudy_WR,JerryJeudy_WR,2026_KERFUFFLE_LBC,KERFUFFLE_LBC,2026.0,1.0,Jerry Jeudy,WR,CLE,KERFUFFLE,LBC
2026_1_BoNix_QB,2026_BoNix_QB,BoNix_QB,2026_KERFUFFLE_LBC,KERFUFFLE_LBC,2026.0,1.0,Bo Nix,QB,DEN,KERFUFFLE,LBC
2026_1_KyleWilliams_WR,2026_KyleWilliams_WR,KyleWilliams_WR,2026_KERFUFFLE_LBC,KERFUFFLE_LBC,2026.0,1.0,Kyle Williams,WR,NE,KERFUFFLE,LBC
2026_1_JaxonSmith-Njigba_WR,2026_JaxonSmith-Njigba_WR,JaxonSmith-Njigba_WR,2026_KERFUFFLE_LBC,KERFUFFLE_LBC,2026.0,1.0,Jaxon Smith-Njigba,WR,SEA,KERFUFFLE,LBC
2026_1_AntonioWilliams_WR,2026_AntonioWilliams_WR,AntonioWilliams_WR,2026_KERFUFFLE_LBC,KERFUFFLE_LBC,2026.0,1.0,Antonio Williams,WR,WAS,KERFUFFLE,LBC
2026_1_TreyMcBride_TE,2026_TreyMcBride_TE,TreyMcBride_TE,2026_KERFUFFLE_LBC,KERFUFFLE_LBC,2026.0,1.0,Trey McBride,TE,ARI,KERFUFFLE,LBC
2026_1_DrakeLondon_WR,2026_DrakeLondon_WR,DrakeLondon_WR,2026_KERFUFFLE_LBC,KERFUFFLE_LBC,2026.0,1.0,Drake London,WR,ATL,KERFUFFLE,LBC
2026_1_MichaelWilsonDeadCap_WR,2026_MichaelWilsonDeadCap_WR,MichaelWilsonDeadCap_WR,2026_KERFUFFLE_LBC,KERFUFFLE_LBC,2026.0,1.0,Michael Wilson Dead Cap,WR,ARI,KERFUFFLE,LBC
2026_1_RJHarvey_RB,2026_RJHarvey_RB,RJHarvey_RB,2026_KERFUFFLE_LBC,KERFUFFLE_LBC,2026.0,1.0,RJ Harvey,RB,DEN,KERFUFFLE,LBC
2026_1_BrockBowers_TE,2026_BrockBowers_TE,BrockBowers_TE,2026_KERFUFFLE_LBC,KERFUFFLE_LBC,2026.0,1.0,Brock Bowers,TE,LV,KERFUFFLE,LBC
2026_1_JackBech_WR,2026_JackBech_WR,JackBech_WR,2026_KERFUFFLE_LBC,KERFUFFLE_LBC,2026.0,1.0,Jack Bech,WR,LV,KERFUFFLE,LBC
2026_1_ChristianMcCaffrey_RB,2026_ChristianMcCaffrey_RB,ChristianMcCaffrey_RB,2026_KERFUFFLE_RR,KERFUFFLE_RR,2026.0,1.0,Christian McCaffrey,RB,SF,KERFUFFLE,RR
2026_1_DavanteAdams_WR,2026_DavanteAdams_WR,DavanteAdams_WR,2026_KERFUFFLE_RR,KERFUFFLE_RR,2026.0,1.0,Davante Adams,WR,LAR,KERFUFFLE,RR
2026_1_TylerWarren_TE,2026_TylerWarren_TE,TylerWarren_TE,2026_KERFUFFLE_RR,KERFUFFLE_RR,2026.0,1.0,Tyler Warren,TE,IND,KERFUFFLE,RR
2026_1_TylerShough_QB,2026_TylerShough_QB,TylerShough_QB,2026_KERFUFFLE_RR,KERFUFFLE_RR,2026.0,1.0,Tyler Shough,QB,NO,KERFUFFLE,RR
2026_1_BakerMayfield_QB,2026_BakerMayfield_QB,BakerMayfield_QB,2026_KERFUFFLE_RR,KERFUFFLE_RR,2026.0,1.0,Baker Mayfield,QB,TB,KERFUFFLE,RR
2026_1_GeorgePickens_WR,2026_GeorgePickens_WR,GeorgePickens_WR,2026_KERFUFFLE_RR,KERFUFFLE_RR,2026.0,1.0,George Pickens,WR,DAL,KERFUFFLE,RR
2026_1_MichaelPenix_QB,2026_MichaelPenix_QB,MichaelPenix_QB,2026_KERFUFFLE_RR,KERFUFFLE_RR,2026.0,1.0,Michael Penix,QB,ATL,KERFUFFLE,RR
2026_1_TyreekHill_WR,2026_TyreekHill_WR,TyreekHill_WR,2026_KERFUFFLE_RR,KERFUFFLE_RR,2026.0,1.0,Tyreek Hill,WR,MIA,KERFUFFLE,RR
2026_1_JalenMcMillan_WR,2026_JalenMcMillan_WR,JalenMcMillan_WR,2026_KERFUFFLE_RR,KERFUFFLE_RR,2026.0,1.0,Jalen McMillan,WR,TB,KERFUFFLE,RR
2026_1_BryceLance_WR,2026_BryceLance_WR,BryceLance_WR,2026_KERFUFFLE_RR,KERFUFFLE_RR,2026.0,1.0,Bryce Lance,WR,NO,KERFUFFLE,RR
2026_1_MichaelCarter_RB,2026_MichaelCarter_RB,MichaelCarter_RB,2026_KERFUFFLE_RR,KERFUFFLE_RR,2026.0,1.0,Michael Carter,RB,TEN,KERFUFFLE,RR
2026_1_KylePitts_TE,2026_KylePitts_TE,KylePitts_TE,2026_KERFUFFLE_RR,KERFUFFLE_RR,2026.0,1.0,Kyle Pitts,TE,ATL,KERFUFFLE,RR
2026_1_BreeceHall_RB,2026_BreeceHall_RB,BreeceHall_RB,2026_KERFUFFLE_RR,KERFUFFLE_RR,2026.0,1.0,Breece Hall,RB,NYJ,KERFUFFLE,RR
2026_1_ZachariahBranch_WR,2026_ZachariahBranch_WR,ZachariahBranch_WR,2026_KERFUFFLE_RR,KERFUFFLE_RR,2026.0,1.0,Zachariah Branch,WR,ATL,KERFUFFLE,RR
2026_1_MichaelWilson_WR,2026_MichaelWilson_WR,MichaelWilson_WR,2026_KERFUFFLE_RR,KERFUFFLE_RR,2026.0,1.0,Michael Wilson,WR,ARI,KERFUFFLE,RR
2026_1_OrondeGadsden_TE,2026_OrondeGadsden_TE,OrondeGadsden_TE,2026_KERFUFFLE_RR,KERFUFFLE_RR,2026.0,1.0,Oronde Gadsden,TE,LAC,KERFUFFLE,RR
2026_1_WoodyMarks_RB,2026_WoodyMarks_RB,WoodyMarks_RB,2026_KERFUFFLE_RR,KERFUFFLE_RR,2026.0,1.0,Woody Marks,RB,HOU,KERFUFFLE,RR
2026_1_Patriots_DST,2026_Patriots_DST,Patriots_DST,2026_KERFUFFLE_RR,KERFUFFLE_RR,2026.0,1.0,Patriots,DST,NE,KERFUFFLE,RR
2026_1_JordanAddison_WR,2026_JordanAddison_WR,JordanAddison_WR,2026_KERFUFFLE_PP,KERFUFFLE_PP,2026.0,1.0,Jordan Addison,WR,MIN,KERFUFFLE,PP
2026_1_RasheeRice_WR,2026_RasheeRice_WR,RasheeRice_WR,2026_KERFUFFLE_PP,KERFUFFLE_PP,2026.0,1.0,Rashee Rice,WR,KC,KERFUFFLE,PP
2026_1_DenzelBoston_WR,2026_DenzelBoston_WR,DenzelBoston_WR,2026_KERFUFFLE_PP,KERFUFFLE_PP,2026.0,1.0,Denzel Boston,WR,CLE,KERFUFFLE,PP
2026_1_EmanuelWilson_RB,2026_EmanuelWilson_RB,EmanuelWilson_RB,2026_KERFUFFLE_PP,KERFUFFLE_PP,2026.0,1.0,Emanuel Wilson,RB,SEA,KERFUFFLE,PP
2026_1_JoshJacobs_RB,2026_JoshJacobs_RB,JoshJacobs_RB,2026_KERFUFFLE_PP,KERFUFFLE_PP,2026.0,1.0,Josh Jacobs,RB,GB,KERFUFFLE,PP
2026_1_IsaiahLikely_TE,2026_IsaiahLikely_TE,IsaiahLikely_TE,2026_KERFUFFLE_PP,KERFUFFLE_PP,2026.0,1.0,Isaiah Likely,TE,NYG,KERFUFFLE,PP
2026_1_OmarionHampton_RB,2026_OmarionHampton_RB,OmarionHampton_RB,2026_KERFUFFLE_PP,KERFUFFLE_PP,2026.0,1.0,Omarion Hampton,RB,LAC,KERFUFFLE,PP
2026_1_KaytronAllen_RB,2026_KaytronAllen_RB,KaytronAllen_RB,2026_KERFUFFLE_PP,KERFUFFLE_PP,2026.0,1.0,Kaytron Allen,RB,WAS,KERFUFFLE,PP
2026_1_JalenMilroe_QB,2026_JalenMilroe_QB,JalenMilroe_QB,2026_KERFUFFLE_PP,KERFUFFLE_PP,2026.0,1.0,Jalen Milroe,QB,SEA,KERFUFFLE,PP
2026_1_JustinHerbert_QB,2026_JustinHerbert_QB,JustinHerbert_QB,2026_KERFUFFLE_PP,KERFUFFLE_PP,2026.0,1.0,Justin Herbert,QB,LAC,KERFUFFLE,PP
2026_1_JaydonBlue_RB,2026_JaydonBlue_RB,JaydonBlue_RB,2026_KERFUFFLE_PP,KERFUFFLE_PP,2026.0,1.0,Jaydon Blue,RB,DAL,KERFUFFLE,PP
2026_1_RileyLeonard_QB,2026_RileyLeonard_QB,RileyLeonard_QB,2026_KERFUFFLE_PP,KERFUFFLE_PP,2026.0,1.0,Riley Leonard,QB,IND,KERFUFFLE,PP
2026_1_MakaiLemon_WR,2026_MakaiLemon_WR,MakaiLemon_WR,2026_KERFUFFLE_PP,KERFUFFLE_PP,2026.0,1.0,Makai Lemon,WR,PHI,KERFUFFLE,PP
2026_1_CourtlandSutton_WR,2026_CourtlandSutton_WR,CourtlandSutton_WR,2026_KERFUFFLE_PP,KERFUFFLE_PP,2026.0,1.0,Courtland Sutton,WR,DEN,KERFUFFLE,PP
2026_1_JaydenHiggins_WR,2026_JaydenHiggins_WR,JaydenHiggins_WR,2026_KERFUFFLE_PP,KERFUFFLE_PP,2026.0,1.0,Jayden Higgins,WR,HOU,KERFUFFLE,PP
2026_1_TravisKelce_TE,2026_TravisKelce_TE,TravisKelce_TE,2026_KERFUFFLE_PP,KERFUFFLE_PP,2026.0,1.0,Travis Kelce,TE,KC,KERFUFFLE,PP
2026_1_MarShawnLloyd_RB,2026_MarShawnLloyd_RB,MarShawnLloyd_RB,2026_KERFUFFLE_PP,KERFUFFLE_PP,2026.0,1.0,MarShawn Lloyd,RB,GB,KERFUFFLE,PP
2026_1_CalvinRidley_WR,2026_CalvinRidley_WR,CalvinRidley_WR,2026_KERFUFFLE_PP,KERFUFFLE_PP,2026.0,1.0,Calvin Ridley,WR,TEN,KERFUFFLE,PP
2026_1_JJMcCarthy_QB,2026_JJMcCarthy_QB,JJMcCarthy_QB,2026_KERFUFFLE_PP,KERFUFFLE_PP,2026.0,1.0,JJ McCarthy,QB,MIN,KERFUFFLE,PP
2026_1_Cowboys_DST,2026_Cowboys_DST,Cowboys_DST,2026_KERFUFFLE_PP,KERFUFFLE_PP,2026.0,1.0,Cowboys,DST,DAL,KERFUFFLE,PP
2026_1_AJBrown_WR,2026_AJBrown_WR,AJBrown_WR,2026_KERFUFFLE_PCP,KERFUFFLE_PCP,2026.0,1.0,AJ Brown,WR,NE,KERFUFFLE,PCP
2026_1_TreyBenson_RB,2026_TreyBenson_RB,TreyBenson_RB,2026_KERFUFFLE_PCP,KERFUFFLE_PCP,2026.0,1.0,Trey Benson,RB,ARI,KERFUFFLE,PCP
2026_1_DevinNeal_RB,2026_DevinNeal_RB,DevinNeal_RB,2026_KERFUFFLE_PCP,KERFUFFLE_PCP,2026.0,1.0,Devin Neal,RB,NO,KERFUFFLE,PCP
2026_1_KennethWalker_RB,2026_KennethWalker_RB,KennethWalker_RB,2026_KERFUFFLE_PCP,KERFUFFLE_PCP,2026.0,1.0,Kenneth Walker,RB,KC,KERFUFFLE,PCP
2026_1_TJHockenson_TE,2026_TJHockenson_TE,TJHockenson_TE,2026_KERFUFFLE_PCP,KERFUFFLE_PCP,2026.0,1.0,TJ Hockenson,TE,MIN,KERFUFFLE,PCP
2026_1_ShedeurSanders_QB,2026_ShedeurSanders_QB,ShedeurSanders_QB,2026_KERFUFFLE_PCP,KERFUFFLE_PCP,2026.0,1.0,Shedeur Sanders,QB,CLE,KERFUFFLE,PCP
2026_1_RomeoDoubs_WR,2026_RomeoDoubs_WR,RomeoDoubs_WR,2026_KERFUFFLE_PCP,KERFUFFLE_PCP,2026.0,1.0,Romeo Doubs,WR,NE,KERFUFFLE,PCP
2026_1_CeeDeeLamb_WR,2026_CeeDeeLamb_WR,CeeDeeLamb_WR,2026_KERFUFFLE_PCP,KERFUFFLE_PCP,2026.0,1.0,CeeDee Lamb,WR,DAL,KERFUFFLE,PCP
2026_1_FernandoMendoza_QB,2026_FernandoMendoza_QB,FernandoMendoza_QB,2026_KERFUFFLE_PCP,KERFUFFLE_PCP,2026.0,1.0,Fernando Mendoza,QB,LV,KERFUFFLE,PCP
2026_1_DJGiddens_RB,2026_DJGiddens_RB,DJGiddens_RB,2026_KERFUFFLE_PCP,KERFUFFLE_PCP,2026.0,1.0,DJ Giddens,RB,IND,KERFUFFLE,PCP
2026_1_TuaTagovailoa_QB,2026_TuaTagovailoa_QB,TuaTagovailoa_QB,2026_KERFUFFLE_PCP,KERFUFFLE_PCP,2026.0,1.0,Tua Tagovailoa,QB,ATL,KERFUFFLE,PCP
2026_1_AshtonJeanty_RB,2026_AshtonJeanty_RB,AshtonJeanty_RB,2026_KERFUFFLE_PCP,KERFUFFLE_PCP,2026.0,1.0,Ashton Jeanty,RB,LV,KERFUFFLE,PCP
2026_1_BraelonAllen_RB,2026_BraelonAllen_RB,BraelonAllen_RB,2026_KERFUFFLE_PCP,KERFUFFLE_PCP,2026.0,1.0,Braelon Allen,RB,NYJ,KERFUFFLE,PCP
2026_1_DanielJones_QB,2026_DanielJones_QB,DanielJones_QB,2026_KERFUFFLE_PCP,KERFUFFLE_PCP,2026.0,1.0,Daniel Jones,QB,IND,KERFUFFLE,PCP
2026_1_GarrettWilson_WR,2026_GarrettWilson_WR,GarrettWilson_WR,2026_KERFUFFLE_PCP,KERFUFFLE_PCP,2026.0,1.0,Garrett Wilson,WR,NYJ,KERFUFFLE,PCP
2026_1_ChrisBrazzell_WR,2026_ChrisBrazzell_WR,ChrisBrazzell_WR,2026_KERFUFFLE_PCP,KERFUFFLE_PCP,2026.0,1.0,Chris Brazzell,WR,CAR,KERFUFFLE,PCP
2026_1_KenyonSadiq_TE,2026_KenyonSadiq_TE,KenyonSadiq_TE,2026_KERFUFFLE_PCP,KERFUFFLE_PCP,2026.0,1.0,Kenyon Sadiq,TE,NYJ,KERFUFFLE,PCP
2026_1_ChrisBell_WR,2026_ChrisBell_WR,ChrisBell_WR,2026_KERFUFFLE_PCP,KERFUFFLE_PCP,2026.0,1.0,Chris Bell,WR,MIA,KERFUFFLE,PCP
2026_1_KeonColeman_WR,2026_KeonColeman_WR,KeonColeman_WR,2026_KERFUFFLE_PCP,KERFUFFLE_PCP,2026.0,1.0,Keon Coleman,WR,BUF,KERFUFFLE,PCP
2026_1_Ravens_DST,2026_Ravens_DST,Ravens_DST,2026_KERFUFFLE_PCP,KERFUFFLE_PCP,2026.0,1.0,Ravens,DST,BAL,KERFUFFLE,PCP
2026_1_MalikWillis_QB,2026_MalikWillis_QB,MalikWillis_QB,2026_KERFUFFLE_ABT,KERFUFFLE_ABT,2026.0,1.0,Malik Willis,QB,MIA,KERFUFFLE,ABT
2026_1_ChrisOlave_WR,2026_ChrisOlave_WR,ChrisOlave_WR,2026_KERFUFFLE_ABT,KERFUFFLE_ABT,2026.0,1.0,Chris Olave,WR,NO,KERFUFFLE,ABT
2026_1_CalebWilliams_QB,2026_CalebWilliams_QB,CalebWilliams_QB,2026_KERFUFFLE_ABT,KERFUFFLE_ABT,2026.0,1.0,Caleb Williams,QB,CHI,KERFUFFLE,ABT
2026_1_SaquonBarkley_RB,2026_SaquonBarkley_RB,SaquonBarkley_RB,2026_KERFUFFLE_ABT,KERFUFFLE_ABT,2026.0,1.0,Saquon Barkley,RB,PHI,KERFUFFLE,ABT
2026_1_KeatonMitchell_RB,2026_KeatonMitchell_RB,KeatonMitchell_RB,2026_KERFUFFLE_ABT,KERFUFFLE_ABT,2026.0,1.0,Keaton Mitchell,RB,LAC,KERFUFFLE,ABT
2026_1_ElijahSarratt_WR,2026_ElijahSarratt_WR,ElijahSarratt_WR,2026_KERFUFFLE_ABT,KERFUFFLE_ABT,2026.0,1.0,Elijah Sarratt,WR,BAL,KERFUFFLE,ABT
2026_1_EliStowers_TE,2026_EliStowers_TE,EliStowers_TE,2026_KERFUFFLE_ABT,KERFUFFLE_ABT,2026.0,1.0,Eli Stowers,TE,PHI,KERFUFFLE,ABT
2026_1_ColstonLoveland_TE,2026_ColstonLoveland_TE,ColstonLoveland_TE,2026_KERFUFFLE_ABT,KERFUFFLE_ABT,2026.0,1.0,Colston Loveland,TE,CHI,KERFUFFLE,ABT
2026_1_PukaNacua_WR,2026_PukaNacua_WR,PukaNacua_WR,2026_KERFUFFLE_ABT,KERFUFFLE_ABT,2026.0,1.0,Puka Nacua,WR,LAR,KERFUFFLE,ABT
2026_1_TreTucker_WR,2026_TreTucker_WR,TreTucker_WR,2026_KERFUFFLE_ABT,KERFUFFLE_ABT,2026.0,1.0,Tre Tucker,WR,LV,KERFUFFLE,ABT
2026_1_JoshDowns_WR,2026_JoshDowns_WR,JoshDowns_WR,2026_KERFUFFLE_ABT,KERFUFFLE_ABT,2026.0,1.0,Josh Downs,WR,IND,KERFUFFLE,ABT
2026_1_ParkerWashington_WR,2026_ParkerWashington_WR,ParkerWashington_WR,2026_KERFUFFLE_ABT,KERFUFFLE_ABT,2026.0,1.0,Parker Washington,WR,JAC,KERFUFFLE,ABT
2026_1_TylerAllgeier_RB,2026_TylerAllgeier_RB,TylerAllgeier_RB,2026_KERFUFFLE_ABT,KERFUFFLE_ABT,2026.0,1.0,Tyler Allgeier,RB,ARI,KERFUFFLE,ABT
2026_1_DJMoore_WR,2026_DJMoore_WR,DJMoore_WR,2026_KERFUFFLE_ABT,KERFUFFLE_ABT,2026.0,1.0,DJ Moore,WR,BUF,KERFUFFLE,ABT
2026_1_KCConcepcion_WR,2026_KCConcepcion_WR,KCConcepcion_WR,2026_KERFUFFLE_ABT,KERFUFFLE_ABT,2026.0,1.0,KC Concepcion,WR,CLE,KERFUFFLE,ABT
2026_1_JonahColeman_RB,2026_JonahColeman_RB,JonahColeman_RB,2026_KERFUFFLE_ABT,KERFUFFLE_ABT,2026.0,1.0,Jonah Coleman,RB,DEN,KERFUFFLE,ABT
2026_1_ChaseBrown_RB,2026_ChaseBrown_RB,ChaseBrown_RB,2026_KERFUFFLE_ABT,KERFUFFLE_ABT,2026.0,1.0,Chase Brown,RB,CIN,KERFUFFLE,ABT
2026_1_JonathonBrooks_RB,2026_JonathonBrooks_RB,JonathonBrooks_RB,2026_KERFUFFLE_ABT,KERFUFFLE_ABT,2026.0,1.0,Jonathon Brooks,RB,CAR,KERFUFFLE,ABT
2026_1_Rams_DST,2026_Rams_DST,Rams_DST,2026_KERFUFFLE_ABT,KERFUFFLE_ABT,2026.0,1.0,Rams,DST,LAR,KERFUFFLE,ABT
2026_1_TerranceFerguson_TE,2026_TerranceFerguson_TE,TerranceFerguson_TE,2026_KERFUFFLE_CLC,KERFUFFLE_CLC,2026.0,1.0,Terrance Ferguson,TE,LAR,KERFUFFLE,CLC
2026_1_DeVontaSmith_WR,2026_DeVontaSmith_WR,DeVontaSmith_WR,2026_KERFUFFLE_CLC,KERFUFFLE_CLC,2026.0,1.0,DeVonta Smith,WR,PHI,KERFUFFLE,CLC
2026_1_CamWard_QB,2026_CamWard_QB,CamWard_QB,2026_KERFUFFLE_CLC,KERFUFFLE_CLC,2026.0,1.0,Cam Ward,QB,TEN,KERFUFFLE,CLC
2026_1_ZavionThomas_WR,2026_ZavionThomas_WR,ZavionThomas_WR,2026_KERFUFFLE_CLC,KERFUFFLE_CLC,2026.0,1.0,Zavion Thomas,WR,CHI,KERFUFFLE,CLC
2026_1_JordanLove_QB,2026_JordanLove_QB,JordanLove_QB,2026_KERFUFFLE_CLC,KERFUFFLE_CLC,2026.0,1.0,Jordan Love,QB,GB,KERFUFFLE,CLC
2026_1_RomeOdunze_WR,2026_RomeOdunze_WR,RomeOdunze_WR,2026_KERFUFFLE_CLC,KERFUFFLE_CLC,2026.0,1.0,Rome Odunze,WR,CHI,KERFUFFLE,CLC
2026_1_NicoCollins_WR,2026_NicoCollins_WR,NicoCollins_WR,2026_KERFUFFLE_CLC,KERFUFFLE_CLC,2026.0,1.0,Nico Collins,WR,HOU,KERFUFFLE,CLC
2026_1_JeremiyahLove_RB,2026_JeremiyahLove_RB,JeremiyahLove_RB,2026_KERFUFFLE_CLC,KERFUFFLE_CLC,2026.0,1.0,Jeremiyah Love,RB,ARI,KERFUFFLE,CLC
2026_1_JaylenWaddle_WR,2026_JaylenWaddle_WR,JaylenWaddle_WR,2026_KERFUFFLE_CLC,KERFUFFLE_CLC,2026.0,1.0,Jaylen Waddle,WR,DEN,KERFUFFLE,CLC
2026_1_RickyPearsall_WR,2026_RickyPearsall_WR,RickyPearsall_WR,2026_KERFUFFLE_CLC,KERFUFFLE_CLC,2026.0,1.0,Ricky Pearsall,WR,SF,KERFUFFLE,CLC
2026_1_JacobyBrissett_QB,2026_JacobyBrissett_QB,JacobyBrissett_QB,2026_KERFUFFLE_CLC,KERFUFFLE_CLC,2026.0,1.0,Jacoby Brissett,QB,ARI,KERFUFFLE,CLC
2026_1_KaelonBlack_RB,2026_KaelonBlack_RB,KaelonBlack_RB,2026_KERFUFFLE_CLC,KERFUFFLE_CLC,2026.0,1.0,Kaelon Black,RB,SF,KERFUFFLE,CLC
2026_1_TrevorEtienne_RB,2026_TrevorEtienne_RB,TrevorEtienne_RB,2026_KERFUFFLE_CLC,KERFUFFLE_CLC,2026.0,1.0,Trevor Etienne,RB,CAR,KERFUFFLE,CLC
2026_1_JustinFields_QB,2026_JustinFields_QB,JustinFields_QB,2026_KERFUFFLE_CLC,KERFUFFLE_CLC,2026.0,1.0,Justin Fields,QB,KC,KERFUFFLE,CLC
2026_1_JavonteWilliams_RB,2026_JavonteWilliams_RB,JavonteWilliams_RB,2026_KERFUFFLE_CLC,KERFUFFLE_CLC,2026.0,1.0,Javonte Williams,RB,DAL,KERFUFFLE,CLC
2026_1_DaltonKincaid_TE,2026_DaltonKincaid_TE,DaltonKincaid_TE,2026_KERFUFFLE_CLC,KERFUFFLE_CLC,2026.0,1.0,Dalton Kincaid,TE,BUF,KERFUFFLE,CLC
2026_1_Ja'LynnPolk_WR,2026_Ja'LynnPolk_WR,Ja'LynnPolk_WR,2026_KERFUFFLE_CLC,KERFUFFLE_CLC,2026.0,1.0,Ja'Lynn Polk,WR,NO,KERFUFFLE,CLC
2026_1_Bills_DST,2026_Bills_DST,Bills_DST,2026_KERFUFFLE_CLC,KERFUFFLE_CLC,2026.0,1.0,Bills,DST,BUF,KERFUFFLE,CLC
2026_1_JakobiMeyers_WR,2026_JakobiMeyers_WR,JakobiMeyers_WR,2026_KERFUFFLE_CPC,KERFUFFLE_CPC,2026.0,1.0,Jakobi Meyers,WR,JAC,KERFUFFLE,CPC
2026_1_TySimpson_QB,2026_TySimpson_QB,TySimpson_QB,2026_KERFUFFLE_CPC,KERFUFFLE_CPC,2026.0,1.0,Ty Simpson,QB,LAR,KERFUFFLE,CPC
2026_1_DrakeMaye_QB,2026_DrakeMaye_QB,DrakeMaye_QB,2026_KERFUFFLE_CPC,KERFUFFLE_CPC,2026.0,1.0,Drake Maye,QB,NE,KERFUFFLE,CPC
2026_1_TeeHiggins_WR,2026_TeeHiggins_WR,TeeHiggins_WR,2026_KERFUFFLE_CPC,KERFUFFLE_CPC,2026.0,1.0,Tee Higgins,WR,CIN,KERFUFFLE,CPC
2026_1_MaxKlare_TE,2026_MaxKlare_TE,MaxKlare_TE,2026_KERFUFFLE_CPC,KERFUFFLE_CPC,2026.0,1.0,Max Klare,TE,LAR,KERFUFFLE,CPC
2026_1_QuinshonJudkins_RB,2026_QuinshonJudkins_RB,QuinshonJudkins_RB,2026_KERFUFFLE_CPC,KERFUFFLE_CPC,2026.0,1.0,Quinshon Judkins,RB,CLE,KERFUFFLE,CPC
2026_1_DontayvionWicksDeadCap_WR,2026_DontayvionWicksDeadCap_WR,DontayvionWicksDeadCap_WR,2026_KERFUFFLE_CPC,KERFUFFLE_CPC,2026.0,1.0,Dontayvion Wicks Dead Cap,WR,GB,KERFUFFLE,CPC
2026_1_GeorgeKittle_TE,2026_GeorgeKittle_TE,GeorgeKittle_TE,2026_KERFUFFLE_CPC,KERFUFFLE_CPC,2026.0,1.0,George Kittle,TE,SF,KERFUFFLE,CPC
2026_1_JamesCook_RB,2026_JamesCook_RB,JamesCook_RB,2026_KERFUFFLE_CPC,KERFUFFLE_CPC,2026.0,1.0,James Cook,RB,BUF,KERFUFFLE,CPC
2026_1_AdonaiMitchell_WR,2026_AdonaiMitchell_WR,AdonaiMitchell_WR,2026_KERFUFFLE_CPC,KERFUFFLE_CPC,2026.0,1.0,Adonai Mitchell,WR,NYJ,KERFUFFLE,CPC
2026_1_Ja'MarrChase_WR,2026_Ja'MarrChase_WR,Ja'MarrChase_WR,2026_KERFUFFLE_CPC,KERFUFFLE_CPC,2026.0,1.0,Ja'Marr Chase,WR,CIN,KERFUFFLE,CPC
2026_1_NicholasSingleton_RB,2026_NicholasSingleton_RB,NicholasSingleton_RB,2026_KERFUFFLE_CPC,KERFUFFLE_CPC,2026.0,1.0,Nicholas Singleton,RB,TEN,KERFUFFLE,CPC
2026_1_JakeTonges_TE,2026_JakeTonges_TE,JakeTonges_TE,2026_KERFUFFLE_CPC,KERFUFFLE_CPC,2026.0,1.0,Jake Tonges,TE,SF,KERFUFFLE,CPC
2026_1_DakPrescott_QB,2026_DakPrescott_QB,DakPrescott_QB,2026_KERFUFFLE_CPC,KERFUFFLE_CPC,2026.0,1.0,Dak Prescott,QB,DAL,KERFUFFLE,CPC
2026_1_LaddMcConkey_WR,2026_LaddMcConkey_WR,LaddMcConkey_WR,2026_KERFUFFLE_CPC,KERFUFFLE_CPC,2026.0,1.0,Ladd McConkey,WR,LAC,KERFUFFLE,CPC
2026_1_MatthewGolden_WR,2026_MatthewGolden_WR,MatthewGolden_WR,2026_KERFUFFLE_CPC,KERFUFFLE_CPC,2026.0,1.0,Matthew Golden,WR,GB,KERFUFFLE,CPC
2026_1_Texans_DST,2026_Texans_DST,Texans_DST,2026_KERFUFFLE_CPC,KERFUFFLE_CPC,2026.0,1.0,Texans,DST,HOU,KERFUFFLE,CPC
2026_1_ZayFlowers_WR,2026_ZayFlowers_WR,ZayFlowers_WR,2026_KERFUFFLE_DDD,KERFUFFLE_DDD,2026.0,1.0,Zay Flowers,WR,BAL,KERFUFFLE,DDD
2026_1_GenoSmith_QB,2026_GenoSmith_QB,GenoSmith_QB,2026_KERFUFFLE_DDD,KERFUFFLE_DDD,2026.0,1.0,Geno Smith,QB,NYJ,KERFUFFLE,DDD
2026_1_Ja'KobiLane_WR,2026_Ja'KobiLane_WR,Ja'KobiLane_WR,2026_KERFUFFLE_DDD,KERFUFFLE_DDD,2026.0,1.0,Ja'Kobi Lane,WR,BAL,KERFUFFLE,DDD
2026_1_ElicAyomanor_WR,2026_ElicAyomanor_WR,ElicAyomanor_WR,2026_KERFUFFLE_DDD,KERFUFFLE_DDD,2026.0,1.0,Elic Ayomanor,WR,TEN,KERFUFFLE,DDD
2026_1_CamSkattebo_RB,2026_CamSkattebo_RB,CamSkattebo_RB,2026_KERFUFFLE_DDD,KERFUFFLE_DDD,2026.0,1.0,Cam Skattebo,RB,NYG,KERFUFFLE,DDD
2026_1_MalikNabers_WR,2026_MalikNabers_WR,MalikNabers_WR,2026_KERFUFFLE_DDD,KERFUFFLE_DDD,2026.0,1.0,Malik Nabers,WR,NYG,KERFUFFLE,DDD
2026_1_KendrickLaw_WR,2026_KendrickLaw_WR,KendrickLaw_WR,2026_KERFUFFLE_DDD,KERFUFFLE_DDD,2026.0,1.0,Kendrick Law,WR,DET,KERFUFFLE,DDD
2026_1_EmekaEgbuka_WR,2026_EmekaEgbuka_WR,EmekaEgbuka_WR,2026_KERFUFFLE_DDD,KERFUFFLE_DDD,2026.0,1.0,Emeka Egbuka,WR,TB,KERFUFFLE,DDD
2026_1_SamLaPortaDeadCap_TE,2026_SamLaPortaDeadCap_TE,SamLaPortaDeadCap_TE,2026_KERFUFFLE_DDD,KERFUFFLE_DDD,2026.0,1.0,Sam LaPorta Dead Cap,TE,DET,KERFUFFLE,DDD
2026_1_TheoJohnson_TE,2026_TheoJohnson_TE,TheoJohnson_TE,2026_KERFUFFLE_DDD,KERFUFFLE_DDD,2026.0,1.0,Theo Johnson,TE,NYG,KERFUFFLE,DDD
2026_1_BuckyIrving_RB,2026_BuckyIrving_RB,BuckyIrving_RB,2026_KERFUFFLE_DDD,KERFUFFLE_DDD,2026.0,1.0,Bucky Irving,RB,TB,KERFUFFLE,DDD
2026_1_DeshaunWatsonDeadCap_QB,2026_DeshaunWatsonDeadCap_QB,DeshaunWatsonDeadCap_QB,2026_KERFUFFLE_DDD,KERFUFFLE_DDD,2026.0,1.0,Deshaun Watson Dead Cap,QB,CLE,KERFUFFLE,DDD
2026_1_JahmyrGibbs_RB,2026_JahmyrGibbs_RB,JahmyrGibbs_RB,2026_KERFUFFLE_DDD,KERFUFFLE_DDD,2026.0,1.0,Jahmyr Gibbs,RB,DET,KERFUFFLE,DDD
2026_1_KennethGainwell_RB,2026_KennethGainwell_RB,KennethGainwell_RB,2026_KERFUFFLE_DDD,KERFUFFLE_DDD,2026.0,1.0,Kenneth Gainwell,RB,TB,KERFUFFLE,DDD
2026_1_Seahawks_DST,2026_Seahawks_DST,Seahawks_DST,2026_KERFUFFLE_DDD,KERFUFFLE_DDD,2026.0,1.0,Seahawks,DST,SEA,KERFUFFLE,DDD
2026_1_DKMetcalf_WR,2026_DKMetcalf_WR,DKMetcalf_WR,2026_KERFUFFLE_LC,KERFUFFLE_LC,2026.0,1.0,DK Metcalf,WR,PIT,KERFUFFLE,LC
2026_1_XavierWorthy_WR,2026_XavierWorthy_WR,XavierWorthy_WR,2026_KERFUFFLE_LC,KERFUFFLE_LC,2026.0,1.0,Xavier Worthy,WR,KC,KERFUFFLE,LC
2026_1_ToryHorton_WR,2026_ToryHorton_WR,ToryHorton_WR,2026_KERFUFFLE_LC,KERFUFFLE_LC,2026.0,1.0,Tory Horton,WR,SEA,KERFUFFLE,LC
2026_1_ZachCharbonnet_RB,2026_ZachCharbonnet_RB,ZachCharbonnet_RB,2026_KERFUFFLE_LC,KERFUFFLE_LC,2026.0,1.0,Zach Charbonnet,RB,SEA,KERFUFFLE,LC
2026_1_RashidShaheed_WR,2026_RashidShaheed_WR,RashidShaheed_WR,2026_KERFUFFLE_LC,KERFUFFLE_LC,2026.0,1.0,Rashid Shaheed,WR,SEA,KERFUFFLE,LC
2026_1_TravisHunter_WR,2026_TravisHunter_WR,TravisHunter_WR,2026_KERFUFFLE_LC,KERFUFFLE_LC,2026.0,1.0,Travis Hunter,WR,JAC,KERFUFFLE,LC
2026_1_JadarianPrice_RB,2026_JadarianPrice_RB,JadarianPrice_RB,2026_KERFUFFLE_LC,KERFUFFLE_LC,2026.0,1.0,Jadarian Price,RB,SEA,KERFUFFLE,LC
2026_1_MalachiFields_WR,2026_MalachiFields_WR,MalachiFields_WR,2026_KERFUFFLE_LC,KERFUFFLE_LC,2026.0,1.0,Malachi Fields,WR,NYG,KERFUFFLE,LC
2026_1_TedHurst_WR,2026_TedHurst_WR,TedHurst_WR,2026_KERFUFFLE_LC,KERFUFFLE_LC,2026.0,1.0,Ted Hurst,WR,TB,KERFUFFLE,LC
2026_1_JakeFerguson_TE,2026_JakeFerguson_TE,JakeFerguson_TE,2026_KERFUFFLE_LC,KERFUFFLE_LC,2026.0,1.0,Jake Ferguson,TE,DAL,KERFUFFLE,LC
2026_1_LutherBurden_WR,2026_LutherBurden_WR,LutherBurden_WR,2026_KERFUFFLE_LC,KERFUFFLE_LC,2026.0,1.0,Luther Burden,WR,CHI,KERFUFFLE,LC
2026_1_49ers_DST,2026_49ers_DST,49ers_DST,2026_KERFUFFLE_LC,KERFUFFLE_LC,2026.0,1.0,49ers,DST,SF,KERFUFFLE,LC
2026_1_BhayshulTuten_RB,2026_BhayshulTuten_RB,BhayshulTuten_RB,2026_KERFUFFLE_NBB,KERFUFFLE_NBB,2026.0,1.0,Bhayshul Tuten,RB,JAC,KERFUFFLE,NBB
2026_1_BlakeCorum_RB,2026_BlakeCorum_RB,BlakeCorum_RB,2026_KERFUFFLE_NBB,KERFUFFLE_NBB,2026.0,1.0,Blake Corum,RB,LAR,KERFUFFLE,NBB
2026_1_JordynTyson_WR,2026_JordynTyson_WR,JordynTyson_WR,2026_KERFUFFLE_NBB,KERFUFFLE_NBB,2026.0,1.0,Jordyn Tyson,WR,NO,KERFUFFLE,NBB
2026_1_JoshAllen_QB,2026_JoshAllen_QB,JoshAllen_QB,2026_KERFUFFLE_NBB,KERFUFFLE_NBB,2026.0,1.0,Josh Allen,QB,BUF,KERFUFFLE,NBB
2026_1_KhalilShakir_WR,2026_KhalilShakir_WR,KhalilShakir_WR,2026_KERFUFFLE_NBB,KERFUFFLE_NBB,2026.0,1.0,Khalil Shakir,WR,BUF,KERFUFFLE,NBB
2026_1_CalebDouglas_WR,2026_CalebDouglas_WR,CalebDouglas_WR,2026_KERFUFFLE_NBB,KERFUFFLE_NBB,2026.0,1.0,Caleb Douglas,WR,MIA,KERFUFFLE,NBB
2026_1_BrianThomas_WR,2026_BrianThomas_WR,BrianThomas_WR,2026_KERFUFFLE_NBB,KERFUFFLE_NBB,2026.0,1.0,Brian Thomas,WR,JAC,KERFUFFLE,NBB
2026_1_TetairoaMcMillan_WR,2026_TetairoaMcMillan_WR,TetairoaMcMillan_WR,2026_KERFUFFLE_NBB,KERFUFFLE_NBB,2026.0,1.0,Tetairoa McMillan,WR,CAR,KERFUFFLE,NBB
2026_1_MarlinKlein_TE,2026_MarlinKlein_TE,MarlinKlein_TE,2026_KERFUFFLE_NBB,KERFUFFLE_NBB,2026.0,1.0,Marlin Klein,TE,HOU,KERFUFFLE,NBB
2026_1_HaroldFannin_TE,2026_HaroldFannin_TE,HaroldFannin_TE,2026_KERFUFFLE_NBB,KERFUFFLE_NBB,2026.0,1.0,Harold Fannin,TE,CLE,KERFUFFLE,NBB
2026_1_TrevorLawrence_QB,2026_TrevorLawrence_QB,TrevorLawrence_QB,2026_KERFUFFLE_NBB,KERFUFFLE_NBB,2026.0,1.0,Trevor Lawrence,QB,JAC,KERFUFFLE,NBB
2026_1_RayDavis_RB,2026_RayDavis_RB,RayDavis_RB,2026_KERFUFFLE_MB,KERFUFFLE_MB,2026.0,1.0,Ray Davis,RB,BUF,KERFUFFLE,MB
2026_1_JaxsonDart_QB,2026_JaxsonDart_QB,JaxsonDart_QB,2026_KERFUFFLE_MB,KERFUFFLE_MB,2026.0,1.0,Jaxson Dart,QB,NYG,KERFUFFLE,MB
2026_1_JacoryCroskey-Merritt_RB,2026_JacoryCroskey-Merritt_RB,JacoryCroskey-Merritt_RB,2026_KERFUFFLE_MB,KERFUFFLE_MB,2026.0,1.0,Jacory Croskey-Merritt,RB,WAS,KERFUFFLE,MB
2026_1_BijanRobinson_RB,2026_BijanRobinson_RB,BijanRobinson_RB,2026_KERFUFFLE_MB,KERFUFFLE_MB,2026.0,1.0,Bijan Robinson,RB,ATL,KERFUFFLE,MB
2026_1_IsaacGuerendo_RB,2026_IsaacGuerendo_RB,IsaacGuerendo_RB,2026_KERFUFFLE_MB,KERFUFFLE_MB,2026.0,1.0,Isaac Guerendo,RB,SF,KERFUFFLE,MB
2026_1_AdamRandall_RB,2026_AdamRandall_RB,AdamRandall_RB,2026_KERFUFFLE_MB,KERFUFFLE_MB,2026.0,1.0,Adam Randall,RB,BAL,KERFUFFLE,MB
2026_1_TreHarris_WR,2026_TreHarris_WR,TreHarris_WR,2026_KERFUFFLE_MB,KERFUFFLE_MB,2026.0,1.0,Tre Harris,WR,LAC,KERFUFFLE,MB
2026_1_MarvinHarrison_WR,2026_MarvinHarrison_WR,MarvinHarrison_WR,2026_KERFUFFLE_MB,KERFUFFLE_MB,2026.0,1.0,Marvin Harrison,WR,ARI,KERFUFFLE,MB
2026_1_JarquezHunter_RB,2026_JarquezHunter_RB,JarquezHunter_RB,2026_KERFUFFLE_MB,KERFUFFLE_MB,2026.0,1.0,Jarquez Hunter,RB,LAR,KERFUFFLE,MB
2026_1_Amon-RaStBrown_WR,2026_Amon-RaStBrown_WR,Amon-RaStBrown_WR,2026_KERFUFFLE_MB,KERFUFFLE_MB,2026.0,1.0,Amon-Ra St Brown,WR,DET,KERFUFFLE,MB
2026_1_SkylerBell_WR,2026_SkylerBell_WR,SkylerBell_WR,2026_KERFUFFLE_MB,KERFUFFLE_MB,2026.0,1.0,Skyler Bell,WR,BUF,KERFUFFLE,MB
2026_1_KendrickBourne_WR,2026_KendrickBourne_WR,KendrickBourne_WR,2026_KERFUFFLE_MB,KERFUFFLE_MB,2026.0,1.0,Kendrick Bourne,WR,ARI,KERFUFFLE,MB
2026_1_CarnellTate_WR,2026_CarnellTate_WR,CarnellTate_WR,2026_KERFUFFLE_MB,KERFUFFLE_MB,2026.0,1.0,Carnell Tate,WR,TEN,KERFUFFLE,MB
2026_1_ChristianWatson_WR,2026_ChristianWatson_WR,ChristianWatson_WR,2026_KERFUFFLE_SBS,KERFUFFLE_SBS,2026.0,1.0,Christian Watson,WR,GB,KERFUFFLE,SBS
2026_1_JaylinNoel_WR,2026_JaylinNoel_WR,JaylinNoel_WR,2026_KERFUFFLE_SBS,KERFUFFLE_SBS,2026.0,1.0,Jaylin Noel,WR,HOU,KERFUFFLE,SBS
2026_1_JaydenDaniels_QB,2026_JaydenDaniels_QB,JaydenDaniels_QB,2026_KERFUFFLE_SBS,KERFUFFLE_SBS,2026.0,1.0,Jayden Daniels,QB,WAS,KERFUFFLE,SBS
2026_1_JonathanTaylor_RB,2026_JonathanTaylor_RB,JonathanTaylor_RB,2026_KERFUFFLE_SBS,KERFUFFLE_SBS,2026.0,1.0,Jonathan Taylor,RB,IND,KERFUFFLE,SBS
2026_1_OmarCooper_WR,2026_OmarCooper_WR,OmarCooper_WR,2026_KERFUFFLE_SBS,KERFUFFLE_SBS,2026.0,1.0,Omar Cooper,WR,NYJ,KERFUFFLE,SBS
2026_1_GermieBernard_WR,2026_GermieBernard_WR,GermieBernard_WR,2026_KERFUFFLE_SBS,KERFUFFLE_SBS,2026.0,1.0,Germie Bernard,WR,PIT,KERFUFFLE,SBS
2026_1_Wan'DaleRobinson_WR,2026_Wan'DaleRobinson_WR,Wan'DaleRobinson_WR,2026_KERFUFFLE_SBS,KERFUFFLE_SBS,2026.0,1.0,Wan'Dale Robinson,WR,TEN,KERFUFFLE,SBS
2026_1_ColbyParkinson_TE,2026_ColbyParkinson_TE,ColbyParkinson_TE,2026_KERFUFFLE_SBS,KERFUFFLE_SBS,2026.0,1.0,Colby Parkinson,TE,LAR,KERFUFFLE,SBS
2026_1_EmmettJohnson_RB,2026_EmmettJohnson_RB,EmmettJohnson_RB,2026_KERFUFFLE_SBS,KERFUFFLE_SBS,2026.0,1.0,Emmett Johnson,RB,KC,KERFUFFLE,SBS
2026_1_KyleMonangai_RB,2026_KyleMonangai_RB,KyleMonangai_RB,2026_KERFUFFLE_SBS,KERFUFFLE_SBS,2026.0,1.0,Kyle Monangai,RB,CHI,KERFUFFLE,SBS
2026_1_AlecPierce_WR,2026_AlecPierce_WR,AlecPierce_WR,2026_KERFUFFLE_SBS,KERFUFFLE_SBS,2026.0,1.0,Alec Pierce,WR,IND,KERFUFFLE,SBS
2026_1_TreVeyonHenderson_RB,2026_TreVeyonHenderson_RB,TreVeyonHenderson_RB,2026_KERFUFFLE_SBS,KERFUFFLE_SBS,2026.0,1.0,TreVeyon Henderson,RB,NE,KERFUFFLE,SBS
2026_1_LamarJackson_QB,2026_LamarJackson_QB,LamarJackson_QB,2026_KERFUFFLE_SBS,KERFUFFLE_SBS,2026.0,1.0,Lamar Jackson,QB,BAL,KERFUFFLE,SBS
