playerID,Player,Pos,NFL
1925,49ers,DST,SF
3169283,AJ Barner,TE,SEA
2258303,AJ Brown,WR,NE
2867083,AJ Dillon,RB,CAR
3169276,AJ Henning,WR,MIA
3117015,AJ Richardson,WR,ARI
2245147,AJ Rose,RB,LAR
2965235,AT Perry,WR,PIT
28877406,Aaron Anderson,WR,CLE
2820501,Aaron Bailey,WR,BAL
2964516,Aaron Dykes,RB,MIN
2071937,Aaron Jones,RB,MIN
419780,Aaron Rodgers,QB,PIT
2820186,Aaron Shampklin,RB,MIA
2807112,Abram Smith,RB,MIN
3127655,Aca'Cedric Ware,RB,TB
2133458,Adam Choice,RB,SEA
2188826,Adam Prentice,RB,DEN
28878514,Adam Randall,RB,BAL
2059362,Adam Thielen,WR,PIT
2182228,Adam Trautman,TE,DEN
26701928,Adonai Mitchell,WR,NYJ
2966360,Adrian Martinez,QB,SF
3162108,Ahmani Marshall,RB,CLE
3123946,Ahmarean Brown,WR,BUF
2868716,Aidan O'Connell,QB,LV
3123398,Aidan Robbins,RB,CLE
3131553,Ainias Smith,WR,CAR
3161800,Ajou Ajou,WR,IND
2245117,Albert Okwuegbunam,TE,LV
2966128,Alec Holler,TE,DAL
2183930,Alec Ingold,RB,LAC
2965664,Alec Pierce,WR,IND
3159106,Aleva Hifo,WR,ARI
2186388,Alex Bachman,WR,LV
2828649,Alex Gray,TE,ATL
2132602,Alex McGough,QB,GB
2142830,Alex Wesley,WR,CHI
2257933,Alexander Mattison,RB,MIA
26745241,Alfonzo Graham,RB,PIT
2186666,Alize Mack,TE,TEN
2141655,Allen Lazard,WR,NYJ
1889923,Allen Robinson,WR,DET
2082721,Alvin Kamara,RB,NO
26745358,Amar Johnson,RB,LAC
1984220,Amari Cooper,WR,LV
2001582,Amba Etta-Tawo,WR,HOU
1824308,Ameer Abdullah,RB,JAC
2967690,Amon-Ra St Brown,WR,DET
3172308,Anderson Castle,RB,IND
3159102,Andre Baccellia,WR,ARI
2963411,Andre Miller,WR,GB
2966908,Andrei Iosivas,WR,CIN
28926946,Andrew Armstrong,WR,KC
2131774,Andrew Beck,RB,NYJ
26725942,Andrew Ogletree,TE,IND
2252355,Andrew Parchment,WR,CAR
2966161,Andrew Peasley,QB,NYJ
2161771,Andrew Vollert,TE,IND
1125961,Andy Dalton,QB,PHI
2182851,Andy Isabella,WR,SF
2818971,Anthony Firkser,TE,DET
2251387,Anthony Gordon,QB,KC
3122031,Anthony Gould,WR,IND
28900555,Anthony Hankerson,RB,MIA
2258536,Anthony Johnson,WR,PIT
2082810,Anthony Miller,WR,BAL
1906458,Anthony Norris,TE,DEN
2179349,Anthony Ratliff-Williams,WR,SEA
3163263,Anthony Richardson,QB,IND
2965374,Anthony Schwartz,WR,MIA
3164577,Anthony Smith,WR,DAL
2960827,Anthony Torres,TE,LAR
26696862,Anthony Tyus,RB,CAR
2962502,Antoine Green,WR,DET
1272852,Antonio Brown,WR,TB
2960976,Antonio Gibson,RB,NE
2258543,Antonio Nunn,WR,ATL
28877974,Antonio Williams,WR,WAS
3161901,Antwane Wells,WR,ATL
3163930,Arian Smith,WR,NYJ
2258253,Armani Rogers,TE,BUF
2925428,Armanti Foreman,WR,MIN
2961237,Aron Cruickshank,WR,PIT
2133477,Artavis Scott,WR,HOU
2240334,Artayvious Lynn,TE,DAL
2185867,Arthur Williams,WR,NYJ
3116796,Ashton Dulin,WR,IND
28874008,Ashton Jeanty,RB,LV
26700919,Athan Kaliakmanis,QB,WAS
26713577,Audric Estime,RB,NO
2804325,Austin Allen,TE,GB
2053471,Austin Aune,QB,ATL
2820090,Austin Ekeler,RB,WAS
2131959,Austin Fort,TE,TEN
2067004,Austin Hooper,TE,ATL
3121977,Austin Jones,RB,WAS
2130950,Austin Proehl,WR,NYG
2926510,Austin Ramesh,RB,ARI
2967693,Austin Reed,QB,CHI
3121976,Austin Stogner,TE,ATL
2838491,Austin Trammell,WR,JAC
2961443,Austin Watkins,WR,PHI
2175115,Austin Willis,WR,DET
2868630,Avery Davis,WR,DET
2257948,Avery Williams,RB,NYJ
3124133,Ayir Asante,WR,NYG
2868250,BJ Baylor,RB,ATL
1984363,BJ Catalon,RB,FA
2252835,BJ Emmons,RB,HOU
2184609,Bailey Gaither,WR,BAL
2866483,Bailey Zappe,QB,NYJ
2080032,Baker Mayfield,QB,TB
28900204,Barion Brown,WR,NO
26730919,Bauer Sharp,TE,TB
3122788,Baylor Cupp,TE,BAL
1906,Bears,DST,CHI
26694592,Beaux Collins,WR,NYG
26696177,Behren Morton,QB,NE
28866830,Ben Beise,TE,TB
2961091,Ben Bryant,QB,NYJ
2179411,Ben DiNucci,QB,DEN
395994,Ben Johnson,TE,LAC
50048410,Ben Patterson,WR,JAC
2964709,Ben Sims,TE,MIA
3168647,Ben Sinnott,TE,WAS
2247046,Ben Skowronek,WR,PIT
2968491,Ben VanSumeren,RB,BUF
2965115,Ben Wooldridge,QB,NE
3163725,Ben Yurosek,TE,MIN
1907,Bengals,DST,CIN
2258154,Benny LeMay,RB,CLE
26665068,Bernhard Seikovits,TE,ARI
26732838,Bhayshul Tuten,RB,JAC
3168163,Bijan Robinson,RB,ATL
1904,Bills,DST,BUF
2820079,Billy Brown,TE,IND
3169252,Blake Corum,RB,LAR
2827939,Blake Proehl,WR,MIN
2963426,Blake Watson,RB,TEN
2964419,Blake Whiteheart,TE,CLE
28914781,Blayne Taylor,WR,IND
3121193,Bo Nix,QB,DEN
1840609,Bobo Beathard,WR,ARI
26696036,Brady Boyd,WR,JAC
3163207,Brady Cook,QB,NYJ
2866240,Brady Russell,RB,SEA
26726580,Braelon Allen,RB,NYJ
2256707,Branden Mack,WR,DEN
1880880,Brandin Cooks,WR,BUF
2967489,Brandon Aiyuk,WR,SF
1852876,Brandon Allen,QB,NYG
1776297,Brandon Bridge,QB,FA
3170373,Brandon Hayes,WR,PHI
2245903,Brandon Johnson,RB,PIT
2247509,Brandon Johnson,WR,LV
3044909,Brandon Lewis,WR,TEN
2239738,Brandon Peters,QB,LAC
2926490,Brandon Powell,WR,MIN
2865783,Brandon Smith,WR,PIT
26694196,Brashard Smith,RB,KC
2130981,Braxton Berrios,WR,NYG
2815157,Braxton Burmeister,WR,LAR
2240959,Braxton Westfield,WR,IND
28867632,Brayden Lenius,TE,ATL
2963088,Brayden Willis,TE,SF
2864986,Braydon Johnson,WR,BUF
2869933,Braylon Sanders,WR,WAS
3123469,Breece Hall,RB,NYJ
2130622,Brelan Chancellor,WR,PIT
2963924,Brenden Bates,TE,CLE
2864720,Brenden Knox,RB,KC
3166803,Brenden Rice,WR,GB
28909756,Brenen Thompson,WR,LAC
2965527,Brennan Eagles,WR,DAL
3169136,Brennan Presley,WR,LAR
3121696,Brenton Strange,TE,JAC
3123271,Brett Gabbert,QB,MIA
2181392,Brett Rypien,QB,MIN
28887494,Brevin Easton,WR,JAC
2964787,Brevin Jordan,TE,HOU
2961760,Brevyn Spann-Ford,TE,DAL
2961430,Brian Cobbs,WR,ARI
2186429,Brian Lewerke,QB,NYG
2741207,Brian Robinson,RB,ATL
3132164,Brian Thomas,WR,JAC
29113614,Brian Walker,TE,BAL
2247169,Briley Moore-McKinney,TE,TEN
2185571,Britain Covey,WR,PHI
2961993,British Brooks,RB,HOU
2249805,Brittain Brown,RB,CHI
26693971,Brock Bowers,TE,LV
26701144,Brock Lampe,RB,NE
2961306,Brock Purdy,QB,SF
26725349,Brock Rechsteiner,WR,NO
2807423,Brock Wright,TE,DET
1909,Broncos,DST,DEN
1930,Browns,DST,CLE
2190739,Bruce Anderson,RB,IND
2240557,Bruno Labelle,TE,ARI
2827539,Bryan Thompson,WR,BUF
2803780,Bryant Koback,RB,SEA
3103642,Bryant Mitchell,WR,TB
2963723,Bryce Ford-Wheaton,WR,NYG
26725855,Bryce Lance,WR,NO
2186835,Bryce Love,RB,WAS
2967309,Bryce Oliver,WR,TEN
3159114,Bryce Perkins,QB,CAR
28877722,Bryce Pierre,TE,CAR
3161957,Bryce Young,QB,CAR
2967463,Brycen Tremayne,WR,CAR
26696745,Bryson Green,WR,ARI
26695112,Bryson Nesbit,TE,MIN
3123413,Bub Means,WR,NO
1927,Buccaneers,DST,TB
26693770,Bucky Irving,RB,TB
2060469,Bug Howard,WR,TB
1998463,CJ Beathard,QB,DET
2180481,CJ Conrad,TE,NYG
3167404,CJ Daniels,WR,LAR
26698858,CJ Dippre,TE,NE
28900249,CJ Donaldson,RB,NO
2237239,CJ Ham,RB,MIN
3123939,CJ Johnson,WR,SEA
2239828,CJ Marable,RB,NE
3163079,CJ Stroud,QB,HOU
2174118,CJ Uzomah,TE,PHI
2866324,CJ Verdell,RB,IND
28875641,CJ Williams,WR,JAC
2868649,Cade Brewer,TE,SEA
28874636,Cade Klubnik,QB,NYJ
3132630,Cade McDonald,WR,CLE
2815179,Cade Otton,TE,TB
3125978,Cade Stover,TE,HOU
3162059,Caden Prieskorn,TE,CAR
28900321,Caleb Douglas,WR,MIA
3177905,Caleb Lohner,TE,DEN
2139757,Caleb Scott,WR,LV
26695775,Caleb Williams,QB,CHI
2866214,Calvin Austin,WR,NYG
2968105,Calvin Jackson,WR,MIA
2186328,Calvin Ridley,WR,TEN
2870612,Calvin Tyler,RB,CIN
2804034,Cam Akers,RB,SEA
29148608,Cam Grandy,TE,CIN
2966680,Cam Johnson,WR,CAR
3175318,Cam Miller,QB,MIA
3122246,Cam Ross,WR,DEN
26697012,Cam Skattebo,RB,NYG
2968097,Cam Sutton,TE,SEA
3168422,Cam Ward,QB,TEN
28877638,Camden Brown,WR,DAL
28874582,Cameron Camper,WR,NYJ
29721343,Cameron Dorner,WR,NE
2964535,Cameron Latu,TE,PHI
3161136,Cameron Scarlett,RB,SEA
2967422,Camerun Peoples,RB,CAR
2965370,Camren McDonald,TE,LAR
1901,Cardinals,DST,ARI
2179354,Carl Tucker,TE,MIA
2867377,Carlos Washington,RB,MIA
29124411,Carnell Tate,WR,TEN
28873701,Carsen Ryan,TE,CLE
3163129,Carson Beck,QB,ARI
26698435,Carson Steele,RB,PHI
2963002,Carson Strong,QB,ARI
3158076,Carson Towt,TE,IND
1907522,Carson Wentz,QB,MIN
2355180,Carson Williams,TE,LV
2961526,Carter Bradley,QB,JAC
29184228,Carter Runyon,TE,LV
2242759,Cary Angeline,TE,PHI
2194263,Case Cookus,QB,LAR
1137118,Case Keenum,QB,CHI
2965414,Casey Bauman,QB,LAC
3126493,Casey Washington,WR,CAR
26738725,Cash Jones,RB,ATL
3172596,Caullin Lacy,WR,NYJ
2962120,Cedric Tillman,WR,CLE
2240685,Cedrick Wilson,WR,DET
2865251,CeeDee Lamb,WR,DAL
2868267,Cephus Johnson,WR,TB
2092376,Chad Kanoff,QB,TB
26693575,Chamon Metayer,TE,CAR
3121489,Chandler Brayboy,WR,JAC
2262609,Changa Hodge,WR,ARI
1924,Chargers,DST,LAC
3117020,Charles Holland,WR,CIN
2965633,Charles McClelland,RB,TEN
2141604,Charles Scarff,TE,BAL
2867306,Charleston Rambo,WR,PHI
2868959,Charlie Jones,WR,CIN
2866273,Charlie Kolar,TE,LAC
2183178,Charlie Taumoepeau,TE,DET
2248629,Charlie Woerner,TE,ATL
2965160,Chase Brown,RB,CIN
2965589,Chase Cota,WR,CLE
3171155,Chase Curtis,TE,NYJ
2137507,Chase Edmonds,RB,WAS
2770158,Chase Garbers,QB,LV
2179546,Chase Harrell,TE,SF
2182351,Chase Litton,QB,JAC
26728791,Chase Roberts,WR,LV
2968919,Chevan Cordeiro,QB,SEA
2185503,Cheyenne O'Grady,TE,CIN
1914,Chiefs,DST,KC
2965208,Chigoziem Okonkwo,TE,WAS
3162452,Chimere Dike,WR,TEN
3162240,Chip Trayanum,RB,NYJ
28877196,Chris Bell,WR,MIA
2965618,Chris Blair,WR,ATL
26904572,Chris Brazzell,WR,CAR
2804779,Chris Coleman,WR,MIA
3161765,Chris Collier,RB,LV
2260647,Chris Evans,RB,CIN
2186662,Chris Finke,WR,CHI
2818150,Chris Godwin,WR,TB
26700928,Chris Hilton,WR,WAS
2167520,Chris Manhertz,TE,NYG
1871375,Chris Moore,WR,BAL
3117054,Chris Myarick,TE,LV
2261701,Chris Oladokun,QB,KC
2963666,Chris Olave,WR,NO
2835008,Chris Pierce,TE,CAR
2964667,Chris Rodriguez,RB,JAC
2962556,Chris Smith,RB,SEA
3171678,Chris Tyree,WR,NO
2180820,Christian Kirk,WR,SF
2136743,Christian McCaffrey,RB,SF
2926331,Christian Scotland-Williamson,TE,PIT
3133400,Christian Sims,TE,LAR
2961033,Christian Trahan,TE,CIN
3114045,Christian Wade,RB,BUF
2869806,Christian Watson,WR,GB
1893141,Christion Jones,WR,MIA
2962350,Christopher Brooks,RB,GB
2926929,Christopher Ezeala,RB,BAL
2865693,Chuba Hubbard,RB,CAR
2136556,Clayton Thorson,QB,NYG
2964808,Clayton Tune,QB,GB
2241761,Clint Ratkovich,RB,ATL
2804554,Clyde Edwards-Helaire,RB,KC
2241883,Cody Chrest,WR,GB
1749732,Cody Fajardo,QB,LV
28891820,Cody Hardy,TE,NO
28876935,Cody Schrader,RB,DEN
2865884,Cody White,WR,SEA
28934874,Colbie Young,WR,CIN
2867522,Colby Parkinson,TE,LAR
2966664,Colby Suits,QB,NYJ
29362393,Cole Burgess,WR,PIT
2240503,Cole Fotheringham,TE,NE
2136567,Cole Herdman,TE,TEN
2247069,Cole Kelley,QB,WAS
2868619,Cole Kmet,TE,CHI
2257005,Cole McDonald,QB,ARI
26725861,Cole Payton,QB,PHI
2961855,Cole Turner,TE,MIA
3163724,Coleman Bennett,RB,CHI
3137926,Coleman Owen,WR,IND
3177592,Colin Granger,TE,CAR
2240315,Collin Johnson,WR,LV
1630750,Collin Klein,QB,FA
2961827,Colson Yankoff,TE,WAS
28874696,Colston Loveland,TE,CHI
2828751,Colton Dowell,WR,PIT
1912,Colts,DST,IND
1929,Commanders,DST,WAS
3123601,Connor Bazelak,QB,TB
3170411,Connor Davis,TE,CLE
2867599,Connor Heyward,TE,LV
2866341,Connor Wedington,WR,SEA
2006951,Cooper Kupp,WR,SEA
2000176,Cooper Rush,QB,ATL
1996183,Cordarrelle Patterson,RB,PIT
3123126,Corey Crooms,WR,DAL
26698879,Corey Kiner,RB,ARI
3163046,Corey Rucker,WR,LV
2239648,Corey Sutton,WR,DET
26734864,Corey Taylor,RB,CLE
3133361,Cornelius Johnson,WR,BAL
2239529,Cornell Powell,WR,PIT
28919816,Cortez Braham,WR,BAL
3117088,Cortrelle Simpson,WR,TB
2218461,Courtland Sutton,WR,DEN
3123345,Courtney Jackson,WR,TEN
1908,Cowboys,DST,DAL
3117134,Craig Reynolds,RB,NE
2760856,Curtis Hodges,TE,CAR
2131252,Curtis Samuel,WR,BUF
28875899,Cyrus Allen,WR,KC
2242794,Cyrus Holder,WR,CHI
2871710,D'Andre Swift,RB,CHI
2247544,D'Eriq King,QB,CAR
3117165,D'Ernest Johnson,RB,NE
2139847,D'Onta Foreman,RB,CLE
2252411,D'Wayne Eskridge,WR,MIA
2131689,DJ Chark,WR,ATL
26695679,DJ Giddens,RB,IND
26734114,DJ Herman,RB,MIA
3116788,DJ Montgomery,WR,IND
2179328,DJ Moore,WR,BUF
26693776,DJ Rogers,TE,DAL
3168777,DJ Thomas-Jones,TE,PIT
2251084,DJ Turner,WR,HOU
3162292,DJ Uiagalelei,QB,LAC
3122835,DJ Williams,RB,TB
3161707,DK Kaufman,RB,SEA
2260185,DK Metcalf,WR,PIT
29122875,DT Sheffield,WR,NYJ
3128608,Da'Quan Felton,WR,NYJ
2186347,DaMarkus Lodge,WR,CIN
1762348,DaRon Brown,WR,FA
1888751,DaVaris Daniels,WR,NE
28874125,Dae'Quan Wright,TE,PHI
2867589,Daewood Davis,WR,CAR
2864965,Dai'Jean Dixon,WR,NO
3163944,Daijun Edwards,RB,PIT
1996830,Daje Johnson,WR,ATL
1824864,Dak Prescott,QB,DAL
3131659,Dalen Cambre,WR,NYG
3126518,Dalevon Campbell,WR,LAC
3166474,Dallas Daniels,WR,DEN
2132551,Dallas Goedert,TE,PHI
29164633,Dallen Bentley,TE,DEN
2975555,Dallin Holker,TE,NO
2805113,Dalton Keene,TE,HOU
2982991,Dalton Kincaid,TE,BUF
2179601,Dalton Schoen,WR,KC
2136748,Dalton Schultz,TE,HOU
2241450,Dalyn Williams,QB,CHI
2964236,Dameon Pierce,RB,PHI
3168395,Damien Alford,WR,NO
3138466,Damien Caffrey,TE,CHI
28873395,Damien Martinez,RB,GB
3117009,Damion Jeanpiere,WR,CAR
26725313,Damon Bankston,RB,NYG
2252367,Damon Hazelton,WR,HOU
3159144,Dan Chisena,WR,CAR
3169258,Dan Villari,TE,LAR
28873407,Dane Key,WR,DEN
2966863,Daniel Arias,WR,ARI
2963615,Daniel Bellinger,TE,TEN
2188929,Daniel Crawford,TE,GB
3178022,Daniel Jackson,WR,HOU
2179245,Daniel Jones,QB,IND
26716333,Daniel Sobkowicz,WR,HOU
2866956,Danny Davis,WR,GB
2060804,Danny Etling,QB,GB
3168336,Danny Gray,WR,PHI
2961818,Dante Miller,RB,NYG
2139642,Dante Pettis,WR,BUF
2010409,Dare Ogunbowale,RB,LV
26654230,Darece Roberson,WR,SEA
27017067,Dareke Young,WR,LV
3157668,Darion Clark,TE,CHI
2240319,Darius Anderson,RB,HOU
26642430,Darius Clark,RB,CAR
3165205,Darius Cooper,WR,PHI
29113333,Darius Hagans,RB,PIT
28874276,Darius Lassiter,WR,JAC
2183982,Darius Slayton,WR,NYG
3117071,Darnell Holland,RB,NO
2240651,Darnell Mooney,WR,NYG
3163963,Darnell Washington,TE,PIT
1850793,Darren Waller,TE,MIA
3116786,Darrin Hall,RB,PIT
2240806,Darrynton Evans,RB,BUF
1893167,Davante Adams,WR,LAR
3131708,David Bell,WR,CLE
2836832,David Durden,WR,DAL
2962690,David Martin-Robinson,TE,TEN
2261252,David Montgomery,RB,HOU
2818351,David Moore,WR,CAR
2136474,David Njoku,TE,LAC
2179491,David Sills,WR,TB
29383209,David Wallis,WR,NE
3123267,Davis Allen,TE,LAR
2816170,Davis Cheek,QB,CAR
2867381,Davis Mills,QB,HOU
29122230,Davon Booth,RB,CLE
2080267,Davon Grayson,WR,KC
1892454,Davonte Allen,WR,BUF
2186345,Dawson Knox,TE,BUF
2975629,Dax Milne,WR,CAR
2189163,Dax Raymond,TE,PIT
3121829,Dayton Wade,WR,BAL
3125318,De'Montre Tuggle,RB,CHI
2925144,De'Mornay Pierson-El,WR,DEN
2180325,De'Quan Hampton,WR,SEA
3171161,De'Von Achane,RB,MIA
26696676,De'Zhaun Stribling,WR,SF
2174795,DeAndre Carter,WR,CLE
1737078,DeAndre Hopkins,WR,BAL
2131257,DeAndre Thompkins,WR,GB
2960960,DeAndre Torrey,RB,PHI
29376463,DeAngelo Hardy,WR,BAL
2868230,DeShon Williams,TE,SEA
2866975,DeVonta Smith,WR,PHI
1621175,DeVonte Christopher,WR,FA
2137691,DeVonte Dedmon,WR,MIA
2261694,DeVontres Dukes,WR,DEN
3168024,DeWayne McBride,RB,MIN
28874921,Dean Connors,RB,LAR
26696444,Dean Patterson,WR,TB
2239541,Dedrick Mills,RB,DET
1824784,Dee Hart,RB,FA
2804094,DeeJay Dallas,RB,JAC
2139735,Deebo Samuel,WR,SF
26694367,Deion Burks,WR,IND
3133199,Deion Hankins,RB,CHI
2061095,Demarcus Robinson,WR,SF
3126241,Demario Douglas,WR,NE
2131493,Demario Richard,RB,ATL
3166844,Demeer Blankumsee,WR,NE
2240193,Demetric Felton,RB,WAS
2250830,Demetris Robertson,WR,SEA
28883197,Demond Claiborne,RB,MIN
2964540,Deneric Prince,RB,NE
2866062,Dennis Houston,WR,TB
28875368,Denzel Boston,WR,CLE
2179211,Deon Cain,WR,BUF
2866237,Deon Jackson,RB,DET
3116892,Deonte Harty,WR,BAL
2926949,Deontez Alexander,WR,SEA
1664819,Derek Carr,QB,NO
3124074,Derek Wright,WR,CAR
2966544,Derius Davis,WR,LAC
2969083,Derrick Deese,TE,DET
2180617,Derrick Dillon,WR,CLE
2061188,Derrick Henry,RB,BAL
2130883,Derrick Johnson,WR,NYG
2965278,Deshaun Fenwick,RB,GB
2133482,Deshaun Watson,QB,CLE
28911101,Desmond Reid,RB,BUF
2864759,Desmond Ridder,QB,GB
2925203,Detrich Clark,WR,ATL
3168666,Deuce Vaughn,RB,DEN
1868418,Devante Davis,WR,PHI
3121113,Devaughn Vele,WR,NO
2969006,Deven Thompkins,WR,LV
2966243,Devin Carter,WR,CAR
2967413,Devin Culp,TE,TB
2246849,Devin Duvernay,WR,ARI
2925207,Devin Gray,WR,KC
2964337,Devin Leary,QB,BAL
26703005,Devin Neal,RB,NO
2082532,Devin Ross,WR,LV
2241251,Devin Singletary,RB,NYG
29456571,Devon Garrison,TE,SEA
1243006,Devon Ramsay,RB,FA
2966004,Devon Williams,WR,BAL
2139449,Devonte Robinson,WR,GB
26703014,Devonte Ross,WR,LAC
26702084,Devontez Walker,WR,BAL
3121796,Devron Harper,WR,MIN
2251151,Dez Fitzpatrick,WR,LAC
28873851,Diego Pavia,QB,BAL
28903382,Dillon Bell,WR,MIN
3121534,Dillon Gabriel,QB,CLE
3171023,Dillon Johnson,RB,CAR
2221967,Dillon Mitchell,WR,MIN
2962329,Dimitri Stanley,WR,GB
2194164,Diontae Johnson,WR,CLE
2978569,Dohnte Meyers,WR,CIN
1915,Dolphins,DST,MIA
2967157,Dom Wood-Anderson,TE,SEA
26696063,Dominic Lovett,WR,DET
3161882,Dominic Richardson,RB,DAL
3172375,Dominique Dafney,TE,CAR
2183713,Donald Parham,TE,PIT
26702279,Donaven McCulley,WR,MIA
26697211,Donovan Edwards,RB,MIA
2819119,Donovan Peoples-Jones,WR,NO
26694424,Dont'e Thornton,WR,LV
3164185,Dontae Fleming,WR,MIN
3121365,Dontae McMillan,RB,BAL
3122376,Dontario Drummond,WR,DAL
2963923,Dontay Demus,WR,BAL
3122375,Dontayvion Wicks,WR,PHI
26664285,Donte Sylencieux,WR,BAL
26730616,Dorian Singer,WR,JAC
2964729,Dorian Thompson-Robinson,QB,PHI
3168310,Drake Dabney,TE,GB
3127902,Drake London,WR,ATL
26695757,Drake Maye,QB,NE
2961345,Drake Stoops,WR,LAR
2828767,Dresser Winn,QB,LAR
28876938,Drew Allar,QB,PIT
3117010,Drew Anderson,QB,ARI
3117011,Drew Belcher,TE,WAS
26727217,Drew Biber,TE,GB
2242283,Drew Estrada,WR,HOU
2185479,Drew Lock,QB,SEA
2252376,Drew Plitt,QB,CIN
2139646,Drew Sample,TE,CIN
3163069,Duece Watts,WR,PIT
2082845,Durham Smythe,TE,BAL
2867334,Dustin Crum,QB,KC
1995653,Dy'Shawn Mobley,RB,CIN
2965973,Dyami Brown,WR,WAS
2080023,Dylan Cantrell,WR,WAS
2963946,Dylan Drummond,WR,ATL
2964322,Dylan Laube,RB,LV
3127183,Dylan Leonard,TE,DEN
2223195,Dylan Parham,TE,DEN
28912068,Dylan Sampson,RB,CLE
2261259,Dylan Soehner,TE,NO
3163055,Dymere Miller,WR,NYJ
3168807,EJ Horton,WR,IND
2820917,EJ Jenkins,TE,PHI
2804090,EJ Perry,QB,JAC
3163764,EJ Smith,RB,KC
3162445,EJ Williams,WR,LV
1921,Eagles,DST,PHI
3159184,Easop Winston,WR,NYJ
2137911,Easton Stick,QB,IND
2830185,Ed Lee,WR,NE
3163509,Efton Chism,WR,NE
28901170,Eli Heidenreich,RB,PIT
3121378,Eli Pancol,WR,IND
28924611,Eli Raridon,TE,NE
2241806,Eli Stove,WR,LAC
26696120,Eli Stowers,TE,PHI
3172301,Eli Wilson,RB,CLE
3161106,Eli Wolf,TE,WAS
28900714,Elic Ayomanor,WR,TEN
26700496,Elijah Arroyo,TE,SEA
2961847,Elijah Collins,RB,CIN
2804732,Elijah Cooks,WR,CAR
2830007,Elijah Dotson,RB,ATL
3122914,Elijah Higgins,TE,ARI
2819876,Elijah Mitchell,RB,PHI
2963569,Elijah Moore,WR,PHI
28888850,Elijah Sarratt,WR,BAL
26697830,Elijah Tau-Tolliver,RB,BAL
3161976,Elijah Young,RB,BUF
3163150,Elijhah Badger,WR,KC
3161644,Ellis Merriweather,RB,GB
3164304,Emani Bailey,RB,CAR
2185471,Emanuel Hall,WR,WAS
29104952,Emanuel Wilson,RB,SEA
2964372,Emari Demercado,RB,KC
26696165,Emeka Egbuka,WR,TB
2867204,Emeka Emezie,WR,ATL
2142440,Emmanuel Butler,WR,NO
28909837,Emmanuel Henderson,WR,SEA
28877097,Emmett Johnson,RB,KC
2967045,Emory Jones,QB,ATL
2186674,Equanimeous St Brown,WR,SF
3116821,Eric Dungey,QB,CIN
3123569,Eric Gray,RB,NYG
29122776,Eric Rivers,WR,TB
2001018,Eric Saubert,TE,SEA
3121555,Erick All,TE,CIN
2962352,Erik Ezukanma,WR,PHI
2868233,Erik Krommenhoek,TE,LAC
29121831,Ethan Conner,TE,JAC
3162542,Ethan Garbers,QB,CAR
2079887,Evan Engram,TE,DEN
3124679,Evan Hull,RB,ARI
28877391,Evan Svoboda,TE,LAC
1902,Falcons,DST,ATL
2221829,Feleipe Franks,TE,CAR
2261052,Felix Harper,QB,CLE
2186422,Felton Davis,WR,KC
28916321,Fernando Mendoza,QB,LV
2180634,Foster Moreau,TE,HOU
3172189,Frank Gore,RB,BUF
2804813,Gabe Davis,WR,BUF
29417586,Gabriel Benyard,WR,CAR
26718347,Gage Larvadain,WR,CLE
2183083,Gardner Minshew,QB,ARI
2962429,Garett Maag,WR,MIN
3162974,Garrett Greene,WR,TB
2251875,Garrett Groshek,RB,MIN
26701706,Garrett Nussmeier,QB,KC
2239574,Garrett Walston,TE,SF
3123864,Garrett Wilson,WR,NYJ
2870531,Gary Brightwell,RB,CIN
1851098,Gary Chambers,WR,BUF
26702972,Gavin Bartholomew,TE,MIN
3133986,Gavin Hardison,QB,MIA
2868689,Gavin Holmes,WR,TEN
3163073,Gee Scott,TE,NYJ
1700358,Geno Smith,QB,NYJ
2174207,Geoff Swaim,TE,CLE
2965537,Geor'quarius Spivey,TE,KC
3116741,George Aston,RB,NYG
3131661,George Holani,RB,SEA
2818265,George Kittle,TE,SF
3123212,George Pickens,WR,DAL
2142692,Gerald Everett,TE,CHI
28878358,Germie Bernard,WR,PIT
2240551,Gerrid Doaks,RB,HOU
2969148,Gerrit Prince,TE,KC
1918,Giants,DST,NYG
3133264,Giles Jackson,WR,PHI
2189091,Giovanni Ricci,TE,DET
1265470,Golden Tate,WR,TEN
2184656,Graham Adomitis,TE,IND
3122664,Graham Mertz,QB,HOU
2804129,Grant Calcaterra,TE,PHI
26720345,Grant DuBose,WR,BUF
2247058,Grayson Gunter,TE,JAC
3137978,Greg Bell,RB,PIT
26697079,Greg Desrosiers,RB,LAC
2223207,Greg Dortch,WR,DET
2964274,Greg Dulcich,TE,MIA
2816291,Griffin Hebert,TE,PHI
2233463,Griffin Neal,QB,NO
26696189,Gunnar Helm,TE,TEN
2805178,Gunnar Oakes,TE,DET
3117210,Gunner Olszewski,WR,NYG
2925410,Gus Edwards,RB,LAC
2185654,Hakeem Butler,TE,DEN
26727031,Hal Presley,WR,TEN
2820465,Hamze El-Zayat,WR,NYJ
28915401,Hank Beatty,WR,TEN
28900882,Harold Fannin,TE,CLE
2241240,Harrison Bryant,TE,SEA
26698495,Harrison Wallace,WR,ARI
2252503,Harvey Binford,WR,IND
2960978,Hassan Hall,RB,ARI
2968506,Hassan Haskins,RB,LAC
3125550,Hayden Hatten,WR,SEA
2185053,Hayden Hurst,TE,LAC
29122200,Hayden Large,TE,CHI
3131519,Hayden Rucci,TE,SF
3162966,Haynes King,QB,CAR
26701120,Heinrich Haarberg,TE,CAR
2805110,Hendon Hooker,QB,TEN
28869012,Henry Litwin,WR,CHI
2962387,Holton Ahlers,QB,SEA
3164837,Hunter Dekkers,QB,NO
2079848,Hunter Henry,TE,NE
2867428,Hunter Long,TE,JAC
2969438,Hunter Luepke,RB,DAL
2144726,Hunter Renfrow,WR,CAR
2180777,Hunter Thedford,TE,CLE
2253359,Ian Thomas,TE,LV
3126061,Ian Wheeler,RB,BUF
3124097,Ife Adeyi,WR,PHI
2865894,Ihmir Smith-Marsette,WR,ARI
2257888,Irv Smith,TE,HOU
2185963,Irvin Charles,WR,SEA
2964154,Isaac Guerendo,RB,SF
3127763,Isaac Rex,TE,LAC
29122587,Isaac TeSlaa,WR,DET
3117099,Isaac Zico,WR,ARI
28910521,Isaiah Bond,WR,CLE
2966767,Isaiah Bowser,RB,BUF
26718641,Isaiah Davis,RB,NYJ
2783899,Isaiah Hodgins,WR,NYG
2961906,Isaiah Likely,TE,NYG
2965743,Isaiah McKoy,WR,IND
3121203,Isaiah Neyor,WR,GB
2182104,Isaiah Searight,TE,NYG
3131703,Isaiah Spiller,RB,LV
2256694,Isaiah Washington,WR,BAL
2247180,Isaiah Weston,WR,CLE
3126581,Isaiah Williams,WR,NYJ
2835033,Isaiah Winstead,WR,NYJ
3139308,Isaiah Wooden,WR,CLE
1679913,Isi Sofele,RB,FA
2966551,Isiah Pacheco,RB,DET
3163291,Israel Abanikanda,RB,DAL
2961109,Izaiah Gathings,TE,KC
26723673,J Michael Sturdivant,WR,GB
26726239,J'Mari Taylor,RB,JAC
1752358,JC Copeland,RB,NYJ
26719274,JJ Galbreath,TE,PIT
2864966,JJ Howland,TE,TB
26701622,JJ Jones,WR,JAC
29379354,JJ Laap,WR,LAR
26695214,JJ McCarthy,QB,MIN
2252786,JJ Taylor,RB,HOU
2804420,JK Dobbins,RB,DEN
26693430,JP Richardson,WR,CHI
2060760,JT Barrett,QB,PIT
26702195,Ja'Corey Brooks,WR,WAS
29158151,Ja'Kobi Lane,WR,BAL
3162664,Ja'Lynn Polk,WR,NO
2966320,Ja'Marr Chase,WR,CIN
3162257,Ja'Mori Maclin,WR,BUF
3168195,Ja'Quinden Jackson,RB,JAC
26731381,Ja'Tavion Sanders,TE,CAR
26717711,Ja'seem Reed,WR,CAR
2189504,JaMycal Hasty,RB,MIA
29166460,JaQuae Jackson,WR,LAC
3126147,JaVonta Payton,WR,ARI
3128825,Jaaron Hayek,WR,KC
3171876,Jabari Small,RB,DET
3124997,Jacardia Wright,RB,SEA
26700682,Jack Bech,WR,LV
2804446,Jack Coan,QB,IND
2962220,Jack Colletto,RB,PIT
28916552,Jack Endries,TE,CIN
2961162,Jack Plummer,QB,CAR
2240110,Jack Sorenson,WR,CIN
2239684,Jack Stoll,TE,CLE
50048640,Jack Strand,QB,ATL
28923845,Jack Velling,TE,ATL
2964293,Jack Westover,TE,NE
26726610,Jackson Acker,RB,BUF
3135324,Jackson Hawes,TE,BUF
26700892,Jackson Meeks,WR,DET
2180288,Jacob Breeland,TE,BAL
3123588,Jacob Clark,QB,LV
2964883,Jacob Copeland,WR,PIT
3133200,Jacob Cowing,WR,SF
29121519,Jacob De Jesus,WR,KC
2189290,Jacob Harris,TE,TB
2976071,Jacob Saylors,RB,DET
2964138,Jacob Sirmon,QB,CLE
2963488,Jacob Warren,TE,NE
1877247,Jacoby Brissett,QB,ARI
28878082,Jacoby Jones,WR,WAS
26700358,Jacolby George,WR,CAR
3126952,Jacory Croskey-Merritt,RB,WAS
2982608,Jadakis Bonds,WR,GB
28875230,Jadarian Price,RB,SEA
26713355,Jaden Bradley,WR,WAS
26727476,Jaden Nixon,RB,GB
26693614,Jaden Shirden,RB,CAR
3133126,Jaden Smith,WR,DAL
3122363,Jadon Haselwood,WR,PHI
2976448,Jadon Janke,WR,GB
2967603,Jaelen Gill,WR,CLE
2836391,Jaelon Darden,WR,SEA
1913,Jaguars,DST,JAC
2962944,Jahan Dotson,WR,ATL
29174299,Jahdae Walker,WR,CHI
3169583,Jaheim Bell,TE,PIT
3162810,Jahmal Banks,WR,BAL
3162723,Jahmyr Gibbs,RB,DET
2962413,Jaivon Heiligh,WR,CIN
2962336,Jake Bobo,WR,SEA
26697836,Jake Briningstool,TE,KC
2180355,Jake Browning,QB,TB
3159209,Jake Burt,TE,NE
3117019,Jake Dolegala,QB,MIA
2867159,Jake Ferguson,TE,DAL
2803326,Jake Fromm,QB,DET
2815170,Jake Haener,QB,KC
2260981,Jake Hausmann,TE,WAS
2252298,Jake Herslow,WR,SEA
2253478,Jake Phillips,TE,PIT
2925215,Jake Roh,TE,ATL
2870660,Jake Tonges,TE,SF
3114047,Jakob Johnson,RB,HOU
2183835,Jakobi Meyers,WR,JAC
3122024,Jakobie Keeney-James,WR,PIT
26725939,Jaleel McLaughlin,RB,DEN
3165078,Jalen Brooks,WR,ARI
3163990,Jalen Coker,WR,CAR
2131633,Jalen Hurd,WR,NE
2240246,Jalen Hurts,QB,PHI
2968156,Jalen Jackson,RB,JAC
2185697,Jalen McCleskey,WR,NO
3162347,Jalen McMillan,WR,TB
26694943,Jalen Milroe,QB,SEA
3122722,Jalen Moreno-Cropper,WR,NO
3159098,Jalen Morton,QB,IND
2967232,Jalen Nailor,WR,LV
2803733,Jalen Reagor,WR,MIA
28924106,Jalen Royals,WR,KC
29100602,Jalen Sample,WR,WAS
2868238,Jalen Tolbert,WR,MIA
2240825,Jalen Virgil,WR,BUF
26713535,Jalen Walthall,WR,NYJ
2869352,Jalen Wayne,WR,GB
3166561,Jalen White,RB,GB
2820236,Jalen Williams,WR,NYG
3131559,Jalen Wydermyer,TE,IND
3168876,Jalin Conyers,TE,MIA
3171911,Jalin Hyatt,WR,NYG
3124664,Jalon Calhoun,WR,DET
3166688,Jalon Daniels,QB,TB
28875653,Jam Miller,RB,NE
28877767,Jamaal Pritchett,WR,NYJ
2001287,Jamaal Williams,RB,NO
2818264,Jamal Agnew,WR,ATL
2139136,Jamal Custis,WR,PIT
26698534,Jamal Haynes,RB,CIN
2240263,Jamal Pettigrew,TE,LAR
3127827,Jamari Thrash,WR,CLE
1998197,Jameis Winston,QB,NYG
2866514,James Blackman,QB,MIA
2164714,James Butler,RB,LV
2071585,James Conner,RB,ARI
2975698,James Cook,RB,BUF
2963242,James Mitchell,TE,CAR
2180077,James Morgan,QB,ARI
2180769,James Proche,WR,TEN
26694253,Jameson Geers,TE,ARI
3125968,Jameson Williams,WR,DET
2223214,Jamie Newman,QB,PHI
1850749,Jamison Crowder,WR,WAS
26719064,Jamoi Mayes,WR,CIN
2805613,Jaquarii Roberson,WR,LAR
2965695,Jaray Jenkins,WR,PIT
1824667,Jared Baker,RB,ARI
2061053,Jared Goff,QB,DET
2866491,Jared Scott,TE,IND
3123048,Jared Smart,WR,ARI
3126867,Jared Wayne,WR,HOU
3123819,Jared Wiley,TE,KC
2975722,Jaren Hall,QB,SEA
28875704,Jaren Kanak,TE,TEN
2964701,Jaret Patterson,RB,LAC
26700820,Jarquez Hunter,RB,LAR
2247508,Jarrett Guarantano,QB,DEN
2180697,Jarrett Stidham,QB,DEN
2965481,Jarveon Howard,RB,BUF
3162688,Jase McClellan,RB,TB
2965967,Jashaun Corbin,RB,NE
2962302,Jason Bean,QB,IND
3170352,Jason Brownlee,WR,KC
2180514,Jauan Jennings,WR,MIN
2965989,Javian Hawkins,RB,LAR
3170860,Javon Baker,WR,SF
2260685,Javon McKinley,WR,PIT
2961719,Javonte Williams,RB,DAL
3121704,Jawhar Jordan,RB,HOU
2185207,Jawon Chisholm,RB,PIT
2976447,Jaxon Janke,WR,HOU
3162959,Jaxon Smith-Njigba,WR,SEA
26694019,Jaxson Dart,QB,NYG
1877289,Jay Rome,TE,PIT
3123337,Jayden Daniels,QB,WAS
26708551,Jayden Higgins,WR,HOU
2967762,Jayden Reed,WR,GB
28876778,Jaydn Ott,RB,KC
28875227,Jaydon Blue,RB,DAL
2975613,Jaylen Johnson,WR,LAC
26698771,Jaylen Jones,WR,LAC
2181185,Jaylen Smith,WR,SEA
2962110,Jaylen Waddle,WR,DEN
3126535,Jaylen Warren,RB,PIT
26698774,Jaylen Wright,RB,MIA
3162484,Jaylin Lane,WR,WAS
26697286,Jaylin Noel,WR,HOU
2181988,Jaylon Moore,WR,JAC
2180620,Jazz Ferguson,WR,SEA
2962576,Je'Quan Burton,WR,MIA
28900417,Jeff Caldwell,WR,KC
1824745,Jeff Driskel,QB,WAS
3121012,Jeff Foreman,WR,LV
28878520,Jeff Weimer,WR,KC
2925161,Jeff Wilson,RB,MIA
2787078,Jelani Woods,TE,NYJ
2237669,Jenson Stoshak,WR,CAR
2260702,Jequez Ezzard,WR,WAS
26701763,Jerand Bradley,WR,LAC
28876766,Jeremiah Franklin,TE,MIA
2804133,Jeremiah Hall,TE,NYG
2815197,Jeremiah Haydel,WR,LAR
3135525,Jeremiah Webb,WR,NE
29133405,Jeremiyah Love,RB,ARI
2129680,Jeremy Gallon,WR,LV
2139987,Jeremy McNichols,RB,WAS
2965446,Jeremy Ruckert,TE,NYJ
2176561,Jeret Smith,WR,KC
3125586,Jerjuan Newton,WR,DEN
3163951,Jermaine Burton,WR,CIN
26700676,Jermaine Terry,TE,NYG
2964472,Jermar Jefferson,RB,SF
2966543,Jerome Ford,RB,WAS
29118901,Jerome Kapp,WR,NYJ
2179406,Jerome Washington,TE,ARI
3123544,Jerreth Sterns,WR,LAR
3126859,Jerrion Ealy,RB,KC
2741201,Jerry Jeudy,WR,CLE
2961918,Jeshaun Jones,WR,MIN
2976870,Jesse Matthews,WR,ATL
1919,Jets,DST,NYJ
3122336,Jha'Quan Jackson,WR,HOU
2758267,Jhamon Ausbon,WR,PHI
2202419,Jibri Blount,TE,MIA
1760229,Jimmy Garoppolo,QB,LAR
3163391,Jimmy Holiday,WR,KC
26717166,Jimmy Horn,WR,CAR
28925542,Jimmy Kibble,WR,NE
3159155,JoJo Ward,WR,ARI
26726311,Joaquin Davis,WR,PIT
3117124,Jody Fortson,TE,KC
2179798,Joe Burrow,QB,CIN
3121127,Joe Fagnano,QB,BAL
1250697,Joe Flacco,QB,CIN
2962193,Joe Milton,QB,DAL
2131143,Joe Mixon,RB,HOU
3169621,Joe Royer,TE,CLE
2878156,Joel Honigford,TE,ARI
2962072,Joel Wilson,TE,TEN
29123610,Joey Aguilar,QB,JAC
2257291,John Bates,TE,WAS
3162185,John Copenhaver,TE,JAC
2975736,John FitzPatrick,TE,GB
29119112,John Hall,WR,SEA
3159214,John Hurst,WR,IND
3123560,John Jackson,WR,CHI
29362392,John Jiles,WR,NE
2180519,John Kelly,RB,CLE
2868681,John Lovett,RB,PIT
3121171,John Metchie,WR,CAR
26695610,John Michael Gyllenborg,TE,KC
2252295,John Mitchell,WR,SEA
2963887,John Paddock,QB,ATL
2241250,John Raine,TE,ATL
3126959,John Rhys Plumlee,WR,PIT
2962043,John Stephens,TE,DAL
2983467,John Wolford,QB,MIN
3159233,Johnathon Johnson,WR,WAS
2131248,Johnnie Dixon,WR,DAL
2864938,Johnny Johnson,WR,HOU
3163632,Johnny King,WR,PHI
2963046,Johnny Lumpkin,TE,GB
2818622,Johnny Mundt,TE,PHI
26699834,Johnny Pascuzzi,TE,LAC
3163268,Johnny Wilson,WR,PHI
2136691,Jon'Vea Johnson,WR,CHI
28877250,Jonah Coleman,RB,DEN
2805617,Jonathan Adams,WR,DET
28901278,Jonathan Brady,WR,LV
3117025,Jonathan Duhart,WR,DET
3126905,Jonathan Mingo,WR,DAL
2866395,Jonathan Taylor,RB,IND
3159088,Jonathan Ward,RB,BAL
26730706,Jonathon Brooks,RB,CAR
2175993,Jonathon Rumph,WR,NYJ
2081506,Jonnu Smith,TE,PIT
2804559,Jontre Kirklin,WR,SF
3162290,Jordan Addison,WR,MIN
2142712,Jordan Akins,TE,JAC
26697040,Jordan Bly,WR,NYG
2969002,Jordan Byrd,RB,PIT
2139040,Jordan Ellis,RB,CIN
28875996,Jordan Hudson,WR,DAL
28916212,Jordan James,RB,SF
2239997,Jordan Love,QB,GB
2967536,Jordan Mason,RB,MIN
1759816,Jordan Matthews,WR,CAR
2804786,Jordan Mims,RB,MIN
26698828,Jordan Moore,WR,CIN
2963239,Jordan Murray,TE,CHI
29711196,Jordan Petaia,TE,LAC
2758265,Jordan Ta'amu-Perifanos,QB,MIN
3124649,Jordan Waters,RB,LAR
3164736,Jordan Watkins,WR,SF
3122843,Jordan Whittington,WR,LAR
2237119,Jordan Williams-Lambert,WR,CHI
28900885,Jordyn Tyson,WR,NO
2963601,Jose Barbon,WR,DAL
26720249,Joseph Manjack IV,WR,DEN
3122907,Joseph Ngata,WR,PHI
28873479,Joseph Scates,WR,JAC
2181054,Josh Allen,QB,BUF
2869854,Josh Babicz,TE,GB
26726935,Josh Cameron,WR,JAC
26706410,Josh Cuevas,TE,BAL
3162970,Josh Downs,WR,IND
1766833,Josh Harper,WR,LV
2257897,Josh Hokit,RB,ARI
2240184,Josh Imatorbhebhe,WR,JAC
2257876,Josh Jacobs,RB,GB
1684461,Josh Jarboe,WR,FA
1325808,Josh Johnson,QB,CIN
2867095,Josh Johnson,WR,DET
28901524,Josh Kattus,TE,CIN
3121933,Josh Kelly,WR,HOU
3159112,Josh Love,QB,CAR
2184618,Josh Oliver,TE,MIN
2867325,Josh Palmer,WR,BUF
3159217,Josh Pearson,WR,TB
28938986,Josh Pitsenberger,RB,HOU
2174982,Josh Reese,WR,PHI
2131796,Josh Reynolds,WR,NYJ
2965222,Josh Vann,WR,CAR
2962513,Josh Whyle,TE,GB
3121241,Josh Williams,RB,TB
1893731,Josh Woodrum,QB,WAS
3127909,Joshua Cephus,WR,JAC
2071844,Joshua Dobbs,QB,NE
2183195,Joshua Kelley,RB,TEN
3123950,Joshua Simon,TE,ATL
2181108,Josiah Deguara,TE,SF
2139620,JuJu Smith-Schuster,WR,NYG
2866554,Julian Hicks,WR,GB
2961743,Julian Hill,TE,NE
2967664,Julius Chestnut,RB,TEN
26731678,Junior Bergen,WR,SF
2250388,Justice Hill,RB,BAL
1273205,Justin Fields,QB,KC
2865819,Justin Hall,WR,MIN
2221960,Justin Herbert,QB,LAC
2871343,Justin Jefferson,WR,MIN
3117392,Justin Johnson,TE,ARI
28927892,Justin Joly,TE,DEN
3125802,Justin Lockhart,WR,KC
2866624,Justin Marshall,WR,SEA
2245145,Justin Rigg,TE,TEN
2965077,Justin Shorter,TE,LV
2174961,Justin Tukes,TE,PHI
2137198,Justin Watson,WR,HOU
2965335,Justyn Ross,WR,KC
2967680,Juwan Green,WR,KC
2186637,Juwan Johnson,TE,NO
3116589,Juwann Winfree,WR,HOU
29123718,KC Concepcion,WR,CLE
2251134,KJ Costello,QB,NO
2804432,KJ Hamler,WR,BUF
2184383,KJ Osborn,WR,TEN
2180870,KaVontae Turpin,WR,DAL
29123778,Kadarius Calloway,RB,TB
2804353,Kade Warner,WR,TB
28868815,Kaden Davis,WR,CHI
26694721,Kaden Prather,WR,GB
28876038,Kaden Wetjen,WR,PIT
3162599,Kaelon Black,RB,SF
2186493,Kai Locksley,WR,MIA
3121812,Kairee Robinson,RB,SEA
28875572,Kaleb Johnson,RB,PIT
3169471,Kalel Mullings,RB,TEN
2180433,Kalif Jackson,TE,MIA
1999329,Kalif Raymond,WR,CHI
2247525,Kalija Lipscomb,WR,TEN
2805116,Kalil Pimpleton,WR,NYG
2191099,Kameron Brown,WR,TB
29380891,Kameron Johnson,WR,TB
2139794,Kamryn Pettway,RB,MIN
2185711,Karan Higdon,RB,HOU
2079567,Kareem Hunt,RB,KC
2264866,Kawaan Baker,WR,GB
3127817,Kay'ron Lynch-Adams,RB,CAR
3163170,Kayshon Boutte,WR,NE
28875485,Kaytron Allen,RB,WAS
2962093,Kazmeir Allen,WR,WAS
2179704,Ke'Shawn Vaughn,RB,SF
3171149,Ke'Shawn Williams,WR,CIN
3163041,KeAndre Lambert-Smith,WR,LAC
2962791,Keaontay Ingram,RB,KC
2963747,Kearis Jackson,WR,HOU
3164710,Keaton Mitchell,RB,LAC
3123467,Kedon Slovis,QB,ARI
3162048,Keelan Marion,WR,ATL
1737096,Keenan Allen,WR,LAC
2139241,Keenen Brown,TE,HOU
28867199,Kehinde Oginni,TE,ATL
29119117,Keilahn Harris,WR,PIT
3121310,Keilan Robinson,RB,NYJ
2925874,Keith Kirkwood,WR,BAL
2819975,Keith Towbridge,TE,WAS
3165466,Kejon Owens,RB,MIN
2260488,Kekoa Crawford,WR,KC
26723643,Keleki Latu,TE,BUF
28874246,Kelly Akharaiyi,WR,ARI
2179210,Kelly Bryant,QB,FA
2246942,Kelvin Harmon,WR,DAL
2186057,Kelvin McKnight,WR,DEN
3162977,Kendall Milton,RB,CIN
3162256,Kendre Miller,RB,NO
2251888,Kendric Pryor,WR,CIN
2088428,Kendrick Bourne,WR,ARI
28874888,Kendrick Law,WR,DET
2261254,Kene Nwangwu,RB,NYJ
2182974,Kenji Bahar,QB,BAL
2867341,Kennedy Brooks,RB,PHI
2968948,Kenneth Gainwell,RB,TB
2175119,Kenneth Harper,RB,NYG
3121372,Kenneth Walker,RB,KC
28873912,Kenny Fletcher,TE,TB
3121460,Kenny McIntosh,RB,SEA
2804969,Kenny Pickett,QB,CAR
2256993,Kenny Yeboah,TE,ARI
3168827,Kentrel Bullock,RB,CIN
29125433,Kenyon Sadiq,TE,NYJ
2185868,Kenzel Doe,WR,PIT
26717289,Keon Coleman,WR,BUF
3122481,Keric Wheatfall,WR,PHI
3126551,Keshunn Abram,WR,NYJ
26698032,Ketron Jackson,WR,LV
2969073,Kevin Austin,WR,NO
28909178,Kevin Coleman,WR,MIA
29380772,Kevin Foelsch,TE,PIT
3122797,Kevin Harris,RB,JAC
2261023,Kevin Kassis,WR,SEA
2868972,Kevin Marks,RB,LAC
2965479,Kevin Shaa,WR,CHI
3161656,Key'Shawn Smith,WR,KC
2744571,Keytaon Thompson,WR,DET
2954080,Khadarel Hodge,WR,SF
2867448,Khalan Laborn,RB,SF
2818380,Khalfani Muhammad,RB,ARI
26697764,Khalil Dinkins,TE,SF
2253041,Khalil Herbert,RB,SF
2866259,Khalil McClain,WR,MIA
2969119,Khalil Shakir,WR,BUF
3159159,Khalil Tate,WR,PHI
3163421,Kimani Vidal,RB,LAC
1272574,Kirk Cousins,QB,LV
26730190,Kisean Johnson,WR,GB
2239763,Ko Kieft,TE,TB
3161851,Kobe Hudson,WR,CAR
2962483,Kobe Lewis,RB,SEA
28909320,Kobe Prentice,WR,NE
2867551,Kody Case,WR,IND
29423982,Kolbe Katsis,WR,DEN
3163049,Kole Taylor,TE,CIN
28950335,Kole Wilson,WR,CLE
26694679,Konata Mumpfield,WR,LAR
2838551,Kris Leach,TE,DEN
3161137,Kristian Wilkerson,WR,ATL
3122216,Kurtis Rourke,QB,SF
26705587,Kye Robichaux,RB,DET
2131782,Kyle Allen,QB,BUF
50049245,Kyle Dixon,WR,NE
1683145,Kyle Juszczyk,RB,SF
2185055,Kyle Markway,TE,LAR
26702687,Kyle McCord,QB,GB
3177368,Kyle Monangai,RB,CHI
2966039,Kyle Philips,WR,LV
2964514,Kyle Pitts,TE,ATL
29379128,Kyle Sheets,WR,KC
2180561,Kyle Shurmur,QB,WAS
2820013,Kyle Sloter,QB,JAC
2221839,Kyle Trask,QB,ATL
3167684,Kyle Williams,WR,NE
2247146,Kylen Granson,TE,TEN
2180829,Kyler Murray,QB,MIN
26699047,Kyre Duplessis,WR,SEA
3121836,Kyren Williams,RB,LAR
3131544,Kyrese Rowan,WR,DEN
26698149,Kyron Drones,QB,GB
26720252,Kyron Hudson,WR,CHI
2185504,La'Michael Pettway,TE,NE
3170389,LaJohntay Wester,WR,BAL
2925157,LaQuvionte Gonzalez,WR,LAR
2185128,LaVance Taylor,RB,KC
2818058,Lachlan Pitts,TE,CHI
3163962,Ladd McConkey,WR,LAC
26697547,Lake McRee,TE,PIT
2181169,Lamar Jackson,QB,BAL
3161645,Lan Larison,RB,NE
28936051,Lance Mason,TE,PIT
2836356,Lance McCutcheon,WR,TEN
2247199,Landon Lenoir,WR,CHI
2962034,Landon Parker,WR,IND
2079899,Laquon Treadwell,WR,IND
28875290,Latreal Jones,WR,TB
2866321,Laviska Shenault,WR,BUF
3164862,Lawrance Toafili,RB,NYJ
2183845,Lawrence Cager,TE,WAS
2969108,Lawrence Keys,WR,DET
26729515,Layne Pryor,TE,HOU
26695012,Le'Meke Brockington,WR,ATL
28923721,Le'Veon Moss,RB,MIA
28877884,LeQuint Allen,RB,JAC
2963315,Leddie Brown,RB,LAC
29125075,Leon Johnson,WR,LAC
2966865,Leonard Taylor,TE,JAC
2819874,Levi Lewis,QB,SEA
3164057,Levi Wentz,WR,PIT
3121706,Lew Nichols,RB,PIT
26695655,Lewis Bond,WR,HOU
26695271,Liam Clifford,WR,IND
3171022,Lideatrick Griffin,WR,GB
2246852,Lil'Jordan Humphrey,WR,DEN
3162885,Lincoln Pare,RB,IND
26701907,Lincoln Sefcik,TE,NYJ
3127480,Lincoln Victor,WR,DEN
1910,Lions,DST,DET
2060999,Logan Woodside,QB,ARI
2966652,Lorenzo Lingard,RB,NYG
26727305,Louis Hansen,TE,HOU
29375761,Louis Rees-Zammit,RB,JAC
2961761,Lucas Krull,TE,DEN
26728625,Lucas Scott,RB,BAL
2184739,Lucky Jackson,WR,DET
2927085,Luis Perez,QB,LAC
2828807,Lujuan Winningham,WR,JAC
26701853,Luke Altmyer,QB,DET
3126340,Luke Benson,TE,LAC
3122054,Luke Deal,TE,DET
2260977,Luke Farrell,TE,SF
3164098,Luke Floriea,WR,CLE
3166697,Luke Grimm,WR,LAC
3163014,Luke Lachey,TE,GB
3121502,Luke McCaffrey,WR,WAS
3129283,Luke Musgrave,TE,GB
2968473,Luke Schoonmaker,TE,DAL
26717211,Luke Wysong,WR,MIN
28874444,Luther Burden,WR,CHI
3165469,Mac Dalena,WR,BUF
2868995,Mac Hippenhammer,WR,CIN
2741202,Mac Jones,QB,SF
2010349,Mack Hollins,WR,NE
29123772,Makai Lemon,WR,PHI
3122839,Makai Polk,WR,ATL
2961890,Malachi Carter,WR,CIN
3162613,Malachi Corley,WR,CLE
26706066,Malachi Fields,WR,NYG
2175065,Malcome Kennedy,WR,NO
3168821,Malick Meiga,WR,CAR
29121426,Malik Benson,WR,LV
2866334,Malik Cunningham,WR,DET
2773009,Malik Davis,RB,DAL
2865446,Malik Flowers,WR,LV
3171033,Malik Heath,WR,ATL
3116830,Malik Henry,WR,NO
2966553,Malik Knowles,WR,SF
26693641,Malik McClain,WR,NYJ
26697761,Malik Nabers,WR,NYG
3117089,Malik Taylor,WR,DET
2136527,Malik Turner,WR,SF
3124729,Malik Washington,WR,MIA
2780940,Malik Williams,WR,BUF
2804167,Malik Willis,QB,MIA
3159152,Manasseh Bailey,WR,NYJ
2131504,Manny Wilkins,QB,GB
50049265,Mante Morrow,WR,LAC
3162514,MarShawn Lloyd,RB,GB
415313,Marcedes Lewis,TE,DEN
2181212,Marcus Green,WR,PHI
3125801,Marcus Major,RB,BAL
1880862,Marcus Mariota,QB,WAS
3133994,Marcus Riley,WR,NYJ
3163938,Marcus Rosemy-Jacksaint,WR,PHI
28924530,Marcus Sanders,WR,MIN
2893412,Marcus Santos-Silva,TE,CLE
3125670,Marcus Simms,WR,SEA
26728267,Marcus Yarns,RB,NO
26697388,Mario Williams,WR,LAR
2131121,Mark Andrews,TE,BAL
26719097,Mark Gronowski,QB,MIA
3162063,Mark Redman,TE,LAR
2925520,Mark Thompson,RB,LV
2354807,Mark Vital,TE,KC
2965517,Markese Stepp,RB,NYJ
28927889,Marlin Klein,TE,HOU
2247505,Marquez Callaway,WR,LV
2071540,Marquez Valdes-Scantling,WR,DAL
2804128,Marquise Brown,WR,PHI
3164086,Marshall Lang,TE,MIN
26701883,Marvin Harrison,WR,ARI
3162586,Marvin Mims,WR,DEN
3127029,Mason Fairchild,TE,NO
3161133,Mason Kinsey,WR,TEN
29176455,Mason Pline,TE,KC
2131167,Mason Rudolph,QB,PIT
2251890,Mason Stokke,RB,CAR
28878064,Mason Taylor,TE,NYJ
3135304,Mason Tipton,WR,NO
2962320,Master Teague,RB,PIT
2966697,Mataeo Durant,RB,PIT
2240073,Mathew Sexton,WR,MIA
3117152,Matt Colburn,RB,JAC
2961962,Matt Corral,QB,MIN
1851039,Matt Johnson,QB,CIN
2871748,Matt Landers,WR,TEN
2184386,Matt Seybert,TE,LAC
2131215,Matt Sokol,TE,PIT
26724746,Matthew Caldwell,QB,LAR
28874927,Matthew Golden,WR,GB
3169490,Matthew Hibner,TE,BAL
1114942,Matthew Stafford,QB,LAR
28926362,Maurice Alexander,WR,CHI
2965014,Max Borghi,RB,PIT
26727130,Max Bredeson,TE,MIN
3122489,Max Brosmer,QB,MIN
3120848,Max Duggan,QB,LAC
3163775,Max Hurleman,RB,PIT
28921209,Max Klare,TE,LAR
26725930,Max Tomczak,WR,BUF
3161969,Maximilian Mang,TE,NYG
2964061,McCallan Castles,TE,GB
2248618,Mecole Hardman,WR,BUF
2966595,Messiah Swinson,TE,GB
3122912,Micah Bernard,RB,NE
2188221,Micah Simon,WR,CAR
2245832,Michael Bandy,WR,DEN
26706359,Michael Briscoe,WR,MIN
1759407,Michael Burton,RB,CLE
2804075,Michael Carter,RB,TEN
3161102,Michael Dereus,WR,BAL
2080283,Michael Dyer,RB,LV
2966873,Michael Ezeike,TE,SEA
2240415,Michael Gallup,WR,WAS
2202932,Michael Jacobson,TE,NO
2185524,Michael Johnson,WR,PHI
3171673,Michael Mayer,TE,LV
2963496,Michael Penix,QB,ATL
2240188,Michael Pittman,WR,PIT
3163083,Michael Pratt,QB,TB
26720219,Michael Trigg,TE,DAL
3128079,Michael Wiley,RB,TB
2965181,Michael Wilson,WR,ARI
2965459,Michael Woods,WR,DEN
29137521,Michael Wortham,WR,JAC
2868607,Michael Young,WR,HOU
2924894,Mikah Holder,WR,WAS
2925551,Mike Boone,RB,MIA
1824909,Mike Evans,WR,SF
2139298,Mike Gesicki,TE,CIN
2826762,Mike Harley,WR,MIA
29376329,Mike Rigerman,TE,BAL
26650288,Mike Strachan,WR,WAS
26693539,Mike Washington,RB,LV
2179830,Mike Weber,RB,NYG
2072143,Mike White,QB,CAR
2082516,Mike Williams,WR,LAC
2195033,Mikey Daniel,RB,CAR
2186656,Miles Boykin,WR,CHI
3174323,Miles Davis,RB,CAR
28912020,Miles Kitselman,TE,DET
2251305,Miles Sanders,RB,DAL
26696204,Miller Moss,QB,CHI
2175046,Milton Williams,WR,LV
3131611,Milton Wright,WR,LAC
2060476,Mitch Trubisky,QB,TEN
29738519,Mitch Van Vooren,TE,NE
26693662,Mitchell Evans,TE,CAR
3162481,Mitchell Tinsley,WR,CIN
2815925,Mo Alie-Cox,TE,IND
26693980,Moliki Matavao,TE,NO
26727563,Monaray Baldwin,WR,MIA
3166692,Montana Lemonious-Craig,WR,PIT
1630429,Montel Harris,RB,FA
3169784,Montorie Foster,WR,SEA
26699807,Montrell Johnson,RB,CAR
2866191,Montrell Washington,WR,HOU
3168156,Moochie Dixon,WR,NO
3162427,Moose Muhammad,WR,CAR
2235403,Moritz Boehringer,TE,CIN
1760327,MyCole Pruitt,TE,PIT
2180360,Myles Gaskin,RB,SEA
26703126,Myles Montgomery,RB,NE
3168525,Myles Price,WR,MIN
2221807,N'Keal Harry,TE,SEA
2741200,Najee Harris,RB,LAC
2977285,Nate Adkins,TE,DEN
3162867,Nate Boerkircher,TE,JAC
3163182,Nate Carter,RB,ATL
3162296,Nate McCollum,WR,ARI
3172309,Nate Noel,RB,IND
2251110,Nate Stanley,QB,MIN
2001862,Nate Sudfeld,QB,SF
2179741,Nate Wieting,TE,NYG
2818390,Nathan Rourke,QB,ATL
3121003,Nathaniel Peat,RB,DAL
3125818,Nay'Quan Wright,RB,IND
2893513,Naz Bohannon,TE,JAC
3131532,Neal Johnson,TE,NYJ
2807947,Neil Pau'u,WR,BUF
1996508,Nelson Agholor,WR,BAL
28876754,Nicholas Singleton,RB,TEN
2180613,Nick Brossette,RB,DET
2131579,Nick Chubb,RB,HOU
3166956,Nick DeGennaro,WR,NE
2804380,Nick Easley,WR,BUF
2260646,Nick Eubanks,TE,IND
2131743,Nick Fitzgerald,QB,TB
26661732,Nick Guggemos,TE,BUF
3123192,Nick Kallerup,TE,SEA
2819104,Nick Mullens,QB,JAC
2818056,Nick Muse,TE,DET
3123884,Nick Nash,WR,WAS
2925439,Nick Sharga,RB,LV
2927394,Nick Stevens,QB,DEN
1871322,Nick Vannett,TE,SEA
2185954,Nick Westbrook-Ikhine,WR,IND
28908782,Nick Williams,WR,DEN
2878193,Nico Collins,WR,HOU
2131958,Nico Evans,RB,PHI
2964863,Nikko Remigio,WR,KC
28867671,Nikola Kalinic,TE,CHI
2139270,Noah Brown,WR,WAS
3122713,Noah Cain,RB,CIN
2251095,Noah Fant,TE,NO
2869790,Noah Gindorff,TE,PIT
2866903,Noah Gray,TE,KC
28922853,Noah Thomas,WR,CIN
3161758,Noah Whittington,RB,HOU
2252366,Nolan Givan,TE,DET
2816145,Nolan Henderson,QB,BAL
3117157,Nsimba Webster,WR,CHI
2183832,Nyheim Miller-Hines,RB,NO
28900666,Octavian Smith,WR,BAL
1824823,Odell Beckham,WR,NYG
3138422,Odieu Hiliare,WR,ATL
2186266,Olamide Zaccheaus,WR,ATL
2878230,Oliver Martin,WR,JAC
28873887,Ollie Gordon,RB,MIA
2179863,Omar Bayless,WR,KC
28900921,Omar Cooper,WR,NYJ
28875329,Omari Evans,WR,KC
28875866,Omari Kelly,WR,CHI
28908905,Omarion Hampton,RB,LAC
2865393,Ontaria Wilson,WR,NYJ
26727374,Oronde Gadsden,TE,LAC
3127887,Oscar Cardenas,TE,ARI
28873644,Oscar Delp,TE,NO
2249164,Osirus Mitchell,WR,GB
2804600,Otis Anderson,RB,LAR
2818062,Owen Wright,RB,TB
1911,Packers,DST,GB
1905,Panthers,DST,CAR
2139547,Papi White,WR,TEN
3168820,Parker Washington,WR,JAC
2139271,Parris Campbell,WR,DAL
26697415,Pat Bryant,WR,DEN
3138345,Pat Conroy,TE,LV
2961270,Pat Freiermuth,TE,PIT
3159195,Patrick Carr,RB,SEA
3169599,Patrick Gurd,TE,LV
3121535,Patrick Herbert,TE,JAC
2142052,Patrick Mahomes,QB,KC
29375400,Patrick Murtagh,TE,DEN
2818911,Patrick Ricard,RB,NYG
2256736,Patrick Taylor,RB,SF
1931,Patriots,DST,NE
2968469,Payne Durham,TE,TB
3132633,Payton Thorne,QB,CIN
3172327,Pete Guerriero,RB,PIT
3131648,Peter LeBlanc,WR,CHI
2867545,Peyton Hendershot,TE,KC
2819155,Pharaoh Brown,TE,IND
29152034,Phil Lutz,WR,NE
26695049,Phil Mafah,RB,DAL
493041,Philip Rivers,QB,IND
2961854,Phillip Brooks,WR,KC
1836058,Phillip Dorsett,WR,LV
2175073,Phillip Sims,QB,SEA
2819247,Pierre Strong,RB,GB
29385901,Praise Olatoke,WR,CAR
2865409,Princeton Fant,TE,DAL
2965260,Pro Wells,TE,CIN
3121687,Puka Nacua,WR,LAR
2968088,Qadir Ismail,TE,CHI
3164735,Quali Conley,RB,CIN
2249179,Quartney Davis,WR,IND
3162609,Quentin Johnston,WR,LAC
26702243,Quentin Moore,TE,WAS
3166676,Quentin Skinner,WR,BUF
2262953,Quez Watkins,WR,PHI
26697082,Quincy Skinner,WR,NYJ
26746721,Quinn Ewers,QB,MIA
28878286,Quinshon Judkins,RB,CLE
2251870,Quintez Cephus,WR,BUF
2864581,Quintin Morris,TE,JAC
3121207,RJ Harvey,RB,DEN
28915341,RJ Maryland,TE,GB
2980231,RJ Starkey,WR,GB
2248189,Ra'Shaun Henry,WR,SEA
3169147,Rachaad White,RB,WAS
2870476,Raheem Blackshear,RB,DET
2174957,Raheem Mostert,RB,LV
26700087,Raheim Sanders,RB,CLE
1920,Raiders,DST,LV
2260196,Rakeem Boyd,RB,DET
3166901,Rakim Jarrett,WR,PIT
2079834,Ralph Webb,RB,PIT
3123657,Ramel Keyton,WR,TEN
2816981,Ramon Jefferson,RB,TB
1923,Rams,DST,LAR
28873470,Rashad Rochelle,WR,SEA
3124978,Rashee Rice,WR,KC
3168797,Rasheen Ali,RB,BAL
2250863,Rashid Shaheed,WR,SEA
2960940,Rashod Bateman,WR,BAL
3169153,Rashod Owens,WR,CIN
2237133,Rashon Ceaser,WR,TEN
1903,Ravens,DST,BAL
3123108,Ray Davis,RB,BUF
2179226,Ray-Ray McCloud,WR,NYG
26698282,Raylen Sharpe,WR,IND
2239232,Reece Horn,WR,CIN
2961395,Reggie Brown,WR,KC
2820499,Reggie Davis,WR,DAL
3161112,Reggie Gilliam,RB,NE
2835560,Reggie Roberson,WR,TEN
28883008,Reggie Virgil,WR,ARI
3116826,Reggie White,WR,NYG
3159194,Reid Sinnett,QB,CIN
3125832,Rhamondre Stevenson,RB,NE
3122949,Ricky Pearsall,WR,SF
2966141,Ricky Person,RB,SEA
3169795,Ricky White,WR,SEA
2251993,Rico Bussey,WR,PIT
2252798,Rico Dowdle,RB,PIT
2247038,Riley Lees,WR,CIN
26699092,Riley Leonard,QB,IND
3175781,Riley Nowakowski,TE,PIT
3047671,Riley Sharp,TE,BAL
3165468,Rivaldo Fairweather,TE,ARI
2890282,River Cracraft,WR,WAS
1886746,Robbie Chosen,WR,WAS
26697728,Robbie Ouzts,RB,SEA
2804092,Robert Burns,RB,ATL
29123025,Robert Henry,RB,WAS
3166596,Robert Lewis,WR,MIN
2820026,Robert Tonyan,TE,PIT
1754280,Robert Woods,WR,PIT
26733219,Roc Taylor,WR,CAR
2867061,Rocky Lombardi,QB,CIN
26696826,Roderick Daniels,WR,NO
2179644,Rodney Anderson,RB,CIN
28887229,Rohan Jones,TE,LAR
26700412,Roman Hemby,RB,LV
3169495,Roman Wilson,WR,PIT
3162979,Rome Odunze,WR,CHI
26694913,Romello Brinson,WR,DAL
2961886,Romeo Doubs,WR,NE
2805483,Ronald Awatt,RB,SF
2968474,Ronnie Bell,WR,NO
29117338,Ronnie Brown,RB,TB
2804793,Ronnie Rivers,RB,LAR
3121395,Roschon Johnson,RB,CHI
2924888,Ross Dwelley,TE,CAR
2139588,Royce Freeman,RB,LAC
3162757,Roydell Williams,RB,IND
26693659,Rushawn Baker,RB,NE
2131694,Russell Gage,WR,SF
1272242,Russell Wilson,QB,NYG
1631205,Ryan Aplin,QB,FA
3159083,Ryan Becker,TE,ATL
28891456,Ryan Flournoy,WR,DAL
2879694,Ryan McDaniel,WR,JAC
2964726,Ryan Miller,WR,NYG
2219913,Ryan Williams,QB,GB
2179571,Ryan Willis,QB,CHI
3159167,Rysen John,TE,CHI
2806063,Sage Surratt,WR,ARI
26697142,Sahmir Hagans,WR,IND
1917,Saints,DST,NO
2804541,Sal Cannella,TE,CLE
2815163,Salvon Ahmed,RB,CHI
29052184,Sam Brown,WR,GB
2180320,Sam Darnold,QB,SEA
2803330,Sam Ehlinger,QB,DEN
2965037,Sam Hartman,QB,WAS
3123797,Sam Howell,QB,DAL
2965746,Sam James,WR,LAR
3124197,Sam LaPorta,TE,DET
2961512,Sam Pinckney,WR,CAR
29722440,Sam Pitz,TE,BAL
28877184,Sam Roush,TE,CHI
2968047,Sam Schnee,RB,TEN
26700754,Sam Scott,RB,NYJ
2984114,Sam Wiglusz,WR,LAR
2131148,Samaje Perine,RB,CIN
2245831,Samori Toure,WR,PHI
2260501,Samson Nacua,WR,NO
3168435,Sandro Platzgummer,RB,NYG
2185957,Saquon Barkley,RB,PHI
3161844,Savion Williams,WR,GB
2869196,Savon Scarver,WR,CHI
2251139,Scooter Harrington,TE,CHI
2180075,Scott Miller,WR,CHI
2060508,Scott Orndoff,TE,PHI
2186416,Scotty Washington,TE,BAL
1926,Seahawks,DST,SEA
2868998,Sean Clifford,QB,CIN
2239736,Sean McKeon,TE,IND
3116763,Sean Modster,WR,BAL
2963218,Sean Ryan,WR,BAL
3168416,Sean Tucker,RB,TB
2239758,Seth Green,TE,NO
26697328,Seth Henigan,QB,IND
3161581,Seth McGowan,RB,IND
2965944,Seth Williams,WR,LV
26696643,Seydou Traore,TE,MIA
26695205,Shae Wyatt,WR,SF
28901305,Shaleak Knotts,WR,MIN
2240307,Shane Buechele,QB,BUF
50024129,Shane Watts,RB,NE
26688308,Shane Zylstra,TE,BUF
2926785,Shaq Roland,WR,CHI
3137942,Shaquan Davis,WR,PIT
2251090,Shaun Beyer,TE,GB
2962851,Shawn Bowman,TE,JAC
3116832,Shawn Poindexter,WR,SF
26710004,Shedeur Sanders,QB,CLE
2962459,Shedrick Jackson,WR,LV
28866847,Shemar Bridges,WR,BAL
3162906,Shermari Jones,RB,CIN
26695018,ShunDerrick Powell,RB,KC
3161110,Siaosi Mariner,WR,BAL
3176940,Silas Bolden,WR,HOU
2965289,Simi Fehoko,WR,ARI
3173147,Sincere Brown,WR,LAC
3121308,Sincere McCormick,RB,SF
28877349,Sione Vaki,RB,DET
2239649,Skylar Thompson,QB,BAL
26726589,Skyler Bell,WR,BUF
3126874,Skyy Moore,WR,GB
2960931,Slade Bolden,WR,ATL
3121137,Sone Ntoh,RB,BAL
3125863,Spencer Rattler,QB,NO
2179632,Stanley Morgan,WR,TEN
1922,Steelers,DST,PIT
2000038,Stefon Diggs,WR,WAS
3116783,Stephen Carlson,TE,CHI
3162073,Stephen Gosnell,WR,BUF
2961462,Stephen Guidry,WR,DAL
2961667,Stephon Robinson,WR,ARI
1996786,Sterling Shepard,WR,TB
2871628,Stetson Bennett,QB,LAR
2925153,Steve Ishmael,WR,IND
2185536,Steven Montez,QB,DET
3116703,Steven Sims,WR,ARI
2961775,Steven Stilianos,TE,DET
2967217,Stevie Scott,RB,ARI
3164867,Stevo Klotz,TE,LAC
2864800,Stone Smartt,TE,PHI
29116249,Sy Barnett,WR,NO
28926779,TJ Harden,RB,SEA
2251097,TJ Hockenson,TE,MIN
2963021,TJ Luther,WR,CAR
2963440,TJ Pledger,RB,ARI
3116702,TJ Rahming,WR,MIA
3131565,TJ Sheffield,WR,TEN
2240254,TJ Simmons,WR,TB
2252275,TJ Vasher,WR,DAL
2961275,TaMerik Williams,RB,SEA
3168518,Tahj Brooks,RB,CIN
3122529,Tahj Washington,WR,MIA
26702969,Tai Felton,WR,MIN
1679885,Taimi Tutogi,RB,FA
3117391,Taj McGowan,RB,JAC
2250273,Talolo Limu-Jones,WR,CAR
2866340,Tamorrion Terry,WR,SEA
3162021,Tank Bigsby,RB,PHI
2963970,Tank Dell,WR,HOU
26713728,Tanner Arkin,TE,NE
2260697,Tanner Conner,TE,NYG
2926606,Tanner Hudson,TE,CIN
2964657,Tanner Knue,WR,TB
28874303,Tanner Koziol,TE,JAC
2963945,Tanner McKee,QB,PHI
2980252,Tanner McLachlan,TE,SF
2965998,Tanner Mordecai,QB,SF
2804401,Tanner Morgan,QB,MIN
2865559,Tanner Taula,TE,TB
2819115,Tarik Black,WR,DET
2183276,Taryn Christion,QB,PIT
3153041,Tavonn Salter,WR,ATL
2865709,Tay Martin,WR,DET
2962839,Taye Barber,WR,TB
26697553,Taylen Green,QB,CLE
29675766,Taylor Elgersma,QB,GB
2963130,Taylor Grimes,WR,DEN
2174914,Taylor Heinicke,QB,LAC
3127330,Taylor Morin,WR,PHI
2804284,Tayon Fleet-Davis,RB,KC
2253350,Taysir Mack,WR,SF
2818935,Taysom Hill,"QB,TE",NO
3126630,Tayvion Robinson,WR,CAR
2965963,Teagan Quitoriano,TE,ARI
29421796,Ted Hurst,WR,TB
1825122,Teddy Bridgewater,QB,DET
2809208,Tee Higgins,WR,CIN
26702915,Tejhaun Palmer,WR,NE
2071631,Temuchin Hodges,TE,PIT
3124921,Terique Owens,WR,SF
2963214,Terrace Marshall,WR,MIA
2130333,Terrance Cobb,RB,LV
26701481,Terrance Ferguson,TE,LAR
3133899,Terrell Jennings,RB,NE
50007644,Terrill Davis,WR,MIN
2139279,Terry McLaurin,WR,WAS
3116837,Terry Wright,WR,MIA
28877124,Tetairoa McMillan,WR,CAR
1932,Texans,DST,HOU
3161539,Tez Johnson,WR,TB
2246946,Thaddeus Moss,TE,CIN
2865035,Thayer Thomas,WR,DEN
3162129,Theo Johnson,TE,NYG
3124276,Theo Wease,WR,MIA
26699695,Thomas Fidone,TE,NYG
3124711,Thomas Gordon,TE,DET
2967042,Thomas Greaney,TE,CLE
2780930,Thomas Hennigan,WR,MIN
3116774,Thomas Ives,WR,CHI
2964832,Thomas Odukoya,TE,NE
2819114,Thomas Sperbeck,WR,TB
2966406,Thomas Yassmin,TE,GB
2816155,Thyrick Pitts,WR,GB
2071997,Tim Boyle,QB,TEN
2236987,Tim Brown,TE,TB
2966739,Tim DeMorat,QB,WAS
2839207,Tim Jones,WR,JAC
2818910,Tim Patrick,WR,NYJ
3169268,Tip Reiman,TE,ARI
1928,Titans,DST,TEN
3122982,Titus Swen,RB,IND
26701126,Tiyon Evans,RB,CAR
2964065,Toa Taua,RB,CLE
3117113,Tom Kennedy,WR,DET
2865426,Tommy DeVito,QB,NE
3162687,Tommy Mellott,WR,NO
2969027,Tommy Tremble,TE,CAR
2184011,Tony Pollard,RB,TEN
29169380,Toriano Clinton,RB,IND
3165177,Tory Horton,WR,SEA
1705702,Trabis Ward,RB,FA
1685895,Tracy Moore,WR,FA
3163354,Traeshon Holden,WR,DAL
2865807,Travell Harris,WR,CLE
2967055,Travis Dye,RB,NYJ
2809206,Travis Etienne,RB,NO
2249831,Travis Homer,RB,PIT
28909849,Travis Hunter,WR,JAC
3159190,Travis Jonsen,WR,TB
1725130,Travis Kelce,TE,KC
3127726,Travis Koontz,TE,LV
2261149,Travis Toivonen,WR,MIN
2870478,Travis Vokolek,TE,ARI
2222046,Trayveon Williams,RB,CLE
3167411,Trayvon Rudolph,WR,MIN
2239576,Tre Harbison,RB,CLE
3162525,Tre Harris,WR,LAC
3121001,Tre Mosley,WR,CIN
2260187,Tre Nixon,WR,NE
29426636,Tre Stewart,RB,MIN
3121848,Tre Tucker,WR,LV
2966451,Tre Turner,WR,LV
2864807,Tre Walker,WR,BUF
26699319,Tre Watson,TE,KC
2804040,Tre' McKitty,TE,HOU
2963056,Tre'Shaun Harrison,WR,TEN
26699547,TreVeyon Henderson,RB,NE
3168420,Trebor Pena,WR,JAC
2965838,Trent Pennix,RB,IND
2139758,Trent Sherfield,WR,BUF
2060838,Trent Taylor,WR,SF
3117052,Trenton Irwin,WR,SF
2133481,Trevion Thompson,WR,TEN
2240172,Trevon Bradford,WR,LAC
3127826,Trevon Clark,WR,BAL
2826772,Trevon Grimes,WR,PHI
28901419,Trevor Etienne,RB,CAR
2967185,Trevor Lawrence,QB,JAC
2174210,Trevor Siemian,QB,ATL
3176915,Trey Benson,RB,ARI
3122488,Trey Knox,TE,MIN
2969444,Trey Lance,QB,LAC
2963385,Trey McBride,TE,ARI
3122273,Trey Palmer,WR,NO
2804142,Trey Sermon,RB,PIT
3122944,Treylon Burks,WR,WAS
3123913,Treyton Welch,TE,NO
28927179,Treyvhon Saunders,WR,HOU
2253371,Trishton Jackson,WR,ARI
26693436,Troy Franklin,WR,DEN
2880293,Troy Hairston,RB,CLE
26710155,Tru Edwards,WR,LAR
2741209,Tua Tagovailoa,QB,ATL
2866766,Tucker Fisk,TE,LAC
3133332,Tucker Kraft,TE,GB
2965372,Tutu Atwell,WR,MIA
2867472,Ty Chandler,RB,NO
2866135,Ty Fryfogle,WR,KC
3135294,Ty James,WR,MIN
2179323,Ty Johnson,RB,BUF
28925533,Ty Pezza,TE,BAL
2960933,Ty Scott,WR,SEA
28878532,Ty Simpson,QB,LAR
3122588,Tyjae Spears,RB,TEN
2804338,Tyjon Lindsey,WR,SEA
2866424,Tylan Wallace,WR,CLE
2820164,Tyler Adams,WR,IND
2975590,Tyler Allgeier,RB,ARI
2964494,Tyler Badie,RB,DEN
2071582,Tyler Boyd,WR,TEN
2165249,Tyler Conklin,TE,DET
2182811,Tyler Davis,TE,NE
2219915,Tyler Davis,WR,MIA
2061073,Tyler Gaffney,RB,NE
3122473,Tyler Goodson,RB,ATL
1691256,Tyler Harrell,WR,NYJ
1853103,Tyler Higbee,TE,LAR
2866762,Tyler Hoosman,RB,LAC
3122893,Tyler Hudson,WR,LAR
3159137,Tyler Huntley,QB,BAL
1620002,Tyler Johnson,WR,DAL
29729510,Tyler Kahmann,WR,IND
1860834,Tyler Lockett,WR,LV
3159198,Tyler Mabry,TE,CAR
3164475,Tyler Neville,TE,DAL
3163215,Tyler Scott,WR,LAR
2964064,Tyler Shough,QB,NO
3159178,Tyler Simmons,WR,PIT
2983342,Tyler Snead,WR,PIT
2242770,Tyler Vaughns,WR,PIT
3168800,Tyler Warren,TE,IND
2965066,Tyquan Thornton,WR,KC
2184377,Tyree Jackson,TE,WAS
2131163,Tyreek Hill,WR,MIA
28867646,Tyreik McAllister,RB,LV
2741208,Tyrell Shavers,WR,BUF
28935910,Tyren Montgomery,WR,TEN
3123979,Tyrion Davis-Price,RB,GB
1243338,Tyrod Taylor,QB,GB
3133378,Tyrone Broden,WR,SEA
2963637,Tyrone Tracy,RB,NYG
2876686,Tyshaun James,WR,ATL
29081346,Tyson Bagent,QB,CHI
3125140,Ulysses Bentley IV,RB,IND
3114048,Valentine Holmes,RB,NYJ
2186342,Van Jefferson,WR,WAS
2242764,Velus Jones,RB,SEA
1916,Vikings,DST,MIN
28921356,Vinny Anthony,WR,ATL
3124107,Wan'Dale Robinson,WR,TEN
2803784,Warren Jackson,WR,LAR
2960832,Wayne Taulapapa,RB,SEA
28883053,Wesley Grimes,WR,SF
2867503,Whop Philyor,WR,MIN
2139628,Will Dissly,TE,LAC
2131571,Will Grier,QB,CAR
3162310,Will Howard,QB,PIT
26717403,Will Kacmarek,TE,MIA
2964377,Will Levis,QB,TEN
2962073,Will Mallory,TE,IND
26697818,Will Pauling,WR,SF
3161602,Will Sheppard,WR,GB
26699119,Will Shipley,RB,PHI
2263021,Willie Johnson,WR,JAC
3123346,Winston Wright,WR,CLE
3171045,Woody Marks,RB,HOU
3127427,Xavier Gipson,WR,NYG
3161932,Xavier Guillory,WR,BAL
3161943,Xavier Hutchinson,WR,HOU
2984078,Xavier Johnson,WR,CIN
3131575,Xavier Legette,WR,CAR
26695352,Xavier Loyd,WR,KC
29128526,Xavier Malone,WR,ATL
3163221,Xavier Restrepo,WR,TEN
2986749,Xavier Smith,WR,LAR
3117016,Xavier Turner,RB,SEA
3131562,Xavier Weaver,WR,ARI
3127688,Xavier White,WR,IND
26730787,Xavier Worthy,WR,KC
2867484,Xazavian Valladay,RB,MIN
2864584,ZaQuandre White,RB,MIA
3123810,Zach Charbonnet,RB,SEA
2175721,Zach D'Orazio,WR,NE
26653246,Zach Davidson,TE,NYG
1685963,Zach Ertz,TE,WAS
2976450,Zach Heins,TE,LAC
26698603,Zach Horton,TE,DET
29118586,Zach Ojile,RB,MIN
1989197,Zach Pascal,WR,NYG
2960892,Zach Wilson,QB,NO
29123979,Zachariah Branch,WR,ATL
2961799,Zack Annexstad,QB,TB
2963243,Zack Kuntz,TE,DAL
2240516,Zack Moss,RB,CIN
26695325,Zaire Mitchell-Paden,TE,NO
3127917,Zakhari Franklin,WR,LV
2963641,Zamir White,RB,LV
2869402,Zavier Scott,RB,MIN
28909795,Zavion Thomas,WR,CHI
3127049,Zay Flowers,WR,BAL
2080270,Zay Jones,WR,ARI
3168734,Zion Bowens,WR,WAS
3121860,Zonovan Knight,RB,ARI
