League,Player,Pos
TRUFFLE,Bijan Robinson,RB
TRUFFLE,Jahmyr Gibbs,RB
TRUFFLE,Anthony Richardson,QB
TRUFFLE,Bryce Young,QB
TRUFFLE,CJ Stroud,QB
TRUFFLE,Jaxon Smith-Njigba,WR
TRUFFLE,Jordan Addison,WR
TRUFFLE,Zay Flowers,WR
TRUFFLE,Zach Charbonnet,RB
TRUFFLE,DeVon Achane,RB
TRUFFLE,Dalton Kincaid,TE
TRUFFLE,Sam LaPorta,TE
TRUFFLE,Tank Bigsby,RB
TRUFFLE,Jayden Reed,WR
TRUFFLE,Tyjae Spears,RB
TRUFFLE,Rashee Rice,WR
TRUFFLE,Chase Brown,RB
TRUFFLE,Michael Wilson,WR
TRUFFLE,Caleb Williams,QB
TRUFFLE,Jayden Daniels,QB
TRUFFLE,Marvin Harrison,WR
TRUFFLE,JJ McCarthy,QB
TRUFFLE,Drake Maye,QB
TRUFFLE,Malik Nabers,WR
TRUFFLE,Rome Odunze,WR
TRUFFLE,Xavier Worthy,WR
TRUFFLE,Bo Nix,QB
TRUFFLE,Brian Thomas,WR
TRUFFLE,Brock Bowers,TE
TRUFFLE,Trey Benson,RB
TRUFFLE,Keon Coleman,WR
TRUFFLE,Ladd McConkey,WR
TRUFFLE,Blake Corum,RB
TRUFFLE,Xavier Legette,WR
TRUFFLE,Ricky Pearsall,WR
TRUFFLE,Adonai Mitchell,WR
TRUFFLE,MarShawn Lloyd,RB
TRUFFLE,Ray Davis,RB
TRUFFLE,Jaylen Wright,RB
TRUFFLE,Roman Wilson,WR
TRUFFLE,Michael Penix,QB
TRUFFLE,Bucky Irving,RB
TRUFFLE,Braelon Allen,RB
TRUFFLE,Jalen McMillan,WR
KERFUFFLE,Caleb Williams,QB
KERFUFFLE,Marvin Harrison,WR
KERFUFFLE,Jayden Daniels,QB
KERFUFFLE,JJ McCarthy,QB
KERFUFFLE,Malik Nabers,WR
KERFUFFLE,Rome Odunze,WR
KERFUFFLE,Jonathon Brooks,RB
KERFUFFLE,Xavier Worthy,WR
KERFUFFLE,Brock Bowers,TE
KERFUFFLE,Keon Coleman,WR
KERFUFFLE,Drake Maye,QB
KERFUFFLE,Brian Thomas,WR
KERFUFFLE,Blake Corum,RB
KERFUFFLE,Ladd McConkey,WR
KERFUFFLE,Trey Benson,RB
KERFUFFLE,Bo Nix,QB
KERFUFFLE,Xavier Legette,WR
KERFUFFLE,Michael Penix,QB
KERFUFFLE,Ricky Pearsall,WR
KERFUFFLE,Adonai Mitchell,WR
KERFUFFLE,MarShawn Lloyd,RB
KERFUFFLE,Jaylen Wright,RB
KERFUFFLE,Javon Baker,WR
KERFUFFLE,Jermaine Burton,WR
KERFUFFLE,Roman Wilson,WR
KERFUFFLE,Isaac Guerendo,RB
KERFUFFLE,Troy Franklin,WR
KERFUFFLE,JaLynn Polk,WR
KERFUFFLE,Bucky Irving,RB
KERFUFFLE,Malachi Corley,WR
KERFUFFLE,Jalen McMillan,WR
KERFUFFLE,Ben Sinnott,TE
KERFUFFLE,Devontez Walker,WR
KERFUFFLE,Braelon Allen,RB
KERFUFFLE,JaTavion Sanders,TE
KERFUFFLE,Will Shpley,RB
TRUFFLE,Ashton Jeanty,RB
TRUFFLE,Omarion Hampton,RB
TRUFFLE,Cam Ward,QB
TRUFFLE,TreVeyon Henderson,RB
TRUFFLE,Tetairoa McMillan,WR
TRUFFLE,Quinshon Judkins,RB
TRUFFLE,Colston Loveland,TE
TRUFFLE,Kaleb Johnson,RB
TRUFFLE,Tyler Warren,TE
TRUFFLE,RJ Harvey,RB
TRUFFLE,Travis Hunter,WR
TRUFFLE,Cam Skattebo,RB
TRUFFLE,Emeka Egbuka,WR
TRUFFLE,Jaxson Dart,QB
TRUFFLE,Bhayshul Tuten,RB
TRUFFLE,Jayden Higgins,WR
TRUFFLE,Matthew Golden,WR
TRUFFLE,Shedeur Sanders,QB
TRUFFLE,Tyler Shough,QB
TRUFFLE,Kyle Williams,WR
TRUFFLE,Tre Harris,WR
TRUFFLE,Jaydon Blue,RB
TRUFFLE,Luther Burden,WR
TRUFFLE,Jack Bech,WR
TRUFFLE,Jalen Milroe,QB
TRUFFLE,Terrance Ferguson,TE
TRUFFLE,Isaac TeSlaa,WR
TRUFFLE,Trevor Etienne,RB
TRUFFLE,Dylan Sampson,RB
TRUFFLE,Pat Bryant,WR
TRUFFLE,Mason Taylor,TE
TRUFFLE,Ollie Gordon,RB
TRUFFLE,Jaylin Noel,WR
TRUFFLE,Jarquez Hunter,RB
TRUFFLE,Devin Neal,RB
TRUFFLE,Will Howard,QB
KERFUFFLE,Ashton Jeanty,RB
KERFUFFLE,Cam Ward,QB
KERFUFFLE,Travis Hunter,WR
KERFUFFLE,Omarion Hampton,RB
KERFUFFLE,Tetairoa McMillan,WR
KERFUFFLE,Emeka Egbuka,WR
KERFUFFLE,TreVeyon Henderson,RB
KERFUFFLE,Quinshon Judkins,RB
KERFUFFLE,RJ Harvey,RB
KERFUFFLE,Kaleb Johnson,RB
KERFUFFLE,Jaxson Dart,QB
KERFUFFLE,Colston Loveland,TE
KERFUFFLE,Matthew Golden,WR
KERFUFFLE,Tre Harris,WR
KERFUFFLE,Tyler Warren,TE
KERFUFFLE,Jack Bech,WR
KERFUFFLE,Jayden Higgins,WR
KERFUFFLE,Jalen Milroe,QB
KERFUFFLE,Cam Skattebo,RB
KERFUFFLE,Bhayshul Tuten,RB
KERFUFFLE,Terrance Ferguson,TE
KERFUFFLE,Luther Burden,WR
KERFUFFLE,Kyle Williams,WR
KERFUFFLE,Devin Neal,RB
KERFUFFLE,Shedeur Sanders,QB
KERFUFFLE,Jaydon Blue,RB
KERFUFFLE,Jaylin Noel,WR
KERFUFFLE,Tyler Shough,QB
KERFUFFLE,Harold Fannin,TE
KERFUFFLE,Elic Ayomanor,WR
KERFUFFLE,Dylan Sampson,RB
KERFUFFLE,Mason Taylor,TE
KERFUFFLE,Trevor Etienne,RB
KERFUFFLE,Woody Marks,RB
KERFUFFLE,Jarquez Hunter,RB
KERFUFFLE,Jalen Royals,WR