League,Pos,TRUFFLE,Player,NFL,Opp,Game Time,Bye,O/U,PosRnk,Ovp,Rost,Start,Salary,Contract,2025,3yr Avg,Proj
TRUFFLE,QB,AFL,Jayden Daniels,WAS,@PHI,Sun  4:25pm ET,7,45.5,5,11,85%,54%,45,1,128.28,260.82,315.88
TRUFFLE,RB,AFL,Jahmyr Gibbs,DET,NO,Sun  1:00pm ET,6,50.5,1,20,100%,100%,70,1,373.90,341.40,313.65
TRUFFLE,RB,AFL,Jeremiyah Love,ARI,@LAC,Sun  4:25pm ET,14,47.5,17,8,64%,52%,50,3,0.00,0.00,178.96
TRUFFLE,WR,AFL,Emeka Egbuka,TB,@CIN,Sun  1:00pm ET,10,50.5,22,9,96%,78%,5,2,166.70,168.80,162.03
TRUFFLE,WR,AFL,Justin Jefferson,MIN,GB,Sun  4:25pm ET,6,45.5,6,21,96%,89%,80,2,164.50,211.60,165.29
TRUFFLE,TE,AFL,Brock Bowers,LV,MIA,Sun  4:25pm ET,13,40.5,1,29,98%,85%,10,1,148.60,179.50,154.46
TRUFFLE,RB,AFL,Tony Pollard,TEN,NYJ,Sun  1:00pm ET,9,39,27,32,89%,40%,35,1,211.80,220.20,149.01
TRUFFLE,WR,AFL,DeVonta Smith,PHI,WAS,Sun  4:25pm ET,10,45.5,15,28,95%,81%,61,2,168.80,175.10,151.78
TRUFFLE,QB,AFL,Sam Darnold,SEA,NE,Wed  8:20pm ET,11,44.5,25,5,66%,18%,66,2,245.72,202.08,267.21
TRUFFLE,DST,AFL,Bears,CHI,@CAR,Sun  1:00pm ET,10,47.5,24,22,36%,20%,1,1,148.00,136.00,143.70
TRUFFLE,QB,AFL,Bryce Young,CAR,CHI,Sun  1:00pm ET,5,47.5,29,26,26%,6%,38,2,234.24,203.08,258.63
TRUFFLE,WR,AFL,Rashod Bateman,BAL,@IND,Sun  1:00pm ET,13,47.5,---,27,16%,1%,1,2,48.40,91.00,106.04
TRUFFLE,WR,AFL,Germie Bernard,PIT,ATL,Sun  1:00pm ET,9,42.5,---,22,7%,1%,5,3,0.00,0.00,70.38
TRUFFLE,WR,AFL,Malachi Fields,NYG,DAL,Sun  8:20pm ET,8,48.5,---,32,13%,1%,3,3,0.00,0.00,60.20
TRUFFLE,WR,AFL,Quentin Johnston,LAC,ARI,Sun  4:25pm ET,7,47.5,35,17,82%,25%,5,1,147.40,125.00,133.76
TRUFFLE,TE,AFL,Chigoziem Okonkwo,WAS,@PHI,Sun  4:25pm ET,7,45.5,22,1,22%,4%,1,2,92.00,90.30,82.60
TRUFFLE,WR,AFL,Adonai Mitchell,NYJ,@TEN,Sun  1:00pm ET,13,39,---,29,21%,4%,5,1,70.30,63.62,63.69
TRUFFLE,RB,AFL,Dylan Sampson,CLE,@JAC,Sun  1:00pm ET,11,40.5,52,1,35%,3%,3,1,75.60,71.70,89.00
TRUFFLE,WR,AFL,Jayden Higgins,HOU,BUF,Sun  1:00pm ET,8,44.5,---,13,27%,10%,5,2,116.50,115.00,0.00
TRUFFLE,QB,CC,Brock Purdy,SF,@LAR,Thu  8:35pm ET,8,48.5,12,15,93%,54%,96,1,194.08,261.38,303.44
TRUFFLE,RB,CC,James Cook,BUF,@HOU,Sun  1:00pm ET,7,44.5,4,5,100%,98%,60,1,348.20,300.40,230.05
TRUFFLE,RB,CC,TreVeyon Henderson,NE,@SEA,Wed  8:20pm ET,11,44.5,31,4,94%,46%,35,2,223.20,222.20,153.12
TRUFFLE,WR,CC,Amon-Ra St Brown,DET,NO,Sun  1:00pm ET,6,50.5,4,10,98%,95%,79,1,279.00,280.92,205.64
TRUFFLE,WR,CC,Brian Thomas,JAC,CLE,Sun  1:00pm ET,7,40.5,31,5,87%,34%,10,1,125.80,187.40,139.99
TRUFFLE,TE,CC,Dallas Goedert,PHI,WAS,Sun  4:25pm ET,10,45.5,10,30,90%,64%,9,2,159.10,112.70,147.03
TRUFFLE,WR,CC,DK Metcalf,PIT,ATL,Sun  1:00pm ET,9,42.5,38,22,85%,33%,20,2,166.20,174.00,133.88
TRUFFLE,RB,CC,Rachaad White,WAS,@PHI,Sun  4:25pm ET,7,45.5,41,26,72%,7%,2,1,150.00,202.80,125.03
TRUFFLE,QB,CC,Drake Maye,NE,@SEA,Wed  8:20pm ET,11,44.5,3,8,100%,82%,30,1,388.96,295.28,307.51
TRUFFLE,DST,CC,Falcons,ATL,@PIT,Sun  1:00pm ET,11,42.5,22,11,34%,21%,1,2,148.00,119.00,163.20
TRUFFLE,QB,CC,Baker Mayfield,TB,@CIN,Sun  1:00pm ET,10,50.5,21,27,83%,34%,69,2,298.92,329.12,289.73
TRUFFLE,RB,CC,Tank Bigsby,PHI,WAS,Sun  4:25pm ET,10,45.5,49,29,39%,2%,5,2,69.90,91.10,98.00
TRUFFLE,RB,CC,Aaron Jones,MIN,GB,Sun  4:25pm ET,6,45.5,42,18,81%,17%,12,2,127.70,171.90,121.55
TRUFFLE,WR,CC,Zachariah Branch,ATL,@PIT,Sun  1:00pm ET,11,42.5,---,26,7%,1%,3,3,0.00,0.00,55.56
TRUFFLE,WR,CC,Josh Downs,IND,BAL,Sun  1:00pm ET,13,47.5,42,25,62%,9%,5,2,114.90,132.70,107.18
TRUFFLE,WR,CC,Tre Harris,LAC,ARI,Sun  4:25pm ET,7,47.5,---,17,8%,1%,5,2,57.40,59.60,36.54
TRUFFLE,WR,CC,Calvin Ridley,TEN,NYJ,Sun  1:00pm ET,9,39,---,19,24%,2%,4,2,43.30,137.80,111.68
TRUFFLE,TE,CC,Kenyon Sadiq,NYJ,@TEN,Sun  1:00pm ET,13,39,25,21,27%,3%,15,3,0.00,0.00,86.87
TRUFFLE,WR,CC,Denzel Boston,CLE,@JAC,Sun  1:00pm ET,11,40.5,57,15,32%,2%,5,3,0.00,0.00,101.62
TRUFFLE,QB,CRB,Josh Allen,BUF,@HOU,Sun  1:00pm ET,7,44.5,1,2,100%,95%,151,1,410.62,432.42,353.96
TRUFFLE,RB,CRB,De'Von Achane,MIA,@LV,Sun  4:25pm ET,6,40.5,7,21,99%,96%,60,2,334.80,268.70,242.78
TRUFFLE,RB,CRB,Jonathan Taylor,IND,BAL,Sun  1:00pm ET,13,47.5,3,17,100%,99%,109,1,415.30,293.40,288.47
TRUFFLE,WR,CRB,Tetairoa McMillan,CAR,CHI,Sun  1:00pm ET,5,47.5,17,31,95%,78%,30,2,196.40,195.30,161.84
TRUFFLE,WR,CRB,George Pickens,DAL,@NYG,Sun  8:20pm ET,14,48.5,9,23,98%,95%,25,2,271.90,205.50,198.00
TRUFFLE,TE,CRB,Hunter Henry,NE,@SEA,Wed  8:20pm ET,11,44.5,21,20,61%,20%,2,1,160.80,127.80,105.87
TRUFFLE,RB,CRB,Jonathon Brooks,CAR,CHI,Sun  1:00pm ET,5,47.5,28,19,62%,19%,30,2,0.00,1.00,149.43
TRUFFLE,WR,CRB,Christian Watson,GB,@MIN,Sun  4:25pm ET,11,45.5,27,1,89%,45%,35,2,125.40,100.70,147.66
TRUFFLE,QB,CRB,Bo Nix,DEN,@KC,Mon  8:15pm ET,10,43,16,12,89%,37%,15,1,330.14,339.08,275.50
TRUFFLE,DST,CRB,Broncos,DEN,@KC,Mon  8:15pm ET,10,43,2,13,100%,93%,2,2,162.00,158.00,184.40
TRUFFLE,RB,CRB,Emari Demercado,KC,DEN,Mon  8:15pm ET,5,43,---,3,11%,1%,1,2,57.40,52.40,0.00
TRUFFLE,RB,CRB,Sean Tucker,TB,@CIN,Sun  1:00pm ET,10,50.5,---,31,15%,1%,2,1,107.40,64.20,29.00
TRUFFLE,WR,CRB,Luke McCaffrey,WAS,@PHI,Sun  4:25pm ET,7,45.5,---,8,3%,1%,1,1,46.30,35.00,59.81
TRUFFLE,RB,CRB,Kenneth Gainwell,TB,@CIN,Sun  1:00pm ET,10,50.5,39,31,84%,25%,16,1,205.40,124.52,129.27
TRUFFLE,TE,CRB,Eli Stowers,PHI,WAS,Sun  4:25pm ET,10,45.5,---,30,6%,1%,5,3,0.00,0.00,42.37
TRUFFLE,WR,CRB,Antonio Williams,WAS,@PHI,Sun  4:25pm ET,7,45.5,---,8,10%,1%,10,3,0.00,0.00,88.01
TRUFFLE,RB,CRB,Emanuel Wilson,SEA,NE,Wed  8:20pm ET,11,44.5,---,2,22%,2%,1,1,117.10,73.50,77.91
TRUFFLE,DST,CRB,Eagles,PHI,WAS,Sun  4:25pm ET,10,45.5,5,20,93%,80%,2,2,157.00,133.00,165.20
TRUFFLE,QB,ELP,Patrick Mahomes,KC,DEN,Mon  8:15pm ET,5,43,15,13,84%,35%,111,1,312.68,302.58,302.24
TRUFFLE,RB,ELP,Saquon Barkley,PHI,WAS,Sun  4:25pm ET,10,45.5,11,29,98%,95%,128,2,254.50,308.70,218.66
TRUFFLE,RB,ELP,Kenneth Walker,KC,DEN,Mon  8:15pm ET,5,43,9,3,98%,84%,70,1,219.00,208.40,200.71
TRUFFLE,WR,ELP,Jauan Jennings,MIN,GB,Sun  4:25pm ET,6,45.5,---,21,44%,18%,4,2,154.30,122.00,103.11
TRUFFLE,WR,ELP,Chris Olave,NO,@DET,Sun  1:00pm ET,8,50.5,11,30,97%,89%,35,2,221.30,161.30,182.71
TRUFFLE,TE,ELP,Tyler Warren,IND,BAL,Sun  1:00pm ET,13,47.5,5,8,97%,75%,15,2,157.50,159.90,135.57
TRUFFLE,WR,ELP,Luther Burden,CHI,@CAR,Sun  1:00pm ET,10,47.5,23,12,76%,40%,5,2,111.80,109.70,145.89
TRUFFLE,WR,ELP,Matthew Golden,GB,@MIN,Sun  4:25pm ET,11,45.5,46,1,56%,5%,5,2,60.00,56.50,106.82
TRUFFLE,QB,ELP,Jaxson Dart,NYG,DAL,Sun  8:20pm ET,8,48.5,14,32,91%,42%,5,2,279.88,275.04,307.57
TRUFFLE,DST,ELP,Chargers,LAC,ARI,Sun  4:25pm ET,7,47.5,9,27,69%,53%,1,2,145.00,137.00,154.50
TRUFFLE,QB,ELP,Carson Beck,ARI,@LAC,Sun  4:25pm ET,14,47.5,---,3,6%,1%,3,3,0.00,0.00,0.00
TRUFFLE,RB,ELP,Braelon Allen,NYJ,@TEN,Sun  1:00pm ET,13,39,55,13,33%,1%,1,3,18.30,50.70,101.02
TRUFFLE,RB,ELP,Woody Marks,HOU,BUF,Sun  1:00pm ET,8,44.5,43,25,75%,15%,8,1,173.60,171.60,107.18
TRUFFLE,WR,ELP,Isaac TeSlaa,DET,NO,Sun  1:00pm ET,6,50.5,---,10,11%,1%,3,2,73.90,73.80,69.24
TRUFFLE,WR,ELP,Jameson Williams,DET,NO,Sun  1:00pm ET,6,50.5,26,10,93%,77%,60,1,204.70,157.20,160.72
TRUFFLE,RB,ELP,Kaelon Black,SF,@LAR,Thu  8:35pm ET,8,48.5,60,10,33%,1%,5,3,0.00,0.00,101.92
TRUFFLE,WR,ELP,Jalen Coker,CAR,CHI,Sun  1:00pm ET,5,47.5,43,31,44%,4%,1,1,79.40,74.06,107.28
TRUFFLE,WR,ELP,Carnell Tate,TEN,NYJ,Sun  1:00pm ET,9,39,37,19,57%,16%,35,3,0.00,0.00,99.93
TRUFFLE,QB,ELP,Malik Willis,MIA,@LV,Sun  4:25pm ET,6,40.5,20,14,35%,6%,3,1,60.18,34.04,283.92
TRUFFLE,QB,FRR,Matthew Stafford,LAR,SF,Thu  8:35pm ET,11,48.5,13,16,93%,62%,66,1,351.98,273.96,286.25
TRUFFLE,RB,FRR,Christian McCaffrey,SF,@LAR,Thu  8:35pm ET,8,48.5,5,10,99%,96%,82,1,433.60,303.40,244.45
TRUFFLE,RB,FRR,D'Andre Swift,CHI,@CAR,Sun  1:00pm ET,10,47.5,18,23,96%,83%,40,1,268.80,240.20,200.83
TRUFFLE,WR,FRR,Ja'Marr Chase,CIN,TB,Sun  1:00pm ET,6,50.5,1,18,98%,97%,79,1,261.90,284.30,217.29
TRUFFLE,WR,FRR,Drake London,ATL,@PIT,Sun  1:00pm ET,11,42.5,8,26,95%,79%,60,1,179.90,194.10,194.45
TRUFFLE,TE,FRR,George Kittle,SF,@LAR,Thu  8:35pm ET,8,48.5,11,14,92%,50%,10,2,142.80,174.40,138.33
TRUFFLE,WR,FRR,Mike Evans,SF,@LAR,Thu  8:35pm ET,8,48.5,30,24,90%,55%,31,1,77.80,181.90,130.61
TRUFFLE,WR,FRR,Jaylen Waddle,DEN,@KC,Mon  8:15pm ET,10,43,19,6,93%,71%,42,3,179.12,163.80,139.09
TRUFFLE,QB,FRR,Jacoby Brissett,ARI,@LAC,Sun  4:25pm ET,14,47.5,24,3,39%,15%,10,1,243.64,95.66,246.80
TRUFFLE,DST,FRR,Texans,HOU,BUF,Sun  1:00pm ET,8,44.5,3,9,100%,91%,1,1,188.00,170.00,181.10
TRUFFLE,QB,FRR,Kirk Cousins,LV,MIA,Sun  4:25pm ET,13,40.5,---,23,18%,5%,11,2,107.84,140.70,39.96
TRUFFLE,QB,FRR,Ty Simpson,LAR,SF,Thu  8:35pm ET,11,48.5,---,16,6%,1%,10,3,0.00,0.00,36.09
TRUFFLE,QB,FRR,Tua Tagovailoa,ATL,@PIT,Sun  1:00pm ET,11,42.5,30,24,16%,2%,1,1,161.80,205.38,147.04
TRUFFLE,RB,FRR,Blake Corum,LAR,SF,Thu  8:35pm ET,11,48.5,35,22,80%,12%,5,1,161.20,103.00,127.80
TRUFFLE,RB,FRR,Jordan Mason,MIN,GB,Sun  4:25pm ET,6,45.5,34,18,83%,16%,1,1,160.90,117.20,138.01
TRUFFLE,RB,FRR,Nicholas Singleton,TEN,NYJ,Sun  1:00pm ET,9,39,---,32,11%,1%,5,3,0.00,0.00,20.91
TRUFFLE,WR,FRR,Jayden Reed,GB,@MIN,Sun  4:25pm ET,11,45.5,45,1,67%,11%,15,2,38.50,130.00,113.56
TRUFFLE,TE,FRR,Travis Kelce,KC,DEN,Mon  8:15pm ET,5,43,12,18,88%,50%,5,1,162.20,160.30,119.37
TRUFFLE,WR,FRR,Tank Dell,HOU,BUF,Sun  1:00pm ET,8,44.5,---,13,21%,1%,4,2,0.00,85.90,67.18
TRUFFLE,QB,GF,Jordan Love,GB,@MIN,Sun  4:25pm ET,11,45.5,18,1,73%,17%,100,2,249.34,277.88,267.85
TRUFFLE,RB,GF,Josh Jacobs,GB,@MIN,Sun  4:25pm ET,11,45.5,45,15,93%,56%,81,1,264.10,265.20,125.42
TRUFFLE,RB,GF,Ashton Jeanty,LV,MIA,Sun  4:25pm ET,13,40.5,12,24,98%,88%,50,2,247.10,245.90,191.74
TRUFFLE,WR,GF,Davante Adams,LAR,SF,Thu  8:35pm ET,11,48.5,25,16,92%,61%,31,2,213.90,211.10,145.30
TRUFFLE,WR,GF,Jaxon Smith-Njigba,SEA,NE,Wed  8:20pm ET,11,44.5,3,11,100%,100%,60,2,322.00,221.52,235.56
TRUFFLE,TE,GF,Tucker Kraft,GB,@MIN,Sun  4:25pm ET,11,45.5,6,4,73%,49%,1,1,107.20,104.50,141.80
TRUFFLE,RB,GF,Rhamondre Stevenson,NE,@SEA,Wed  8:20pm ET,11,44.5,25,4,91%,36%,17,1,186.80,171.80,142.37
TRUFFLE,RB,GF,Jaylen Warren,PIT,ATL,Sun  1:00pm ET,9,42.5,32,16,92%,48%,20,1,242.30,190.20,153.95
TRUFFLE,QB,GF,Jared Goff,DET,NO,Sun  1:00pm ET,6,50.5,11,6,90%,47%,68,3,302.76,313.62,284.42
TRUFFLE,DST,GF,Steelers,PIT,ATL,Sun  1:00pm ET,9,42.5,6,18,88%,73%,1,2,158.00,159.00,150.20
TRUFFLE,QB,GF,Michael Penix,ATL,@PIT,Sun  1:00pm ET,11,42.5,---,24,11%,1%,3,1,125.48,77.86,85.29
TRUFFLE,RB,GF,Jonah Coleman,DEN,@KC,Mon  8:15pm ET,10,43,44,6,33%,1%,10,3,0.00,0.00,22.41
TRUFFLE,RB,GF,Mike Washington,LV,MIA,Sun  4:25pm ET,13,40.5,37,24,50%,5%,5,3,0.00,0.00,107.64
TRUFFLE,WR,GF,Romeo Doubs,NE,@SEA,Wed  8:20pm ET,11,44.5,53,4,68%,13%,5,3,151.40,141.10,116.08
TRUFFLE,WR,GF,Tez Johnson,TB,@CIN,Sun  1:00pm ET,10,50.5,---,9,14%,2%,1,1,80.50,82.20,59.03
TRUFFLE,WR,GF,Wan'Dale Robinson,TEN,NYJ,Sun  1:00pm ET,9,39,54,19,77%,25%,1,1,165.90,133.80,105.63
TRUFFLE,WR,GF,Deebo Samuel,SF,@LAR,Thu  8:35pm ET,8,48.5,49,24,76%,21%,33,2,152.60,166.70,111.35
TRUFFLE,TE,GF,Harold Fannin,CLE,@JAC,Sun  1:00pm ET,11,40.5,8,23,90%,70%,3,1,148.40,149.30,148.27
TRUFFLE,TE,GF,Dalton Kincaid,BUF,@HOU,Sun  1:00pm ET,7,44.5,13,7,79%,31%,10,2,114.10,98.40,118.71
TRUFFLE,QB,MAM,Caleb Williams,CHI,@CAR,Sun  1:00pm ET,10,47.5,10,7,94%,65%,50,1,346.58,318.40,303.71
TRUFFLE,RB,MAM,Travis Etienne,NO,@DET,Sun  1:00pm ET,8,50.5,15,7,98%,89%,68,3,279.90,238.60,192.44
TRUFFLE,RB,MAM,Bhayshul Tuten,JAC,CLE,Sun  1:00pm ET,7,40.5,24,14,82%,47%,5,2,104.90,102.40,184.60
TRUFFLE,WR,MAM,Rashee Rice,KC,DEN,Mon  8:15pm ET,5,43,12,2,96%,74%,30,2,127.10,116.10,199.49
TRUFFLE,WR,MAM,Garrett Wilson,NYJ,@TEN,Sun  1:00pm ET,13,39,20,29,84%,55%,60,1,81.50,155.10,150.78
TRUFFLE,TE,MAM,Trey McBride,ARI,@LAC,Sun  4:25pm ET,14,47.5,2,9,100%,98%,55,3,252.90,194.70,163.74
TRUFFLE,WR,MAM,Chris Godwin,TB,@CIN,Sun  1:00pm ET,10,50.5,33,9,82%,30%,26,2,71.00,118.60,122.78
TRUFFLE,RB,MAM,RJ Harvey,DEN,@KC,Mon  8:15pm ET,10,43,50,6,90%,39%,10,2,205.70,202.70,143.13
TRUFFLE,QB,MAM,Justin Herbert,LAC,ARI,Sun  4:25pm ET,7,47.5,8,17,93%,59%,95,1,320.88,286.38,296.11
TRUFFLE,DST,MAM,Rams,LAR,SF,Thu  8:35pm ET,11,48.5,1,19,91%,78%,1,1,166.00,117.00,172.20
TRUFFLE,QB,MAM,Geno Smith,NYJ,@TEN,Sun  1:00pm ET,13,39,28,28,14%,3%,9,2,187.80,234.52,211.87
TRUFFLE,RB,MAM,Emmett Johnson,KC,DEN,Mon  8:15pm ET,5,43,51,3,21%,1%,5,3,0.00,0.00,22.41
TRUFFLE,RB,MAM,Tyrone Tracy,NYG,DAL,Sun  8:20pm ET,8,48.5,58,27,64%,14%,7,2,178.60,190.60,80.74
TRUFFLE,WR,MAM,Stefon Diggs,WAS,@PHI,Sun  4:25pm ET,7,45.5,41,8,81%,23%,12,2,176.30,168.94,102.23
TRUFFLE,WR,MAM,Elijah Sarratt,BAL,@IND,Sun  1:00pm ET,13,47.5,---,27,3%,1%,3,3,0.00,0.00,40.56
TRUFFLE,TE,MAM,Colby Parkinson,LAR,SF,Thu  8:35pm ET,11,48.5,---,22,21%,10%,1,1,111.40,71.40,76.67
TRUFFLE,WR,MAM,KC Concepcion,CLE,@JAC,Sun  1:00pm ET,11,40.5,44,15,52%,6%,20,3,0.00,0.00,106.73
TRUFFLE,WR,MAM,Jerry Jeudy,CLE,@JAC,Sun  1:00pm ET,11,40.5,---,15,39%,6%,6,1,102.70,147.30,107.01
TRUFFLE,WR,MAM,Darius Slayton,NYG,DAL,Sun  8:20pm ET,8,48.5,---,32,13%,4%,6,1,84.80,106.70,74.57
TRUFFLE,DC,MAM,Brandon Aiyuk Dead Cap,SF,@LAR,Thu  8:35pm ET,8,48.5,---,24,0%,0%,7,1,0.00,0.00,0.00
TRUFFLE,QB,MCM,Daniel Jones,IND,BAL,Sun  1:00pm ET,13,47.5,22,21,50%,7%,20,1,245.54,155.72,277.87
TRUFFLE,RB,MCM,Javonte Williams,DAL,@NYG,Sun  8:20pm ET,14,48.5,14,28,99%,88%,65,2,281.80,198.00,200.74
TRUFFLE,RB,MCM,Kyren Williams,LAR,SF,Thu  8:35pm ET,11,48.5,13,22,98%,94%,75,1,313.30,311.20,195.60
TRUFFLE,WR,MCM,Tee Higgins,CIN,TB,Sun  1:00pm ET,6,50.5,13,18,94%,80%,41,2,193.60,172.10,168.34
TRUFFLE,WR,MCM,Puka Nacua,LAR,SF,Thu  8:35pm ET,11,48.5,2,16,99%,98%,1,1,331.00,256.90,244.88
TRUFFLE,TE,MCM,Colston Loveland,CHI,@CAR,Sun  1:00pm ET,10,47.5,3,24,93%,79%,20,2,142.30,141.40,150.24
TRUFFLE,RB,MCM,David Montgomery,HOU,BUF,Sun  1:00pm ET,8,44.5,21,25,94%,62%,80,2,194.92,234.70,170.71
TRUFFLE,WR,MCM,DJ Moore,BUF,@HOU,Sun  1:00pm ET,7,44.5,21,7,91%,65%,42,2,157.58,204.82,140.05
TRUFFLE,QB,MCM,Fernando Mendoza,LV,MIA,Sun  4:25pm ET,13,40.5,31,23,20%,1%,45,3,0.00,0.00,172.08
TRUFFLE,DST,MCM,Seahawks,SEA,NE,Wed  8:20pm ET,11,44.5,4,17,97%,86%,2,1,213.00,164.00,169.20
TRUFFLE,QB,MCM,Shedeur Sanders,CLE,@JAC,Sun  1:00pm ET,11,40.5,32,19,14%,3%,5,2,92.00,85.58,41.25
TRUFFLE,RB,MCM,Isiah Pacheco,DET,NO,Sun  1:00pm ET,6,50.5,57,20,56%,4%,20,2,99.60,125.30,98.54
TRUFFLE,RB,MCM,Kimani Vidal,LAC,ARI,Sun  4:25pm ET,7,47.5,---,30,35%,6%,5,1,140.20,85.90,64.04
TRUFFLE,WR,MCM,Ted Hurst,TB,@CIN,Sun  1:00pm ET,10,50.5,---,9,7%,1%,3,3,0.00,0.00,66.98
TRUFFLE,WR,MCM,Makai Lemon,PHI,WAS,Sun  4:25pm ET,10,45.5,51,28,48%,3%,25,3,0.00,0.00,96.53
TRUFFLE,TE,MCM,Isaiah Likely,NYG,DAL,Sun  8:20pm ET,8,48.5,9,13,69%,40%,1,1,45.70,77.40,126.61
TRUFFLE,WR,MCM,Skyler Bell,BUF,@HOU,Sun  1:00pm ET,7,44.5,---,7,4%,1%,5,3,0.00,0.00,23.03
TRUFFLE,RB,MCM,Adam Randall,BAL,@IND,Sun  1:00pm ET,13,47.5,---,11,8%,1%,3,3,0.00,0.00,58.44
TRUFFLE,DST,MCM,Browns,CLE,@JAC,Sun  1:00pm ET,11,40.5,16,14,44%,25%,1,1,154.00,125.00,139.80
TRUFFLE,QB,MWM,Jalen Hurts,PHI,WAS,Sun  4:25pm ET,10,45.5,6,30,95%,80%,132,1,340.06,376.52,315.02
TRUFFLE,RB,MWM,Derrick Henry,BAL,@IND,Sun  1:00pm ET,13,47.5,8,11,98%,96%,92,1,347.50,357.62,273.92
TRUFFLE,RB,MWM,Cam Skattebo,NYG,DAL,Sun  8:20pm ET,8,48.5,22,27,83%,59%,10,2,142.00,134.20,198.21
TRUFFLE,WR,MWM,Zay Flowers,BAL,@IND,Sun  1:00pm ET,13,47.5,16,27,95%,84%,32,3,208.30,192.30,174.13
TRUFFLE,WR,MWM,Terry McLaurin,WAS,@PHI,Sun  4:25pm ET,7,45.5,24,8,91%,66%,67,1,109.20,177.00,155.39
TRUFFLE,TE,MWM,Mark Andrews,BAL,@IND,Sun  1:00pm ET,13,47.5,14,25,82%,37%,19,1,114.00,131.30,129.49
TRUFFLE,RB,MWM,Jacory Croskey-Merritt,WAS,@PHI,Sun  4:25pm ET,7,45.5,30,26,78%,12%,31,1,175.40,175.80,136.90
TRUFFLE,WR,MWM,Courtland Sutton,DEN,@KC,Mon  8:15pm ET,10,43,34,6,90%,52%,20,1,197.70,193.12,132.31
TRUFFLE,QB,MWM,Cam Ward,TEN,NYJ,Sun  1:00pm ET,9,39,26,31,25%,4%,40,2,202.26,200.78,225.68
TRUFFLE,DST,MWM,Patriots,NE,@SEA,Wed  8:20pm ET,11,44.5,8,6,85%,64%,2,2,160.00,124.00,143.60
TRUFFLE,RB,MWM,Kaytron Allen,WAS,@PHI,Sun  4:25pm ET,7,45.5,---,26,9%,1%,5,3,0.00,0.00,27.31
TRUFFLE,RB,MWM,Zach Charbonnet,SEA,NE,Wed  8:20pm ET,11,44.5,46,2,72%,12%,15,2,216.40,166.00,85.51
TRUFFLE,WR,MWM,Ja'Kobi Lane,BAL,@IND,Sun  1:00pm ET,13,47.5,---,27,34%,2%,5,3,0.00,0.00,109.11
TRUFFLE,WR,MWM,Alec Pierce,IND,BAL,Sun  1:00pm ET,13,47.5,40,25,83%,29%,17,2,177.30,138.80,159.66
TRUFFLE,WR,MWM,Rashid Shaheed,SEA,NE,Wed  8:20pm ET,11,44.5,---,11,54%,6%,1,1,117.90,100.50,116.33
TRUFFLE,TE,MWM,AJ Barner,SEA,NE,Wed  8:20pm ET,11,44.5,24,17,27%,7%,1,2,130.30,96.70,97.42
TRUFFLE,TE,MWM,Terrance Ferguson,LAR,SF,Thu  8:35pm ET,11,48.5,19,22,16%,2%,3,2,50.10,47.80,82.85
TRUFFLE,TE,MWM,Oronde Gadsden,LAC,ARI,Sun  4:25pm ET,7,47.5,29,31,34%,8%,1,1,110.40,109.10,68.78
TRUFFLE,WR,MWM,Cooper Kupp,SEA,NE,Wed  8:20pm ET,11,44.5,---,11,31%,4%,1,1,95.30,121.50,93.43
TRUFFLE,QB,NN,Lamar Jackson,BAL,@IND,Sun  1:00pm ET,13,47.5,2,20,97%,80%,120,2,238.86,365.78,314.45
TRUFFLE,RB,NN,Breece Hall,NYJ,@TEN,Sun  1:00pm ET,13,39,16,13,96%,74%,70,1,241.66,259.92,180.06
TRUFFLE,RB,NN,Quinshon Judkins,CLE,@JAC,Sun  1:00pm ET,11,40.5,19,1,95%,64%,25,2,201.40,197.20,178.71
TRUFFLE,WR,NN,AJ Brown,NE,@SEA,Wed  8:20pm ET,11,44.5,10,4,96%,91%,75,2,189.30,212.10,186.87
TRUFFLE,WR,NN,Malik Nabers,NYG,DAL,Sun  8:20pm ET,8,48.5,14,32,77%,61%,25,1,50.10,126.90,171.64
TRUFFLE,TE,NN,Jake Ferguson,DAL,@NYG,Sun  8:20pm ET,14,48.5,17,10,80%,36%,2,1,136.10,111.80,104.42
TRUFFLE,RB,NN,Tyler Allgeier,ARI,@LAC,Sun  4:25pm ET,14,47.5,48,8,57%,5%,1,1,148.60,146.30,81.40
TRUFFLE,RB,NN,Jadarian Price,SEA,NE,Wed  8:20pm ET,11,44.5,23,2,64%,42%,30,3,0.00,0.00,167.04
TRUFFLE,QB,NN,Trevor Lawrence,JAC,CLE,Sun  1:00pm ET,7,40.5,9,4,94%,66%,90,2,378.18,264.16,310.91
TRUFFLE,DST,NN,Vikings,MIN,GB,Sun  4:25pm ET,6,45.5,10,1,77%,63%,2,1,148.00,152.00,179.20
TRUFFLE,QB,NN,Tyler Shough,NO,@DET,Sun  1:00pm ET,8,50.5,19,22,56%,14%,5,2,169.26,161.88,276.82
TRUFFLE,WR,NN,Chris Bell,MIA,@LV,Sun  4:25pm ET,6,40.5,---,20,13%,1%,5,3,0.00,0.00,83.21
TRUFFLE,WR,NN,Ryan Flournoy,DAL,@NYG,Sun  8:20pm ET,14,48.5,---,23,7%,1%,1,2,105.00,58.10,54.69
TRUFFLE,WR,NN,Michael Wilson,ARI,@LAC,Sun  4:25pm ET,14,47.5,39,3,84%,36%,1,1,193.60,138.00,122.78
TRUFFLE,TE,NN,Elijah Arroyo,SEA,NE,Wed  8:20pm ET,11,44.5,---,17,3%,1%,1,2,28.90,25.70,16.62
TRUFFLE,RB,NN,JK Dobbins,DEN,@KC,Mon  8:15pm ET,10,43,33,6,72%,21%,2,1,142.20,115.90,160.11
TRUFFLE,RB,NN,Kyle Monangai,CHI,@CAR,Sun  1:00pm ET,10,47.5,36,23,84%,14%,1,1,175.70,174.50,133.41
TRUFFLE,WR,NN,Xavier Worthy,KC,DEN,Mon  8:15pm ET,5,43,50,2,69%,11%,15,1,93.90,136.60,106.71
TRUFFLE,RB,NN,Brian Robinson,ATL,@PIT,Sun  1:00pm ET,11,42.5,53,9,40%,1%,1,2,75.60,158.20,79.00
TRUFFLE,WR,NN,Chris Brazzell,CAR,CHI,Sun  1:00pm ET,5,47.5,---,31,2%,1%,3,3,0.00,0.00,0.00
TRUFFLE,QB,VD,Joe Burrow,CIN,TB,Sun  1:00pm ET,6,50.5,4,29,97%,86%,105,2,139.46,224.02,298.32
TRUFFLE,RB,VD,Bucky Irving,TB,@CIN,Sun  1:00pm ET,10,50.5,20,31,97%,86%,3,1,146.50,202.40,193.19
TRUFFLE,RB,VD,Bijan Robinson,ATL,@PIT,Sun  1:00pm ET,11,42.5,2,9,100%,99%,70,2,388.80,342.00,283.22
TRUFFLE,WR,VD,Marvin Harrison,ARI,@LAC,Sun  4:25pm ET,14,47.5,32,3,89%,38%,45,1,116.80,144.60,137.41
TRUFFLE,WR,VD,Rome Odunze,CHI,@CAR,Sun  1:00pm ET,10,47.5,29,12,89%,44%,20,1,139.10,131.50,141.65
TRUFFLE,TE,VD,Kyle Pitts,ATL,@PIT,Sun  1:00pm ET,11,42.5,7,26,93%,73%,17,2,173.80,133.10,117.77
TRUFFLE,RB,VD,Omarion Hampton,LAC,ARI,Sun  4:25pm ET,7,47.5,10,30,99%,85%,45,2,141.70,134.30,187.36
TRUFFLE,WR,VD,Ladd McConkey,LAC,ARI,Sun  4:25pm ET,7,47.5,18,17,94%,76%,5,1,149.90,176.00,144.22
TRUFFLE,QB,VD,Kyler Murray,MIN,GB,Sun  4:25pm ET,6,45.5,17,10,59%,11%,83,1,87.78,181.92,275.83
TRUFFLE,DST,VD,Packers,GB,@MIN,Sun  4:25pm ET,11,45.5,13,31,49%,29%,4,1,102.00,132.00,130.10
TRUFFLE,QB,VD,Drew Allar,PIT,ATL,Sun  1:00pm ET,9,42.5,---,18,3%,1%,3,3,0.00,0.00,0.00
TRUFFLE,QB,VD,Cade Klubnik,NYJ,@TEN,Sun  1:00pm ET,13,39,---,28,2%,1%,3,3,0.00,0.00,12.48
TRUFFLE,QB,VD,Aaron Rodgers,PIT,ATL,Sun  1:00pm ET,9,42.5,27,18,26%,5%,12,2,231.08,156.36,205.61
TRUFFLE,RB,VD,Eli Heidenreich,PIT,ATL,Sun  1:00pm ET,9,42.5,---,16,2%,1%,3,3,0.00,0.00,20.91
TRUFFLE,WR,VD,Jordan Addison,MIN,GB,Sun  4:25pm ET,6,45.5,36,21,80%,19%,21,2,121.10,165.70,123.19
TRUFFLE,TE,VD,Juwan Johnson,NO,@DET,Sun  1:00pm ET,8,50.5,15,19,65%,25%,1,1,143.90,105.20,106.81
TRUFFLE,WR,VD,Jaylin Noel,HOU,BUF,Sun  1:00pm ET,8,44.5,---,13,6%,1%,3,2,55.90,57.20,71.61
TRUFFLE,RB,VD,Keaton Mitchell,LAC,ARI,Sun  4:25pm ET,7,47.5,54,30,31%,2%,1,1,64.40,45.40,63.80
TRUFFLE,WR,VD,Jordyn Tyson,NO,@DET,Sun  1:00pm ET,8,50.5,56,30,34%,1%,40,3,0.00,0.00,73.48
TRUFFLE,QB,WLW,Dak Prescott,DAL,@NYG,Sun  8:20pm ET,14,48.5,7,25,96%,84%,77,3,329.58,271.40,310.78
TRUFFLE,RB,WLW,Chase Brown,CIN,TB,Sun  1:00pm ET,6,50.5,6,12,100%,98%,30,2,284.40,194.70,228.35
TRUFFLE,RB,WLW,Rico Dowdle,PIT,ATL,Sun  1:00pm ET,9,42.5,29,16,93%,44%,41,2,242.50,184.60,153.14
TRUFFLE,WR,WLW,Nico Collins,HOU,BUF,Sun  1:00pm ET,8,44.5,7,13,96%,92%,79,1,204.20,207.50,185.65
TRUFFLE,WR,WLW,CeeDee Lamb,DAL,@NYG,Sun  8:20pm ET,14,48.5,5,23,96%,93%,90,1,168.90,248.80,173.09
TRUFFLE,TE,WLW,Sam LaPorta,DET,NO,Sun  1:00pm ET,6,50.5,4,15,79%,49%,10,2,89.90,151.10,126.29
TRUFFLE,WR,WLW,De'Zhaun Stribling,SF,@LAR,Thu  8:35pm ET,8,48.5,48,24,52%,5%,5,3,0.00,0.00,114.44
TRUFFLE,WR,WLW,Parker Washington,JAC,CLE,Sun  1:00pm ET,7,40.5,28,5,78%,34%,15,1,153.70,81.20,137.31
TRUFFLE,QB,WLW,CJ Stroud,HOU,BUF,Sun  1:00pm ET,8,44.5,23,9,56%,15%,70,2,225.54,246.28,269.03
TRUFFLE,DST,WLW,Lions,DET,NO,Sun  1:00pm ET,6,50.5,17,24,62%,42%,4,2,121.00,128.00,154.10
TRUFFLE,QB,WLW,Deshaun Watson,CLE,@JAC,Sun  1:00pm ET,11,40.5,---,19,7%,1%,7,2,0.00,56.42,180.08
TRUFFLE,RB,WLW,Demond Claiborne,MIN,GB,Sun  4:25pm ET,6,45.5,---,18,6%,1%,3,3,0.00,0.00,22.41
TRUFFLE,RB,WLW,Chuba Hubbard,CAR,CHI,Sun  1:00pm ET,5,47.5,38,19,83%,15%,11,2,138.40,202.20,136.19
TRUFFLE,RB,WLW,Chris Rodriguez,JAC,CLE,Sun  1:00pm ET,7,40.5,40,14,63%,6%,19,1,122.00,66.40,118.30
TRUFFLE,WR,WLW,Omar Cooper,NYJ,@TEN,Sun  1:00pm ET,13,39,---,29,11%,1%,15,3,0.00,0.00,76.41
TRUFFLE,WR,WLW,Travis Hunter,JAC,CLE,Sun  1:00pm ET,7,40.5,---,5,19%,1%,10,2,47.80,44.10,42.55
TRUFFLE,WR,WLW,Jakobi Meyers,JAC,CLE,Sun  1:00pm ET,7,40.5,52,5,74%,25%,4,2,144.80,180.12,112.35
TRUFFLE,WR,WLW,Tre Tucker,LV,MIA,Sun  4:25pm ET,13,40.5,55,14,47%,7%,1,1,137.70,101.60,96.24
TRUFFLE,TE,WLW,Brenton Strange,JAC,CLE,Sun  1:00pm ET,7,40.5,20,16,62%,21%,5,1,100.00,59.60,110.06
KERFUFFLE,QB,ABT,Caleb Williams,CHI,@CAR,Sun  1:00pm ET,10,47.5,10,7,94%,65%,50,1,346.58,318.40,303.71
KERFUFFLE,RB,ABT,Saquon Barkley,PHI,WAS,Sun  4:25pm ET,10,45.5,11,29,98%,95%,132,1,254.50,308.70,218.66
KERFUFFLE,RB,ABT,Chase Brown,CIN,TB,Sun  1:00pm ET,6,50.5,6,12,100%,98%,7,1,284.40,194.70,228.35
KERFUFFLE,WR,ABT,Puka Nacua,LAR,SF,Thu  8:35pm ET,11,48.5,2,16,99%,98%,85,2,331.00,256.90,244.88
KERFUFFLE,WR,ABT,Chris Olave,NO,@DET,Sun  1:00pm ET,8,50.5,11,30,97%,89%,42,2,221.30,161.30,182.71
KERFUFFLE,TE,ABT,Colston Loveland,CHI,@CAR,Sun  1:00pm ET,10,47.5,3,24,93%,79%,10,2,142.30,141.40,150.24
KERFUFFLE,WR,ABT,DJ Moore,BUF,@HOU,Sun  1:00pm ET,7,44.5,21,7,91%,65%,44,1,157.58,204.82,140.05
KERFUFFLE,WR,ABT,Parker Washington,JAC,CLE,Sun  1:00pm ET,7,40.5,28,5,78%,34%,3,1,153.70,81.20,137.31
KERFUFFLE,QB,ABT,Malik Willis,MIA,@LV,Sun  4:25pm ET,6,40.5,20,14,35%,6%,15,1,60.18,34.04,283.92
KERFUFFLE,DST,ABT,Rams,LAR,SF,Thu  8:35pm ET,11,48.5,1,16,91%,78%,1,1,150.00,104.00,157.20
KERFUFFLE,QB,ABT,Aaron Rodgers,PIT,ATL,Sun  1:00pm ET,9,42.5,27,18,26%,5%,10,2,231.08,156.36,205.61
KERFUFFLE,RB,ABT,Jonah Coleman,DEN,@KC,Mon  8:15pm ET,10,43,44,6,33%,1%,10,3,0.00,0.00,22.41
KERFUFFLE,WR,ABT,KC Concepcion,CLE,@JAC,Sun  1:00pm ET,11,40.5,44,15,52%,6%,15,3,0.00,0.00,106.73
KERFUFFLE,WR,ABT,Tre Tucker,LV,MIA,Sun  4:25pm ET,13,40.5,55,14,47%,7%,1,1,137.70,101.60,96.24
KERFUFFLE,WR,ABT,Jameson Williams,DET,NO,Sun  1:00pm ET,6,50.5,26,10,93%,77%,37,3,204.70,157.20,160.72
KERFUFFLE,TE,ABT,Eli Stowers,PHI,WAS,Sun  4:25pm ET,10,45.5,---,30,6%,1%,5,3,0.00,0.00,42.37
KERFUFFLE,RB,ABT,Tyler Allgeier,ARI,@LAC,Sun  4:25pm ET,14,47.5,48,8,57%,5%,1,1,148.60,146.30,81.40
KERFUFFLE,WR,ABT,Josh Downs,IND,BAL,Sun  1:00pm ET,13,47.5,42,25,62%,9%,1,2,114.90,132.70,107.18
KERFUFFLE,RB,ABT,Keaton Mitchell,LAC,ARI,Sun  4:25pm ET,7,47.5,54,30,31%,2%,1,2,64.40,45.40,63.80
KERFUFFLE,WR,ABT,Elijah Sarratt,BAL,@IND,Sun  1:00pm ET,13,47.5,---,27,3%,1%,3,3,0.00,0.00,40.56
KERFUFFLE,QB,CLC,Jordan Love,GB,@MIN,Sun  4:25pm ET,11,45.5,18,1,73%,17%,100,2,249.34,277.88,267.85
KERFUFFLE,RB,CLC,Jeremiyah Love,ARI,@LAC,Sun  4:25pm ET,14,47.5,17,8,64%,52%,50,3,0.00,0.00,178.96
KERFUFFLE,RB,CLC,Javonte Williams,DAL,@NYG,Sun  8:20pm ET,14,48.5,14,28,99%,88%,23,1,281.80,198.00,200.74
KERFUFFLE,WR,CLC,Nico Collins,HOU,BUF,Sun  1:00pm ET,8,44.5,7,13,96%,92%,40,2,204.20,207.50,185.65
KERFUFFLE,WR,CLC,DeVonta Smith,PHI,WAS,Sun  4:25pm ET,10,45.5,15,28,95%,81%,45,2,168.80,175.10,151.78
KERFUFFLE,TE,CLC,Dalton Kincaid,BUF,@HOU,Sun  1:00pm ET,7,44.5,13,7,79%,31%,8,1,114.10,98.40,118.71
KERFUFFLE,WR,CLC,Rome Odunze,CHI,@CAR,Sun  1:00pm ET,10,47.5,29,12,89%,44%,25,1,139.10,131.50,141.65
KERFUFFLE,WR,CLC,Jaylen Waddle,DEN,@KC,Mon  8:15pm ET,10,43,19,6,93%,71%,34,2,179.12,163.80,139.09
KERFUFFLE,QB,CLC,Cam Ward,TEN,NYJ,Sun  1:00pm ET,9,39,26,31,25%,4%,45,2,202.26,200.78,225.68
KERFUFFLE,DST,CLC,Bills,BUF,@HOU,Sun  1:00pm ET,7,44.5,15,11,51%,30%,3,1,117.00,145.00,129.80
KERFUFFLE,QB,CLC,CJ Stroud,HOU,BUF,Sun  1:00pm ET,8,44.5,23,9,56%,15%,47,2,225.54,246.28,269.03
KERFUFFLE,RB,CLC,Kaelon Black,SF,@LAR,Thu  8:35pm ET,8,48.5,60,10,33%,1%,3,3,0.00,0.00,101.92
KERFUFFLE,RB,CLC,Aaron Jones,MIN,GB,Sun  4:25pm ET,6,45.5,42,18,81%,17%,16,2,127.70,171.90,121.55
KERFUFFLE,RB,CLC,Mike Washington,LV,MIA,Sun  4:25pm ET,13,40.5,37,24,50%,5%,6,2,0.00,0.00,107.64
KERFUFFLE,WR,CLC,Jalen Nailor,LV,MIA,Sun  4:25pm ET,13,40.5,---,14,18%,2%,7,2,95.90,61.50,89.56
KERFUFFLE,WR,CLC,Deebo Samuel,SF,@LAR,Thu  8:35pm ET,8,48.5,49,24,76%,21%,7,2,152.60,166.70,111.35
KERFUFFLE,WR,CLC,Rashid Shaheed,SEA,NE,Wed  8:20pm ET,11,44.5,---,11,54%,6%,7,2,117.90,100.50,116.33
KERFUFFLE,TE,CLC,Terrance Ferguson,LAR,SF,Thu  8:35pm ET,11,48.5,19,22,16%,2%,5,2,50.10,47.80,82.85
KERFUFFLE,QB,CLC,Justin Fields,KC,DEN,Mon  8:15pm ET,5,43,---,13,7%,1%,5,2,168.66,182.80,13.05
KERFUFFLE,WR,CLC,Zavion Thomas,CHI,@CAR,Sun  1:00pm ET,10,47.5,---,12,4%,1%,5,3,0.00,0.00,61.58
KERFUFFLE,QB,CPC,Drake Maye,NE,@SEA,Wed  8:20pm ET,11,44.5,3,8,100%,82%,10,1,388.96,295.28,307.51
KERFUFFLE,RB,CPC,James Cook,BUF,@HOU,Sun  1:00pm ET,7,44.5,4,5,100%,98%,116,1,348.20,300.40,230.05
KERFUFFLE,RB,CPC,Quinshon Judkins,CLE,@JAC,Sun  1:00pm ET,11,40.5,19,1,95%,64%,15,2,201.40,197.20,178.71
KERFUFFLE,WR,CPC,Ja'Marr Chase,CIN,TB,Sun  1:00pm ET,6,50.5,1,18,98%,97%,84,2,261.90,284.30,217.29
KERFUFFLE,WR,CPC,Tee Higgins,CIN,TB,Sun  1:00pm ET,6,50.5,13,18,94%,80%,17,2,193.60,172.10,168.34
KERFUFFLE,TE,CPC,George Kittle,SF,@LAR,Thu  8:35pm ET,8,48.5,11,14,92%,50%,30,1,142.80,174.40,138.33
KERFUFFLE,WR,CPC,Ladd McConkey,LAC,ARI,Sun  4:25pm ET,7,47.5,18,17,94%,76%,5,1,149.90,176.00,144.22
KERFUFFLE,RB,CPC,D'Andre Swift,CHI,@CAR,Sun  1:00pm ET,10,47.5,18,23,96%,83%,51,2,268.80,240.20,200.83
KERFUFFLE,QB,CPC,Dak Prescott,DAL,@NYG,Sun  8:20pm ET,14,48.5,7,25,96%,84%,77,1,329.58,271.40,310.78
KERFUFFLE,DST,CPC,Texans,HOU,BUF,Sun  1:00pm ET,8,44.5,3,10,100%,91%,10,1,169.00,153.00,166.10
KERFUFFLE,QB,CPC,Kirk Cousins,LV,MIA,Sun  4:25pm ET,13,40.5,---,23,18%,5%,7,2,107.84,140.70,39.96
KERFUFFLE,QB,CPC,Ty Simpson,LAR,SF,Thu  8:35pm ET,11,48.5,---,16,6%,1%,20,3,0.00,0.00,36.09
KERFUFFLE,RB,CPC,Chuba Hubbard,CAR,CHI,Sun  1:00pm ET,5,47.5,38,19,83%,15%,20,1,138.40,202.20,136.19
KERFUFFLE,RB,CPC,Nicholas Singleton,TEN,NYJ,Sun  1:00pm ET,9,39,---,32,11%,1%,5,3,0.00,0.00,20.91
KERFUFFLE,WR,CPC,Matthew Golden,GB,@MIN,Sun  4:25pm ET,11,45.5,46,1,56%,5%,5,2,60.00,56.50,106.82
KERFUFFLE,WR,CPC,Adonai Mitchell,NYJ,@TEN,Sun  1:00pm ET,13,39,---,29,21%,4%,4,1,70.30,63.62,63.69
KERFUFFLE,TE,CPC,Brenton Strange,JAC,CLE,Sun  1:00pm ET,7,40.5,20,16,62%,21%,1,3,100.00,59.60,110.06
KERFUFFLE,WR,CPC,Jakobi Meyers,JAC,CLE,Sun  1:00pm ET,7,40.5,52,5,74%,25%,1,1,144.80,180.12,112.35
KERFUFFLE,DST,CPC,Vikings,MIN,GB,Sun  4:25pm ET,6,45.5,10,1,77%,63%,3,2,140.00,138.00,166.20
KERFUFFLE,DC,CPC,Dontayvion Wicks Dead Cap,GB,@MIN,Sun  4:25pm ET,11,45.5,---,1,0%,0%,2,1,0.00,0.00,0.00
KERFUFFLE,TE,CPC,Max Klare,LAR,SF,Thu  8:35pm ET,11,48.5,---,22,2%,1%,3,3,0.00,0.00,18.13
KERFUFFLE,QB,DDD,Jalen Hurts,PHI,WAS,Sun  4:25pm ET,10,45.5,6,30,95%,80%,116,2,340.06,376.52,315.02
KERFUFFLE,RB,DDD,Jahmyr Gibbs,DET,NO,Sun  1:00pm ET,6,50.5,1,20,100%,100%,102,2,373.90,341.40,313.65
KERFUFFLE,RB,DDD,Cam Skattebo,NYG,DAL,Sun  8:20pm ET,8,48.5,22,27,83%,59%,5,2,142.00,134.20,198.21
KERFUFFLE,WR,DDD,Zay Flowers,BAL,@IND,Sun  1:00pm ET,13,47.5,16,27,95%,84%,21,2,208.30,192.30,174.13
KERFUFFLE,WR,DDD,Malik Nabers,NYG,DAL,Sun  8:20pm ET,8,48.5,14,32,77%,61%,30,1,50.10,126.90,171.64
KERFUFFLE,TE,DDD,Dallas Goedert,PHI,WAS,Sun  4:25pm ET,10,45.5,10,30,90%,64%,13,2,159.10,112.70,147.03
KERFUFFLE,WR,DDD,Emeka Egbuka,TB,@CIN,Sun  1:00pm ET,10,50.5,22,9,96%,78%,25,2,166.70,168.80,162.03
KERFUFFLE,RB,DDD,Bucky Irving,TB,@CIN,Sun  1:00pm ET,10,50.5,20,31,97%,86%,3,1,146.50,202.40,193.19
KERFUFFLE,QB,DDD,Kyler Murray,MIN,GB,Sun  4:25pm ET,6,45.5,17,10,59%,11%,65,2,87.78,181.92,275.83
KERFUFFLE,DST,DDD,Seahawks,SEA,NE,Wed  8:20pm ET,11,44.5,4,18,97%,86%,1,1,195.00,150.00,155.20
KERFUFFLE,RB,DDD,Isiah Pacheco,DET,NO,Sun  1:00pm ET,6,50.5,57,20,56%,4%,5,2,99.60,125.30,98.54
KERFUFFLE,RB,DDD,Chris Rodriguez,JAC,CLE,Sun  1:00pm ET,7,40.5,40,14,63%,6%,10,2,122.00,66.40,118.30
KERFUFFLE,WR,DDD,Cyrus Allen,KC,DEN,Mon  8:15pm ET,5,43,---,2,15%,1%,1,4,0.00,0.00,23.02
KERFUFFLE,WR,DDD,Ja'Kobi Lane,BAL,@IND,Sun  1:00pm ET,13,47.5,---,27,34%,2%,5,3,0.00,0.00,109.11
KERFUFFLE,TE,DDD,Greg Dulcich,MIA,@LV,Sun  4:25pm ET,6,40.5,18,3,16%,2%,1,2,51.50,14.30,86.41
KERFUFFLE,TE,DDD,Hunter Henry,NE,@SEA,Wed  8:20pm ET,11,44.5,21,20,61%,20%,4,2,160.80,127.80,105.87
KERFUFFLE,WR,DDD,Elic Ayomanor,TEN,NYJ,Sun  1:00pm ET,9,39,---,19,7%,1%,3,2,105.50,105.20,92.28
KERFUFFLE,RB,DDD,Kenneth Gainwell,TB,@CIN,Sun  1:00pm ET,10,50.5,39,31,84%,25%,5,1,205.40,124.52,129.27
KERFUFFLE,QB,DDD,Geno Smith,NYJ,@TEN,Sun  1:00pm ET,13,39,28,28,14%,3%,48,1,187.80,234.52,211.87
KERFUFFLE,DC,DDD,Deshaun Watson Dead Cap,CLE,@JAC,Sun  1:00pm ET,11,40.5,---,19,0%,0%,5,1,0.00,0.00,0.00
KERFUFFLE,WR,DDD,Kendrick Law,DET,NO,Sun  1:00pm ET,6,50.5,---,10,1%,0%,3,3,0.00,0.00,0.00
KERFUFFLE,DC,DDD,Tank Dell Dead Cap,HOU,BUF,Sun  1:00pm ET,8,44.5,---,13,0%,0%,8,1,0.00,0.00,0.00
KERFUFFLE,DC,DDD,Sam LaPorta Dead Cap,DET,NO,Sun  1:00pm ET,6,50.5,---,15,0%,0%,17,1,0.00,0.00,0.00
KERFUFFLE,QB,LBC,Bo Nix,DEN,@KC,Mon  8:15pm ET,10,43,16,12,89%,37%,5,1,330.14,339.08,275.50
KERFUFFLE,RB,LBC,Travis Etienne,NO,@DET,Sun  1:00pm ET,8,50.5,15,7,98%,89%,34,1,279.90,238.60,192.44
KERFUFFLE,RB,LBC,Kyren Williams,LAR,SF,Thu  8:35pm ET,11,48.5,13,22,98%,94%,65,1,313.30,311.20,195.60
KERFUFFLE,WR,LBC,Drake London,ATL,@PIT,Sun  1:00pm ET,11,42.5,8,26,95%,79%,36,2,179.90,194.10,194.45
KERFUFFLE,WR,LBC,Jaxon Smith-Njigba,SEA,NE,Wed  8:20pm ET,11,44.5,3,11,100%,100%,5,2,322.00,221.52,235.56
KERFUFFLE,TE,LBC,Trey McBride,ARI,@LAC,Sun  4:25pm ET,14,47.5,2,9,100%,98%,21,2,252.90,194.70,163.74
KERFUFFLE,TE,LBC,Brock Bowers,LV,MIA,Sun  4:25pm ET,13,40.5,1,29,98%,85%,15,1,148.60,179.50,154.46
KERFUFFLE,RB,LBC,RJ Harvey,DEN,@KC,Mon  8:15pm ET,10,43,50,6,90%,39%,15,2,205.70,202.70,143.13
KERFUFFLE,QB,LBC,Sam Darnold,SEA,NE,Wed  8:20pm ET,11,44.5,25,5,66%,18%,59,0,245.72,202.08,267.21
KERFUFFLE,DST,LBC,Broncos,DEN,@KC,Mon  8:15pm ET,10,43,2,13,100%,93%,7,0,152.00,146.00,169.40
KERFUFFLE,QB,LBC,Matthew Stafford,LAR,SF,Thu  8:35pm ET,11,48.5,13,16,93%,62%,77,0,351.98,273.96,286.25
KERFUFFLE,RB,LBC,Jonathon Brooks,CAR,CHI,Sun  1:00pm ET,5,47.5,28,19,62%,19%,25,1,0.00,1.00,149.43
KERFUFFLE,WR,LBC,Jerry Jeudy,CLE,@JAC,Sun  1:00pm ET,11,40.5,---,15,39%,6%,1,2,102.70,147.30,107.01
KERFUFFLE,WR,LBC,Michael Pittman,PIT,ATL,Sun  1:00pm ET,9,42.5,47,22,79%,24%,16,2,169.40,166.20,102.48
KERFUFFLE,WR,LBC,De'Zhaun Stribling,SF,@LAR,Thu  8:35pm ET,8,48.5,48,24,52%,5%,5,3,0.00,0.00,114.44
KERFUFFLE,WR,LBC,Antonio Williams,WAS,@PHI,Sun  4:25pm ET,7,45.5,---,8,10%,1%,10,3,0.00,0.00,88.01
KERFUFFLE,TE,LBC,Eli Raridon,NE,@SEA,Wed  8:20pm ET,11,44.5,---,20,3%,1%,3,3,0.00,0.00,33.85
KERFUFFLE,WR,LBC,Kyle Williams,NE,@SEA,Wed  8:20pm ET,11,44.5,---,4,4%,1%,5,2,46.40,48.70,32.35
KERFUFFLE,DC,LBC,Michael Wilson Dead Cap,ARI,@LAC,Sun  4:25pm ET,14,47.5,---,3,0%,0%,1,1,0.00,0.00,0.00
KERFUFFLE,QB,LC,Brock Purdy,SF,@LAR,Thu  8:35pm ET,8,48.5,12,15,93%,54%,74,0,194.08,261.38,303.44
KERFUFFLE,RB,LC,Derrick Henry,BAL,@IND,Sun  1:00pm ET,13,47.5,8,11,98%,96%,135,0,347.50,357.62,273.92
KERFUFFLE,RB,LC,Jadarian Price,SEA,NE,Wed  8:20pm ET,11,44.5,23,2,64%,42%,40,3,0.00,0.00,167.04
KERFUFFLE,WR,LC,Luther Burden,CHI,@CAR,Sun  1:00pm ET,10,47.5,23,12,76%,40%,5,2,111.80,109.70,145.89
KERFUFFLE,WR,LC,Mike Evans,SF,@LAR,Thu  8:35pm ET,8,48.5,30,24,90%,55%,40,0,77.80,181.90,130.61
KERFUFFLE,TE,LC,Jake Ferguson,DAL,@NYG,Sun  8:20pm ET,14,48.5,17,10,80%,36%,1,3,136.10,111.80,104.42
KERFUFFLE,WR,LC,DK Metcalf,PIT,ATL,Sun  1:00pm ET,9,42.5,38,22,85%,33%,31,2,166.20,174.00,133.88
KERFUFFLE,WR,LC,Xavier Worthy,KC,DEN,Mon  8:15pm ET,5,43,50,2,69%,11%,15,1,93.90,136.60,106.71
KERFUFFLE,QB,LC,Jared Goff,DET,NO,Sun  1:00pm ET,6,50.5,11,6,90%,47%,75,0,302.76,313.62,284.42
KERFUFFLE,DST,LC,49ers,SF,@LAR,Thu  8:35pm ET,8,48.5,19,3,35%,17%,1,1,86.00,92.00,104.70
KERFUFFLE,RB,LC,Alvin Kamara,NO,@DET,Sun  1:00pm ET,8,50.5,---,7,52%,3%,10,1,95.70,188.80,81.61
KERFUFFLE,RB,LC,Tyjae Spears,TEN,NYJ,Sun  1:00pm ET,9,39,47,32,50%,4%,1,0,92.90,114.40,94.32
KERFUFFLE,RB,LC,Tyrone Tracy,NYG,DAL,Sun  8:20pm ET,8,48.5,58,27,64%,14%,12,0,178.60,190.60,80.74
KERFUFFLE,WR,LC,Travis Hunter,JAC,CLE,Sun  1:00pm ET,7,40.5,---,5,19%,1%,40,2,47.80,44.10,42.55
KERFUFFLE,WR,LC,Ted Hurst,TB,@CIN,Sun  1:00pm ET,10,50.5,---,9,7%,1%,5,3,0.00,0.00,66.98
KERFUFFLE,TE,LC,AJ Barner,SEA,NE,Wed  8:20pm ET,11,44.5,24,17,27%,7%,2,1,130.30,96.70,97.42
KERFUFFLE,TE,LC,Ben Johnson,LAC,ARI,Sun  4:25pm ET,7,47.5,---,31,1%,1%,1,2,0.00,0.00,0.00
KERFUFFLE,WR,LC,Malachi Fields,NYG,DAL,Sun  8:20pm ET,8,48.5,---,32,13%,1%,3,3,0.00,0.00,60.20
KERFUFFLE,WR,LC,Tory Horton,SEA,NE,Wed  8:20pm ET,11,44.5,---,11,9%,1%,1,3,53.10,49.70,86.79
KERFUFFLE,RB,LC,Zach Charbonnet,SEA,NE,Wed  8:20pm ET,11,44.5,46,2,72%,12%,4,2,216.40,166.00,85.51
KERFUFFLE,QB,MB,Jaxson Dart,NYG,DAL,Sun  8:20pm ET,8,48.5,14,32,91%,42%,10,2,279.88,275.04,307.57
KERFUFFLE,RB,MB,Jacory Croskey-Merritt,WAS,@PHI,Sun  4:25pm ET,7,45.5,30,26,78%,12%,34,2,175.40,175.80,136.90
KERFUFFLE,RB,MB,Bijan Robinson,ATL,@PIT,Sun  1:00pm ET,11,42.5,2,9,100%,99%,143,1,388.80,342.00,283.22
KERFUFFLE,WR,MB,Marvin Harrison,ARI,@LAC,Sun  4:25pm ET,14,47.5,32,3,89%,38%,45,1,116.80,144.60,137.41
KERFUFFLE,WR,MB,Amon-Ra St Brown,DET,NO,Sun  1:00pm ET,6,50.5,4,10,98%,95%,93,2,279.00,280.92,205.64
KERFUFFLE,TE,MB,Sam LaPorta,DET,NO,Sun  1:00pm ET,6,50.5,4,15,79%,49%,14,2,89.90,151.10,126.29
KERFUFFLE,RB,MB,JK Dobbins,DEN,@KC,Mon  8:15pm ET,10,43,33,6,72%,21%,30,2,142.20,115.90,160.11
KERFUFFLE,WR,MB,Quentin Johnston,LAC,ARI,Sun  4:25pm ET,7,47.5,35,17,82%,25%,16,2,147.40,125.00,133.76
KERFUFFLE,QB,MB,Bryce Young,CAR,CHI,Sun  1:00pm ET,5,47.5,29,26,26%,6%,50,2,234.24,203.08,258.63
KERFUFFLE,DST,MB,Lions,DET,NO,Sun  1:00pm ET,6,50.5,17,25,62%,42%,1,2,108.00,113.00,140.10
KERFUFFLE,RB,MB,Ray Davis,BUF,@HOU,Sun  1:00pm ET,7,44.5,56,5,18%,1%,1,2,70.40,101.40,19.61
KERFUFFLE,RB,MB,Adam Randall,BAL,@IND,Sun  1:00pm ET,13,47.5,---,11,8%,1%,3,3,0.00,0.00,58.44
KERFUFFLE,WR,MB,Keenan Allen,IND,BAL,Sun  1:00pm ET,13,47.5,59,25,45%,7%,6,2,150.70,180.32,96.44
KERFUFFLE,WR,MB,Jalen Coker,CAR,CHI,Sun  1:00pm ET,5,47.5,43,31,44%,4%,8,2,79.40,74.06,107.28
KERFUFFLE,WR,MB,Stefon Diggs,WAS,@PHI,Sun  4:25pm ET,7,45.5,41,8,81%,23%,5,2,176.30,168.94,102.23
KERFUFFLE,TE,MB,Cade Otton,TB,@CIN,Sun  1:00pm ET,10,50.5,30,32,30%,6%,1,2,88.20,94.80,93.82
KERFUFFLE,WR,MB,Skyler Bell,BUF,@HOU,Sun  1:00pm ET,7,44.5,---,7,4%,1%,5,3,0.00,0.00,23.03
KERFUFFLE,WR,MB,Carnell Tate,TEN,NYJ,Sun  1:00pm ET,9,39,37,19,57%,16%,30,3,0.00,0.00,99.93
KERFUFFLE,WR,MB,Tre Harris,LAC,ARI,Sun  4:25pm ET,7,47.5,---,17,8%,1%,5,2,57.40,59.60,36.54
KERFUFFLE,QB,PSL,Trevor Lawrence,JAC,CLE,Sun  1:00pm ET,7,40.5,9,4,94%,66%,65,2,378.18,264.16,310.91
KERFUFFLE,RB,PSL,Rhamondre Stevenson,NE,@SEA,Wed  8:20pm ET,11,44.5,25,4,91%,36%,25,1,186.80,171.80,142.37
KERFUFFLE,RB,PSL,Bhayshul Tuten,JAC,CLE,Sun  1:00pm ET,7,40.5,24,14,82%,47%,5,2,104.90,102.40,184.60
KERFUFFLE,WR,PSL,Justin Jefferson,MIN,GB,Sun  4:25pm ET,6,45.5,6,21,96%,89%,78,0,164.50,211.60,165.29
KERFUFFLE,WR,PSL,Tetairoa McMillan,CAR,CHI,Sun  1:00pm ET,5,47.5,17,31,95%,78%,30,2,196.40,195.30,161.84
KERFUFFLE,TE,PSL,Harold Fannin,CLE,@JAC,Sun  1:00pm ET,11,40.5,8,23,90%,70%,3,2,148.40,149.30,148.27
KERFUFFLE,RB,PSL,Jordan Mason,MIN,GB,Sun  4:25pm ET,6,45.5,34,18,83%,16%,16,0,160.90,117.20,138.01
KERFUFFLE,RB,PSL,David Montgomery,HOU,BUF,Sun  1:00pm ET,8,44.5,21,25,94%,62%,43,0,194.92,234.70,170.71
KERFUFFLE,QB,PSL,Patrick Mahomes,KC,DEN,Mon  8:15pm ET,5,43,15,13,84%,35%,80,1,312.68,302.58,302.24
KERFUFFLE,DST,PSL,Eagles,PHI,WAS,Sun  4:25pm ET,10,45.5,5,20,93%,80%,3,0,145.00,122.00,150.20
KERFUFFLE,RB,PSL,Blake Corum,LAR,SF,Thu  8:35pm ET,11,48.5,35,22,80%,12%,5,1,161.20,103.00,127.80
KERFUFFLE,WR,PSL,Caleb Douglas,MIA,@LV,Sun  4:25pm ET,6,40.5,---,20,16%,1%,3,3,0.00,0.00,61.88
KERFUFFLE,WR,PSL,Jayden Reed,GB,@MIN,Sun  4:25pm ET,11,45.5,45,1,67%,11%,15,2,38.50,130.00,113.56
KERFUFFLE,TE,PSL,Marlin Klein,HOU,BUF,Sun  1:00pm ET,8,44.5,---,2,2%,1%,5,3,0.00,0.00,44.07
KERFUFFLE,TE,PSL,Tucker Kraft,GB,@MIN,Sun  4:25pm ET,11,45.5,6,4,73%,49%,24,0,107.20,104.50,141.80
KERFUFFLE,WR,PSL,Chris Godwin,TB,@CIN,Sun  1:00pm ET,10,50.5,33,9,82%,30%,15,0,71.00,118.60,122.78
KERFUFFLE,WR,PSL,Khalil Shakir,BUF,@HOU,Sun  1:00pm ET,7,44.5,58,7,54%,11%,14,2,123.70,121.70,90.03
KERFUFFLE,WR,PSL,Brian Thomas,JAC,CLE,Sun  1:00pm ET,7,40.5,31,5,87%,34%,10,1,125.80,187.40,139.99
KERFUFFLE,WR,PSL,Jordyn Tyson,NO,@DET,Sun  1:00pm ET,8,50.5,56,30,34%,1%,35,3,0.00,0.00,73.48
KERFUFFLE,QB,PCP,Daniel Jones,IND,BAL,Sun  1:00pm ET,13,47.5,22,21,50%,7%,1,2,245.54,155.72,277.87
KERFUFFLE,RB,PCP,Ashton Jeanty,LV,MIA,Sun  4:25pm ET,13,40.5,12,24,98%,88%,50,2,247.10,245.90,191.74
KERFUFFLE,RB,PCP,Kenneth Walker,KC,DEN,Mon  8:15pm ET,5,43,9,3,98%,84%,66,1,219.00,208.40,200.71
KERFUFFLE,WR,PCP,AJ Brown,NE,@SEA,Wed  8:20pm ET,11,44.5,10,4,96%,91%,79,1,189.30,212.10,186.87
KERFUFFLE,WR,PCP,CeeDee Lamb,DAL,@NYG,Sun  8:20pm ET,14,48.5,5,23,96%,93%,126,2,168.90,248.80,173.09
KERFUFFLE,TE,PCP,Mark Andrews,BAL,@IND,Sun  1:00pm ET,13,47.5,14,25,82%,37%,11,2,114.00,131.30,129.49
KERFUFFLE,WR,PCP,Romeo Doubs,NE,@SEA,Wed  8:20pm ET,11,44.5,53,4,68%,13%,4,1,151.40,141.10,116.08
KERFUFFLE,WR,PCP,Garrett Wilson,NYJ,@TEN,Sun  1:00pm ET,13,39,20,29,84%,55%,34,2,81.50,155.10,150.78
KERFUFFLE,QB,PCP,Fernando Mendoza,LV,MIA,Sun  4:25pm ET,13,40.5,31,23,20%,1%,45,3,0.00,0.00,172.08
KERFUFFLE,DST,PCP,Ravens,BAL,@IND,Sun  1:00pm ET,13,47.5,11,9,69%,49%,7,2,111.00,135.00,144.30
KERFUFFLE,QB,PCP,Shedeur Sanders,CLE,@JAC,Sun  1:00pm ET,11,40.5,32,19,14%,3%,3,2,92.00,85.58,41.25
KERFUFFLE,QB,PCP,Deshaun Watson,CLE,@JAC,Sun  1:00pm ET,11,40.5,---,19,7%,1%,6,3,0.00,56.42,180.08
KERFUFFLE,RB,PCP,Tank Bigsby,PHI,WAS,Sun  4:25pm ET,10,45.5,49,29,39%,2%,4,2,69.90,91.10,98.00
KERFUFFLE,WR,PCP,Rashod Bateman,BAL,@IND,Sun  1:00pm ET,13,47.5,---,27,16%,1%,1,2,48.40,91.00,106.04
KERFUFFLE,WR,PCP,Chris Bell,MIA,@LV,Sun  4:25pm ET,6,40.5,---,20,13%,1%,5,3,0.00,0.00,83.21
KERFUFFLE,WR,PCP,Chris Brazzell,CAR,CHI,Sun  1:00pm ET,5,47.5,---,31,2%,1%,3,3,0.00,0.00,0.00
KERFUFFLE,TE,PCP,Kenyon Sadiq,NYJ,@TEN,Sun  1:00pm ET,13,39,25,21,27%,3%,10,3,0.00,0.00,86.87
KERFUFFLE,RB,PCP,Braelon Allen,NYJ,@TEN,Sun  1:00pm ET,13,39,55,13,33%,1%,3,1,18.30,50.70,101.02
KERFUFFLE,QB,PCP,Tua Tagovailoa,ATL,@PIT,Sun  1:00pm ET,11,42.5,30,24,16%,2%,41,1,161.80,205.38,147.04
KERFUFFLE,QB,PP,Josh Allen,BUF,@HOU,Sun  1:00pm ET,7,44.5,1,2,100%,95%,154,2,410.62,432.42,353.96
KERFUFFLE,RB,PP,Omarion Hampton,LAC,ARI,Sun  4:25pm ET,7,47.5,10,30,99%,85%,35,2,141.70,134.30,187.36
KERFUFFLE,RB,PP,Josh Jacobs,GB,@MIN,Sun  4:25pm ET,11,45.5,45,15,93%,56%,50,1,264.10,265.20,125.42
KERFUFFLE,WR,PP,Rashee Rice,KC,DEN,Mon  8:15pm ET,5,43,12,2,96%,74%,6,2,127.10,116.10,199.49
KERFUFFLE,WR,PP,Courtland Sutton,DEN,@KC,Mon  8:15pm ET,10,43,34,6,90%,52%,3,2,197.70,193.12,132.31
KERFUFFLE,TE,PP,Isaiah Likely,NYG,DAL,Sun  8:20pm ET,8,48.5,9,13,69%,40%,7,1,45.70,77.40,126.61
KERFUFFLE,WR,PP,Jordan Addison,MIN,GB,Sun  4:25pm ET,6,45.5,36,21,80%,19%,5,2,121.10,165.70,123.19
KERFUFFLE,RB,PP,Rico Dowdle,PIT,ATL,Sun  1:00pm ET,9,42.5,29,16,93%,44%,24,2,242.50,184.60,153.14
KERFUFFLE,QB,PP,Justin Herbert,LAC,ARI,Sun  4:25pm ET,7,47.5,8,17,93%,59%,72,1,320.88,286.38,296.11
KERFUFFLE,DST,PP,Cowboys,DAL,@NYG,Sun  8:20pm ET,14,48.5,14,21,40%,24%,2,1,63.00,115.00,94.30
KERFUFFLE,QB,PP,Jacoby Brissett,ARI,@LAC,Sun  4:25pm ET,14,47.5,24,3,39%,15%,15,2,243.64,95.66,246.80
KERFUFFLE,TE,PP,Travis Kelce,KC,DEN,Mon  8:15pm ET,5,43,12,18,88%,50%,24,1,162.20,160.30,119.37
KERFUFFLE,WR,PP,Denzel Boston,CLE,@JAC,Sun  1:00pm ET,11,40.5,57,15,32%,2%,5,3,0.00,0.00,101.62
KERFUFFLE,WR,PP,Calvin Ridley,TEN,NYJ,Sun  1:00pm ET,9,39,---,19,24%,2%,4,2,43.30,137.80,111.68
KERFUFFLE,RB,PP,Jaydon Blue,DAL,@NYG,Sun  8:20pm ET,14,48.5,---,28,15%,2%,3,2,26.40,22.50,0.00
KERFUFFLE,WR,PP,Makai Lemon,PHI,WAS,Sun  4:25pm ET,10,45.5,51,28,48%,3%,25,3,0.00,0.00,96.53
KERFUFFLE,RB,PP,MarShawn Lloyd,GB,@MIN,Sun  4:25pm ET,11,45.5,26,15,53%,10%,15,1,0.00,0.00,147.62
KERFUFFLE,QB,PP,JJ McCarthy,MIN,GB,Sun  4:25pm ET,6,45.5,---,10,14%,2%,35,1,137.38,131.12,13.05
KERFUFFLE,QB,PP,Jalen Milroe,SEA,NE,Wed  8:20pm ET,11,44.5,---,5,3%,1%,5,2,-1.60,-2.00,12.48
KERFUFFLE,WR,PP,Jayden Higgins,HOU,BUF,Sun  1:00pm ET,8,44.5,---,13,27%,10%,5,2,116.50,115.00,0.00
KERFUFFLE,RB,PP,Kaytron Allen,WAS,@PHI,Sun  4:25pm ET,7,45.5,---,26,9%,1%,3,3,0.00,0.00,27.31
KERFUFFLE,QB,RR,Joe Burrow,CIN,TB,Sun  1:00pm ET,6,50.5,4,29,97%,86%,88,3,139.46,224.02,298.32
KERFUFFLE,RB,RR,Breece Hall,NYJ,@TEN,Sun  1:00pm ET,13,39,16,13,96%,74%,66,1,241.66,259.92,180.06
KERFUFFLE,RB,RR,Christian McCaffrey,SF,@LAR,Thu  8:35pm ET,8,48.5,5,10,99%,96%,102,1,433.60,303.40,244.45
KERFUFFLE,WR,RR,Davante Adams,LAR,SF,Thu  8:35pm ET,11,48.5,25,16,92%,61%,16,1,213.90,211.10,145.30
KERFUFFLE,WR,RR,George Pickens,DAL,@NYG,Sun  8:20pm ET,14,48.5,9,23,98%,95%,23,1,271.90,205.50,198.00
KERFUFFLE,TE,RR,Tyler Warren,IND,BAL,Sun  1:00pm ET,13,47.5,5,8,97%,75%,5,2,157.50,159.90,135.57
KERFUFFLE,RB,RR,De'Von Achane,MIA,@LV,Sun  4:25pm ET,6,40.5,7,21,99%,96%,100,2,334.80,268.70,242.78
KERFUFFLE,RB,RR,Jaylen Warren,PIT,ATL,Sun  1:00pm ET,9,42.5,32,16,92%,48%,24,3,242.30,190.20,153.95
KERFUFFLE,QB,RR,Baker Mayfield,TB,@CIN,Sun  1:00pm ET,10,50.5,21,27,83%,34%,9,1,298.92,329.12,289.73
KERFUFFLE,DST,RR,Patriots,NE,@SEA,Wed  8:20pm ET,11,44.5,8,5,85%,64%,1,1,150.00,115.00,129.60
KERFUFFLE,QB,RR,Michael Penix,ATL,@PIT,Sun  1:00pm ET,11,42.5,---,24,11%,1%,5,1,125.48,77.86,85.29
KERFUFFLE,QB,RR,Tyler Shough,NO,@DET,Sun  1:00pm ET,8,50.5,19,22,56%,14%,3,2,169.26,161.88,276.82
KERFUFFLE,RB,RR,Jordan James,SF,@LAR,Thu  8:35pm ET,8,48.5,---,10,19%,1%,1,2,0.00,0.00,97.44
KERFUFFLE,RB,RR,Tony Pollard,TEN,NYJ,Sun  1:00pm ET,9,39,27,32,89%,40%,30,3,211.80,220.20,149.01
KERFUFFLE,WR,RR,Zachariah Branch,ATL,@PIT,Sun  1:00pm ET,11,42.5,---,26,7%,1%,5,3,0.00,0.00,55.56
KERFUFFLE,WR,RR,Jalen McMillan,TB,@CIN,Sun  1:00pm ET,10,50.5,---,9,14%,1%,3,1,25.90,70.70,89.63
KERFUFFLE,TE,RR,Kyle Pitts,ATL,@PIT,Sun  1:00pm ET,11,42.5,7,26,93%,73%,2,1,173.80,133.10,117.77
KERFUFFLE,RB,RR,Woody Marks,HOU,BUF,Sun  1:00pm ET,8,44.5,43,25,75%,15%,3,2,173.60,171.60,107.18
KERFUFFLE,WR,RR,Michael Wilson,ARI,@LAC,Sun  4:25pm ET,14,47.5,39,3,84%,36%,2,1,193.60,138.00,122.78
KERFUFFLE,WR,RR,Bryce Lance,NO,@DET,Sun  1:00pm ET,8,50.5,---,30,3%,1%,3,3,0.00,0.00,87.09
KERFUFFLE,QB,SBS,Jayden Daniels,WAS,@PHI,Sun  4:25pm ET,7,45.5,5,11,85%,54%,40,1,128.28,260.82,315.88
KERFUFFLE,RB,SBS,TreVeyon Henderson,NE,@SEA,Wed  8:20pm ET,11,44.5,31,4,94%,46%,20,2,223.20,222.20,153.12
KERFUFFLE,RB,SBS,Jonathan Taylor,IND,BAL,Sun  1:00pm ET,13,47.5,3,17,100%,99%,116,1,415.30,293.40,288.47
KERFUFFLE,WR,SBS,Terry McLaurin,WAS,@PHI,Sun  4:25pm ET,7,45.5,24,8,91%,66%,51,1,109.20,177.00,155.39
KERFUFFLE,WR,SBS,Christian Watson,GB,@MIN,Sun  4:25pm ET,11,45.5,27,1,89%,45%,17,2,125.40,100.70,147.66
KERFUFFLE,TE,SBS,Juwan Johnson,NO,@DET,Sun  1:00pm ET,8,50.5,15,19,65%,25%,6,2,143.90,105.20,106.81
KERFUFFLE,WR,SBS,Alec Pierce,IND,BAL,Sun  1:00pm ET,13,47.5,40,25,83%,29%,1,1,177.30,138.80,159.66
KERFUFFLE,RB,SBS,Rachaad White,WAS,@PHI,Sun  4:25pm ET,7,45.5,41,26,72%,7%,10,2,150.00,202.80,125.03
KERFUFFLE,QB,SBS,Lamar Jackson,BAL,@IND,Sun  1:00pm ET,13,47.5,2,20,97%,80%,201,2,238.86,365.78,314.45
KERFUFFLE,DST,SBS,Falcons,ATL,@PIT,Sun  1:00pm ET,11,42.5,22,12,34%,21%,1,2,132.00,107.00,148.20
KERFUFFLE,RB,SBS,Emmett Johnson,KC,DEN,Mon  8:15pm ET,5,43,51,3,21%,1%,3,3,0.00,0.00,22.41
KERFUFFLE,WR,SBS,Germie Bernard,PIT,ATL,Sun  1:00pm ET,9,42.5,---,22,7%,1%,5,3,0.00,0.00,70.38
KERFUFFLE,WR,SBS,Kayshon Boutte,HOU,BUF,Sun  1:00pm ET,8,44.5,60,13,37%,4%,1,2,118.10,71.50,93.97
KERFUFFLE,WR,SBS,Omar Cooper,NYJ,@TEN,Sun  1:00pm ET,13,39,---,29,11%,1%,15,3,0.00,0.00,76.41
KERFUFFLE,WR,SBS,Jauan Jennings,MIN,GB,Sun  4:25pm ET,6,45.5,---,21,44%,18%,1,2,154.30,122.00,103.11
KERFUFFLE,WR,SBS,Wan'Dale Robinson,TEN,NYJ,Sun  1:00pm ET,9,39,54,19,77%,25%,1,1,165.90,133.80,105.63
KERFUFFLE,TE,SBS,Colby Parkinson,LAR,SF,Thu  8:35pm ET,11,48.5,---,22,21%,10%,1,1,111.40,71.40,76.67
KERFUFFLE,RB,SBS,Kyle Monangai,CHI,@CAR,Sun  1:00pm ET,10,47.5,36,23,84%,14%,1,1,175.70,174.50,133.41
KERFUFFLE,WR,SBS,Jaylin Noel,HOU,BUF,Sun  1:00pm ET,8,44.5,---,13,6%,1%,3,2,55.90,57.20,71.61
