League,Season,Pos,Player,Salary
TRUFFLE,2021,QB,Lamar Jackson,83
TRUFFLE,2021,QB,Kyler Murray,82
TRUFFLE,2021,QB,Josh Allen,79
TRUFFLE,2021,QB,Tom Brady,77
TRUFFLE,2021,QB,Patrick Mahomes,72
TRUFFLE,2021,RB,Christian McCaffrey,104
TRUFFLE,2021,RB,Saquon Barkley,97
TRUFFLE,2021,RB,Derrick Henry,95
TRUFFLE,2021,RB,Ezekiel Elliott,95
TRUFFLE,2021,RB,Dalvin Cook,90
TRUFFLE,2021,WR,Stefon Diggs,86
TRUFFLE,2021,WR,Davante Adams,67
TRUFFLE,2021,WR,Julio Jones,67
TRUFFLE,2021,WR,Tyreek Hill,67
TRUFFLE,2021,WR,Tyler Lockett,60
TRUFFLE,2021,TE,Travis Kelce,46
TRUFFLE,2021,TE,George Kittle,37
TRUFFLE,2021,TE,Kyle Pitts,35
TRUFFLE,2021,TE,Mark Andrews,28
TRUFFLE,2021,TE,Darren Waller,24
TRUFFLE,2022,QB,Jalen Hurts,100
TRUFFLE,2022,QB,Matthew Stafford,93
TRUFFLE,2022,QB,Tom Brady,84
TRUFFLE,2022,QB,Kyler Murray,83
TRUFFLE,2022,QB,Lamar Jackson,83
TRUFFLE,2022,RB,Dalvin Cook,120
TRUFFLE,2022,RB,Ezekiel Elliott,106
TRUFFLE,2022,RB,Christian McCaffrey,105
TRUFFLE,2022,RB,Derrick Henry,105
TRUFFLE,2022,RB,Saquon Barkley,104
TRUFFLE,2022,WR,Stefon Diggs,86
TRUFFLE,2022,WR,Davante Adams,69
TRUFFLE,2022,WR,Tyreek Hill,67
TRUFFLE,2022,WR,Allen Lazard,64
TRUFFLE,2022,WR,Adam Thielen,59
TRUFFLE,2022,TE,Travis Kelce,46
TRUFFLE,2022,TE,George Kittle,37
TRUFFLE,2022,TE,Kyle Pitts,35
TRUFFLE,2022,TE,Darren Waller,30
TRUFFLE,2022,TE,Mark Andrews,28
TRUFFLE,2023,QB,Aaron Rodgers,130
TRUFFLE,2023,QB,Josh Allen,101
TRUFFLE,2023,QB,Jalen Hurts,100
TRUFFLE,2023,QB,Kyler Murray,92
TRUFFLE,2023,QB,Kirk Cousins,83
TRUFFLE,2023,RB,Christian McCaffrey,121
TRUFFLE,2023,RB,Austin Ekeler,108
TRUFFLE,2023,RB,Saquon Barkley,104
TRUFFLE,2023,RB,Nick Chubb,102
TRUFFLE,2023,RB,Joe Mixon,100
TRUFFLE,2023,WR,Stefon Diggs,87
TRUFFLE,2023,WR,Davante Adams,75
TRUFFLE,2023,WR,Cooper Kupp,69
TRUFFLE,2023,WR,DK Metcalf,69
TRUFFLE,2023,WR,Amari Cooper,69
TRUFFLE,2023,TE,Travis Kelce,47
TRUFFLE,2023,TE,George Kittle,37
TRUFFLE,2023,TE,Kyle Pitts,35
TRUFFLE,2023,TE,TJ Hockenson,35
TRUFFLE,2023,TE,Darren Waller,30
TRUFFLE,2024,QB,Aaron Rodgers,130
TRUFFLE,2024,QB,Josh Allen,101
TRUFFLE,2024,QB,Jalen Hurts,100
TRUFFLE,2024,QB,Kyler Murray,92
TRUFFLE,2024,QB,Kirk Cousins,83
TRUFFLE,2024,RB,Christian McCaffrey,121
TRUFFLE,2024,RB,Austin Ekeler,108
TRUFFLE,2024,RB,Saquon Barkley,104
TRUFFLE,2024,RB,Nick Chubb,102
TRUFFLE,2024,RB,Joe Mixon,100
TRUFFLE,2024,WR,Stefon Diggs,87
TRUFFLE,2024,WR,Davante Adams,75
TRUFFLE,2024,WR,Cooper Kupp,69
TRUFFLE,2024,WR,DK Metcalf,69
TRUFFLE,2024,WR,Amari Cooper,69
TRUFFLE,2024,TE,Travis Kelce,47
TRUFFLE,2024,TE,George Kittle,37
TRUFFLE,2024,TE,Kyle Pitts,35
TRUFFLE,2024,TE,TJ Hockenson,35
TRUFFLE,2024,TE,Darren Waller,30
TRUFFLE,2025,QB,Josh Allen,203
TRUFFLE,2025,QB,Dak Prescott,110
TRUFFLE,2025,QB,Jalen Hurts,101
TRUFFLE,2025,QB,Lamar Jackson,101
TRUFFLE,2025,QB,Matthew Stafford,101
TRUFFLE,2025,RB,Christian McCaffrey,145
TRUFFLE,2025,RB,Josh Jacobs,107
TRUFFLE,2025,RB,Saquon Barkley,104
TRUFFLE,2025,RB,Derrick Henry,95
TRUFFLE,2025,RB,Joe Mixon,91
TRUFFLE,2025,WR,Cooper Kupp,88
TRUFFLE,2025,WR,Davante Adams,75
TRUFFLE,2025,WR,AJ Brown,74
TRUFFLE,2025,WR,Tyreek Hill,74
TRUFFLE,2025,WR,Terry McLaurin,67
TRUFFLE,2025,TE,Travis Kelce,48
TRUFFLE,2025,TE,Mark Andrews,37
TRUFFLE,2025,TE,George Kittle,36
TRUFFLE,2025,TE,Kyle Pitts,30
TRUFFLE,2025,TE,David Njoku,17
KERFUFFLE,2025,QB,Lamar Jackson,201
KERFUFFLE,2025,QB,Patrick Mahomes,200
KERFUFFLE,2025,QB,Josh Allen,199
KERFUFFLE,2025,QB,Jalen Hurts,180
KERFUFFLE,2025,QB,Anthony Richardson,161
KERFUFFLE,2025,RB,Breece Hall,145
KERFUFFLE,2025,RB,Bijan Robinson,143
KERFUFFLE,2025,RB,Saquon Barkley,131
KERFUFFLE,2025,RB,Christian McCaffrey,102
KERFUFFLE,2025,RB,Jahmyr Gibbs,102
KERFUFFLE,2025,WR,CeeDee Lamb,126
KERFUFFLE,2025,WR,Justin Jefferson,111
KERFUFFLE,2025,WR,Tyreek Hill,105
KERFUFFLE,2025,WR,Amon-Ra St Brown,93
KERFUFFLE,2025,WR,Puka Nacua,85
KERFUFFLE,2025,TE,Sam LaPorta,66
KERFUFFLE,2025,TE,Dalton Kincaid,50
KERFUFFLE,2025,TE,Travis Kelce,47
KERFUFFLE,2025,TE,Mark Andrews,32
KERFUFFLE,2025,TE,George Kittle,25
TRUFFLE,2026,QB,Lamar Jackson,178
TRUFFLE,2026,QB,Josh Allen,151
TRUFFLE,2026,QB,Jalen Hurts,132
TRUFFLE,2026,QB,Joe Burrow,123
TRUFFLE,2026,QB,Patrick Mahomes,111
TRUFFLE,2026,RB,Jonathan Taylor,108
TRUFFLE,2026,RB,Saquon Barkley,108
TRUFFLE,2026,RB,Derrick Henry,92
TRUFFLE,2026,RB,Christian McCaffrey,82
TRUFFLE,2026,RB,Josh Jacobs,81
TRUFFLE,2026,WR,AJ Brown,89
TRUFFLE,2026,WR,Mike Evans,76
TRUFFLE,2026,WR,CeeDee Lamb,76
TRUFFLE,2026,WR,Tee Higgins,76
TRUFFLE,2026,WR,Justin Jefferson,76
TRUFFLE,2026,TE,George Kittle,36
TRUFFLE,2026,TE,Trey McBride,34
TRUFFLE,2026,TE,Kyle Pitts,30
TRUFFLE,2026,TE,Colston Loveland,20
TRUFFLE,2026,TE,Mark Andrews,19
KERFUFFLE,2026,QB,Lamar Jackson,201
KERFUFFLE,2026,QB,Josh Allen,199
KERFUFFLE,2026,QB,Jalen Hurts,180
KERFUFFLE,2026,QB,Patrick Mahomes,101
KERFUFFLE,2026,QB,Jordan Love,100
KERFUFFLE,2026,RB,Bijan Robinson,143
KERFUFFLE,2026,RB,Saquon Barkley,131
KERFUFFLE,2026,RB,Jahmyr Gibbs,102
KERFUFFLE,2026,RB,Christian McCaffrey,102
KERFUFFLE,2026,RB,Jonathan Taylor,101
KERFUFFLE,2026,WR,CeeDee Lamb,126
KERFUFFLE,2026,WR,Justin Jefferson,111
KERFUFFLE,2026,WR,Amon-Ra St Brown,93
KERFUFFLE,2026,WR,Puka Nacua,85
KERFUFFLE,2026,WR,Ja’Marr Chase,84
KERFUFFLE,2026,TE,Sam LaPorta,66
KERFUFFLE,2026,TE,George Kittle,25
KERFUFFLE,2026,TE,Travis Kelce,24
KERFUFFLE,2026,TE,Trey McBride,21
KERFUFFLE,2026,TE,Brock Bowers,15