Pos,TRUFFLE,Player,NFL,Opp,Game Time,Bye,O/U,PosRnk,Ovp,Rost,Start,Salary,Contract,2025,3yr Avg,Proj
QB,ABT,Caleb Williams,CHI,@CAR,Sun  1:00pm ET,10,45.5,10,7,92%,45%,50,1,346.58,318.40,295.62
RB,ABT,Saquon Barkley,PHI,WAS,Sun  4:25pm ET,10,47.5,12,29,99%,93%,132,1,254.50,308.70,222.06
RB,ABT,Chase Brown,CIN,TB,Sun  1:00pm ET,6,52.5,6,12,100%,97%,7,1,284.40,194.70,228.35
WR,ABT,Puka Nacua,LAR,SF,Thu  8:35pm ET,11,48.5,2,16,99%,99%,85,2,331.00,256.90,244.88
WR,ABT,Chris Olave,NO,@DET,Sun  1:00pm ET,8,49.5,14,30,97%,81%,42,2,221.30,161.30,182.70
TE,ABT,Colston Loveland,CHI,@CAR,Sun  1:00pm ET,10,45.5,3,24,80%,51%,10,2,142.30,141.40,148.54
WR,ABT,Josh Downs,IND,BAL,Sun  1:00pm ET,13,49.5,41,25,48%,11%,1,2,114.90,132.70,107.19
WR,ABT,Parker Washington,JAC,CLE,Sun  1:00pm ET,7,40.5,31,5,60%,20%,3,1,153.70,81.20,135.60
QB,ABT,Malik Willis,MIA,@LV,Sun  4:25pm ET,6,40.5,20,14,9%,3%,15,1,60.18,34.04,279.92
DST,ABT,Rams,LAR,SF,Thu  8:35pm ET,11,48.5,1,16,77%,49%,1,1,150.00,104.00,151.80
RB,ABT,Jonah Coleman,DEN,@KC,Mon  8:15pm ET,10,42.5,57,6,3%,1%,10,3,0.00,0.00,22.41
RB,ABT,Rachaad White,WAS,@PHI,Sun  4:25pm ET,7,47.5,38,26,71%,12%,13,1,150.00,202.80,126.73
WR,ABT,KC Concepcion,CLE,@JAC,Sun  1:00pm ET,11,40.5,51,15,4%,1%,15,3,0.00,0.00,76.89
WR,ABT,Elijah Sarratt,BAL,@IND,Sun  1:00pm ET,13,49.5,---,27,2%,1%,3,3,0.00,0.00,21.43
WR,ABT,Tre Tucker,LV,MIA,Sun  4:25pm ET,13,40.5,58,14,57%,15%,1,1,137.70,101.60,95.05
TE,ABT,Eli Stowers,PHI,WAS,Sun  4:25pm ET,10,47.5,---,30,3%,1%,5,3,0.00,0.00,40.67
RB,ABT,Tyler Allgeier,ARI,@LAC,Sun  4:25pm ET,14,46.5,48,8,67%,10%,1,1,148.60,146.30,83.10
RB,ABT,Jonathon Brooks,CAR,CHI,Sun  1:00pm ET,5,45.5,33,19,9%,1%,20,1,0.00,1.00,123.83
WR,ABT,DJ Moore,BUF,@HOU,Sun  1:00pm ET,7,44.5,24,7,92%,58%,44,1,157.58,204.82,138.35
RB,ABT,Keaton Mitchell,LAC,ARI,Sun  4:25pm ET,7,46.5,52,30,24%,4%,1,2,64.40,45.40,67.20
QB,CLC,Jordan Love,GB,@MIN,Sun  4:25pm ET,11,45.5,19,1,85%,25%,100,2,249.34,277.88,256.74
RB,CLC,Javonte Williams,DAL,@NYG,Sun  8:20pm ET,14,48.5,18,28,99%,80%,23,1,281.80,198.00,184.54
WR,CLC,Nico Collins,HOU,BUF,Sun  1:00pm ET,8,44.5,8,13,98%,90%,40,2,204.20,207.50,177.95
WR,CLC,DeVonta Smith,PHI,WAS,Sun  4:25pm ET,10,47.5,13,28,96%,69%,45,2,168.80,175.10,150.07
TE,CLC,Dalton Kincaid,BUF,@HOU,Sun  1:00pm ET,7,44.5,14,7,76%,26%,8,1,114.10,98.40,117.00
WR,CLC,Ricky Pearsall,SF,@LAR,Thu  8:35pm ET,8,48.5,---,24,68%,10%,5,1,80.00,78.60,0.00
WR,CLC,Jaylen Waddle,DEN,@KC,Mon  8:15pm ET,10,42.5,22,6,96%,59%,34,2,179.12,163.80,137.39
QB,CLC,Jacoby Brissett,ARI,@LAC,Sun  4:25pm ET,14,46.5,23,3,79%,39%,4,1,243.64,95.66,253.20
DST,CLC,Bills,BUF,@HOU,Sun  1:00pm ET,7,44.5,14,11,80%,52%,3,1,117.00,145.00,129.60
RB,CLC,Kaelon Black,SF,@LAR,Thu  8:35pm ET,8,48.5,---,10,3%,1%,3,3,0.00,0.00,101.92
RB,CLC,Jeremiyah Love,ARI,@LAC,Sun  4:25pm ET,14,46.5,16,8,8%,3%,50,3,0.00,0.00,188.36
WR,CLC,Zavion Thomas,CHI,@CAR,Sun  1:00pm ET,10,45.5,---,12,2%,1%,5,3,0.00,0.00,59.88
TE,CLC,Terrance Ferguson,LAR,SF,Thu  8:35pm ET,11,48.5,24,22,5%,1%,5,2,50.10,47.80,77.74
WR,CLC,Rome Odunze,CHI,@CAR,Sun  1:00pm ET,10,45.5,29,12,84%,12%,25,1,139.10,131.50,152.76
QB,CLC,Justin Fields,KC,DEN,Mon  8:15pm ET,5,42.5,---,13,15%,1%,5,2,168.66,182.80,13.05
WR,CLC,Ja'Lynn Polk,NO,@DET,Sun  1:00pm ET,8,49.5,---,30,1%,1%,3,1,0.00,9.40,0.00
QB,CLC,Cam Ward,TEN,NYJ,Sun  1:00pm ET,9,38.5,24,31,24%,5%,45,2,202.26,200.78,230.37
RB,CLC,Trevor Etienne,CAR,CHI,Sun  1:00pm ET,5,45.5,---,19,5%,1%,3,2,15.70,17.50,13.40
QB,CPC,Drake Maye,NE,@SEA,Wed  8:20pm ET,11,44.5,3,8,100%,76%,10,1,388.96,295.28,319.02
RB,CPC,James Cook,BUF,@HOU,Sun  1:00pm ET,7,44.5,5,5,100%,97%,116,1,348.20,300.40,228.35
RB,CPC,Quinshon Judkins,CLE,@JAC,Sun  1:00pm ET,11,40.5,19,1,90%,44%,15,2,201.40,197.20,165.91
WR,CPC,Ja'Marr Chase,CIN,TB,Sun  1:00pm ET,6,52.5,1,18,99%,97%,84,2,261.90,284.30,217.29
WR,CPC,Tee Higgins,CIN,TB,Sun  1:00pm ET,6,52.5,12,18,98%,68%,17,2,193.60,172.10,168.34
TE,CPC,Jake Tonges,SF,@LAR,Thu  8:35pm ET,8,48.5,---,14,18%,7%,1,1,80.30,35.70,16.64
WR,CPC,Ladd McConkey,LAC,ARI,Sun  4:25pm ET,7,46.5,18,17,96%,60%,5,1,149.90,176.00,135.71
WR,CPC,Jakobi Meyers,JAC,CLE,Sun  1:00pm ET,7,40.5,45,5,91%,62%,1,1,144.80,180.12,120.86
QB,CPC,Dak Prescott,DAL,@NYG,Sun  8:20pm ET,14,48.5,7,25,97%,78%,77,1,329.58,271.40,310.78
DST,CPC,Texans,HOU,BUF,Sun  1:00pm ET,8,44.5,3,10,100%,87%,10,1,169.00,153.00,167.50
QB,CPC,Ty Simpson,LAR,SF,Thu  8:35pm ET,11,48.5,---,16,2%,1%,20,3,0.00,0.00,36.09
RB,CPC,Jawhar Jordan,HOU,BUF,Sun  1:00pm ET,8,44.5,---,25,23%,3%,1,1,32.70,27.10,70.42
RB,CPC,Brian Robinson,ATL,@PIT,Sun  1:00pm ET,11,41.5,56,9,51%,2%,18,1,75.60,158.20,88.40
RB,CPC,Nicholas Singleton,TEN,NYJ,Sun  1:00pm ET,9,38.5,---,32,3%,1%,5,3,0.00,0.00,20.91
WR,CPC,Matthew Golden,GB,@MIN,Sun  4:25pm ET,11,45.5,52,1,35%,3%,5,2,60.00,56.50,85.90
WR,CPC,Adonai Mitchell,NYJ,@TEN,Sun  1:00pm ET,13,38.5,---,29,40%,11%,4,1,70.30,63.62,45.77
TE,CPC,George Kittle,SF,@LAR,Thu  8:35pm ET,8,48.5,12,14,97%,52%,30,1,142.80,174.40,125.51
DC,CPC,Dontayvion Wicks Dead Cap,GB,@MIN,Sun  4:25pm ET,11,45.5,---,1,0%,0%,2,1,0.00,0.00,0.00
TE,CPC,Max Klare,LAR,SF,Thu  8:35pm ET,11,48.5,---,22,2%,1%,3,3,0.00,0.00,18.13
WR,CPC,Jalen Royals,KC,DEN,Mon  8:15pm ET,5,42.5,---,2,2%,1%,3,2,0.40,0.00,19.92
RB,DDD,Jahmyr Gibbs,DET,NO,Sun  1:00pm ET,6,49.5,1,20,100%,99%,102,2,373.90,341.40,313.65
RB,DDD,Bucky Irving,TB,@CIN,Sun  1:00pm ET,10,52.5,22,31,100%,89%,3,1,146.50,202.40,193.19
WR,DDD,Emeka Egbuka,TB,@CIN,Sun  1:00pm ET,10,52.5,15,9,98%,68%,25,2,166.70,168.80,162.03
WR,DDD,Malik Nabers,NYG,DAL,Sun  8:20pm ET,8,48.5,16,32,42%,12%,30,1,50.10,126.90,168.23
TE,DDD,Sam LaPorta,DET,NO,Sun  1:00pm ET,6,49.5,5,15,53%,7%,66,2,89.90,151.10,126.29
WR,DDD,Zay Flowers,BAL,@IND,Sun  1:00pm ET,13,49.5,17,27,97%,78%,21,2,208.30,192.30,177.54
RB,DDD,Cam Skattebo,NYG,DAL,Sun  8:20pm ET,8,48.5,17,27,51%,10%,5,2,142.00,134.20,205.01
QB,DDD,Geno Smith,NYJ,@TEN,Sun  1:00pm ET,13,38.5,30,28,19%,4%,48,1,187.80,234.52,209.49
DST,DDD,Seahawks,SEA,NE,Wed  8:20pm ET,11,44.5,4,18,96%,71%,1,1,195.00,150.00,154.90
WR,DDD,Tank Dell,HOU,BUF,Sun  1:00pm ET,8,44.5,---,13,9%,1%,29,2,0.00,85.90,116.64
WR,DDD,Ja'Kobi Lane,BAL,@IND,Sun  1:00pm ET,13,49.5,---,27,2%,1%,5,3,0.00,0.00,93.65
TE,DDD,Theo Johnson,NYG,DAL,Sun  8:20pm ET,8,48.5,---,13,56%,16%,7,1,107.80,78.40,69.24
WR,DDD,Elic Ayomanor,TEN,NYJ,Sun  1:00pm ET,9,38.5,---,19,12%,2%,3,2,105.50,105.20,92.28
RB,DDD,Kenneth Gainwell,TB,@CIN,Sun  1:00pm ET,10,52.5,40,31,87%,42%,5,1,205.40,124.52,129.27
DC,DDD,Deshaun Watson Dead Cap,CLE,@JAC,Sun  1:00pm ET,11,40.5,---,19,0%,0%,5,1,0.00,0.00,0.00
WR,DDD,Kendrick Law,DET,NO,Sun  1:00pm ET,6,49.5,---,10,1%,1%,3,3,0.00,0.00,0.00
QB,LBC,Bo Nix,DEN,@KC,Mon  8:15pm ET,10,42.5,16,12,93%,49%,5,1,330.14,339.08,275.50
RB,LBC,Travis Etienne,NO,@DET,Sun  1:00pm ET,8,49.5,21,7,100%,91%,34,1,279.90,238.60,182.24
RB,LBC,Kyren Williams,LAR,SF,Thu  8:35pm ET,11,48.5,13,22,100%,94%,84,1,313.30,311.20,208.40
WR,LBC,Drake London,ATL,@PIT,Sun  1:00pm ET,11,41.5,7,26,98%,54%,36,2,179.90,194.10,223.51
WR,LBC,Jaxon Smith-Njigba,SEA,NE,Wed  8:20pm ET,11,44.5,3,11,100%,100%,5,2,322.00,221.52,229.54
TE,LBC,Trey McBride,ARI,@LAC,Sun  4:25pm ET,14,46.5,2,9,100%,98%,21,2,252.90,194.70,158.63
RB,LBC,RJ Harvey,DEN,@KC,Mon  8:15pm ET,10,42.5,46,6,99%,79%,15,2,205.70,202.70,155.94
RB,LBC,Rhamondre Stevenson,NE,@SEA,Wed  8:20pm ET,11,44.5,28,4,91%,31%,27,1,186.80,171.80,153.46
QB,LBC,CJ Stroud,HOU,BUF,Sun  1:00pm ET,8,44.5,22,9,78%,30%,96,1,225.54,246.28,269.71
WR,LBC,Jerry Jeudy,CLE,@JAC,Sun  1:00pm ET,11,40.5,---,15,50%,13%,1,2,102.70,147.30,92.49
WR,LBC,Michael Pittman,PIT,ATL,Sun  1:00pm ET,9,41.5,46,22,90%,48%,16,2,169.40,166.20,102.48
WR,LBC,De'Zhaun Stribling,SF,@LAR,Thu  8:35pm ET,8,48.5,---,24,3%,1%,,2,0.00,0.00,94.81
WR,LBC,Antonio Williams,WAS,@PHI,Sun  4:25pm ET,7,47.5,---,8,3%,1%,,2,0.00,0.00,89.71
TE,LBC,Evan Engram,DEN,@KC,Mon  8:15pm ET,10,42.5,25,6,33%,9%,6,1,71.80,96.90,67.29
TE,LBC,Eli Raridon,NE,@SEA,Wed  8:20pm ET,11,44.5,---,20,2%,1%,,2,0.00,0.00,33.85
TE,LBC,Brock Bowers,LV,MIA,Sun  4:25pm ET,13,40.5,1,29,91%,58%,15,1,148.60,179.50,156.18
RB,LBC,Isiah Pacheco,DET,NO,Sun  1:00pm ET,6,49.5,45,20,58%,8%,68,1,99.60,125.30,98.54
WR,LBC,Jack Bech,LV,MIA,Sun  4:25pm ET,13,40.5,---,14,5%,1%,5,2,33.40,33.40,33.24
WR,LBC,Kyle Williams,NE,@SEA,Wed  8:20pm ET,11,44.5,---,4,7%,1%,5,2,46.40,48.70,34.05
DC,LBC,Michael Wilson Dead Cap,ARI,@LAC,Sun  4:25pm ET,14,46.5,---,3,0%,0%,1,1,0.00,0.00,0.00
RB,LC,Jadarian Price,SEA,NE,Wed  8:20pm ET,11,44.5,27,2,6%,2%,40,3,0.00,0.00,173.04
RB,LC,Jaylen Warren,PIT,ATL,Sun  1:00pm ET,9,41.5,30,16,97%,65%,11,2,242.30,190.20,153.95
WR,LC,Luther Burden,CHI,@CAR,Sun  1:00pm ET,10,45.5,19,12,44%,16%,5,2,111.80,109.70,145.89
WR,LC,Luke McCaffrey,WAS,@PHI,Sun  4:25pm ET,7,47.5,---,8,6%,1%,5,1,46.30,35.00,61.52
TE,LC,Jake Ferguson,DAL,@NYG,Sun  8:20pm ET,14,48.5,18,10,88%,48%,1,3,136.10,111.80,104.42
WR,LC,Malachi Fields,NYG,DAL,Sun  8:20pm ET,8,48.5,---,32,2%,1%,3,3,0.00,0.00,42.25
WR,LC,Rashid Shaheed,SEA,NE,Wed  8:20pm ET,11,44.5,---,11,51%,10%,1,1,117.90,100.50,116.32
WR,LC,Xavier Worthy,KC,DEN,Mon  8:15pm ET,5,42.5,47,2,77%,23%,15,1,93.90,136.60,106.71
DST,LC,49ers,SF,@LAR,Thu  8:35pm ET,8,48.5,19,3,61%,32%,1,1,86.00,92.00,104.40
RB,LC,Zach Charbonnet,SEA,NE,Wed  8:20pm ET,11,44.5,43,2,92%,36%,4,2,216.40,166.00,104.61
WR,LC,Travis Hunter,JAC,CLE,Sun  1:00pm ET,7,40.5,---,5,32%,1%,40,2,47.80,44.10,42.55
WR,LC,Ted Hurst,TB,@CIN,Sun  1:00pm ET,10,52.5,---,9,2%,1%,5,3,0.00,0.00,66.98
WR,LC,DK Metcalf,PIT,ATL,Sun  1:00pm ET,9,41.5,35,22,86%,40%,31,2,166.20,174.00,133.88
WR,LC,Tory Horton,SEA,NE,Wed  8:20pm ET,11,44.5,---,11,13%,1%,1,3,53.10,49.70,86.78
QB,MB,Jaxson Dart,NYG,DAL,Sun  8:20pm ET,8,48.5,12,32,91%,36%,10,2,279.88,275.04,312.26
RB,MB,Adam Randall,BAL,@IND,Sun  1:00pm ET,13,49.5,---,11,2%,1%,3,3,0.00,0.00,89.25
RB,MB,Bijan Robinson,ATL,@PIT,Sun  1:00pm ET,11,41.5,2,9,100%,99%,143,1,388.80,342.00,319.94
WR,MB,Marvin Harrison,ARI,@LAC,Sun  4:25pm ET,14,46.5,32,3,90%,20%,45,1,116.80,144.60,135.71
WR,MB,Amon-Ra St Brown,DET,NO,Sun  1:00pm ET,6,49.5,4,10,99%,92%,93,2,279.00,280.92,205.64
WR,MB,Skyler Bell,BUF,@HOU,Sun  1:00pm ET,7,44.5,---,7,2%,1%,5,3,0.00,0.00,23.03
WR,MB,Carnell Tate,TEN,NYJ,Sun  1:00pm ET,9,38.5,33,19,4%,1%,30,3,0.00,0.00,99.93
RB,MB,Ray Davis,BUF,@HOU,Sun  1:00pm ET,7,44.5,54,5,16%,2%,1,2,70.40,101.40,19.61
WR,MB,Kendrick Bourne,ARI,@LAC,Sun  4:25pm ET,14,46.5,---,3,21%,3%,1,1,82.10,70.90,56.15
RB,MB,Jacory Croskey-Merritt,WAS,@PHI,Sun  4:25pm ET,7,47.5,32,26,67%,16%,34,2,175.40,175.80,136.90
RB,MB,Isaac Guerendo,SF,@LAR,Thu  8:35pm ET,8,48.5,---,10,4%,1%,3,1,0.00,52.40,26.70
WR,MB,Tre Harris,LAC,ARI,Sun  4:25pm ET,7,46.5,---,17,7%,1%,5,2,57.40,59.60,36.54
RB,MB,Jarquez Hunter,LAR,SF,Thu  8:35pm ET,11,48.5,---,22,4%,1%,3,2,0.00,0.00,23.00
QB,NBB,Trevor Lawrence,JAC,CLE,Sun  1:00pm ET,7,40.5,9,4,92%,57%,65,2,378.18,264.16,304.85
RB,NBB,Bhayshul Tuten,JAC,CLE,Sun  1:00pm ET,7,40.5,24,14,57%,11%,5,2,104.90,102.40,182.00
WR,NBB,Jayden Reed,GB,@MIN,Sun  4:25pm ET,11,45.5,44,1,66%,20%,8,2,38.50,130.00,113.66
WR,NBB,Jordyn Tyson,NO,@DET,Sun  1:00pm ET,8,49.5,42,30,4%,1%,35,3,0.00,0.00,110.12
TE,NBB,Marlin Klein,HOU,BUF,Sun  1:00pm ET,8,44.5,---,2,1%,1%,5,3,0.00,0.00,44.07
WR,NBB,Khalil Shakir,BUF,@HOU,Sun  1:00pm ET,7,44.5,59,7,80%,28%,14,2,123.70,121.70,102.84
WR,NBB,Brian Thomas,JAC,CLE,Sun  1:00pm ET,7,40.5,30,5,89%,42%,10,1,125.80,187.40,138.28
RB,NBB,Will Shipley,PHI,WAS,Sun  4:25pm ET,10,47.5,---,29,4%,1%,3,1,14.50,17.70,16.00
WR,NBB,Caleb Douglas,MIA,@LV,Sun  4:25pm ET,6,40.5,---,20,2%,1%,3,3,0.00,0.00,61.88
WR,NBB,Tetairoa McMillan,CAR,CHI,Sun  1:00pm ET,5,45.5,21,31,98%,64%,30,2,196.40,195.30,149.02
RB,NBB,Blake Corum,LAR,SF,Thu  8:35pm ET,11,48.5,37,22,74%,19%,5,1,161.20,103.00,115.00
QB,NBB,Josh Allen,BUF,@HOU,Sun  1:00pm ET,7,44.5,1,2,100%,89%,199,1,410.62,432.42,360.64
TE,NBB,Harold Fannin,CLE,@JAC,Sun  1:00pm ET,11,40.5,8,23,87%,60%,3,2,148.40,149.30,133.73
QB,PCP,Daniel Jones,IND,BAL,Sun  1:00pm ET,13,49.5,27,21,49%,9%,1,2,245.54,155.72,279.88
RB,PCP,Ashton Jeanty,LV,MIA,Sun  4:25pm ET,13,40.5,9,24,100%,89%,50,2,247.10,245.90,231.86
RB,PCP,Kenneth Walker,KC,DEN,Mon  8:15pm ET,5,42.5,11,3,99%,65%,66,1,219.00,208.40,179.41
WR,PCP,AJ Brown,NE,@SEA,Wed  8:20pm ET,11,44.5,11,4,98%,88%,79,1,189.30,212.10,186.87
WR,PCP,CeeDee Lamb,DAL,@NYG,Sun  8:20pm ET,14,48.5,5,23,98%,93%,126,2,168.90,248.80,173.09
TE,PCP,Kenyon Sadiq,NYJ,@TEN,Sun  1:00pm ET,13,38.5,23,21,4%,1%,10,3,0.00,0.00,86.86
WR,PCP,Romeo Doubs,NE,@SEA,Wed  8:20pm ET,11,44.5,54,4,74%,23%,4,1,151.40,141.10,103.26
WR,PCP,Garrett Wilson,NYJ,@TEN,Sun  1:00pm ET,13,38.5,23,29,70%,8%,34,2,81.50,155.10,150.78
QB,PCP,Tua Tagovailoa,ATL,@PIT,Sun  1:00pm ET,11,41.5,26,24,30%,4%,41,1,161.80,205.38,217.37
DST,PCP,Ravens,BAL,@IND,Sun  1:00pm ET,13,49.5,11,9,50%,27%,7,2,111.00,135.00,130.00
QB,PCP,Fernando Mendoza,LV,MIA,Sun  4:25pm ET,13,40.5,32,23,3%,1%,45,3,0.00,0.00,177.09
QB,PCP,Shedeur Sanders,CLE,@JAC,Sun  1:00pm ET,11,40.5,---,19,28%,7%,3,2,92.00,85.58,152.40
RB,PCP,DJ Giddens,IND,BAL,Sun  1:00pm ET,13,49.5,---,17,6%,1%,1,3,14.60,10.70,21.40
WR,PCP,Chris Bell,MIA,@LV,Sun  4:25pm ET,6,40.5,---,20,3%,1%,5,3,0.00,0.00,49.07
WR,PCP,Chris Brazzell,CAR,CHI,Sun  1:00pm ET,5,45.5,---,31,2%,1%,3,3,0.00,0.00,0.00
TE,PCP,TJ Hockenson,MIN,GB,Sun  4:25pm ET,6,45.5,26,12,46%,12%,7,2,83.80,109.90,75.11
RB,PCP,Braelon Allen,NYJ,@TEN,Sun  1:00pm ET,13,38.5,59,13,16%,1%,3,1,18.30,50.70,81.72
RB,PCP,Trey Benson,ARI,@LAC,Sun  4:25pm ET,14,46.5,---,8,49%,1%,5,1,28.40,33.70,16.40
RB,PCP,Nick Chubb,HOU,BUF,Sun  1:00pm ET,8,44.5,---,25,40%,4%,26,1,96.90,60.70,17.20
RB,PCP,Devin Neal,NO,@DET,Sun  1:00pm ET,8,49.5,---,7,55%,16%,5,2,58.00,50.60,34.40
WR,PCP,Keon Coleman,BUF,@HOU,Sun  1:00pm ET,7,44.5,---,7,32%,3%,10,1,89.40,95.70,44.88
QB,PCP,Quinn Ewers,MIA,@LV,Sun  4:25pm ET,6,40.5,---,14,9%,3%,1,1,33.78,29.24,12.53
TE,PCP,Luke Musgrave,GB,@MIN,Sun  4:25pm ET,11,45.5,---,4,5%,1%,3,2,36.30,27.90,37.55
QB,PP,Justin Herbert,LAC,ARI,Sun  4:25pm ET,7,46.5,8,17,91%,32%,72,1,320.88,286.38,297.82
RB,PP,Omarion Hampton,LAC,ARI,Sun  4:25pm ET,7,46.5,10,30,99%,69%,35,2,141.70,134.30,198.46
RB,PP,Josh Jacobs,GB,@MIN,Sun  4:25pm ET,11,45.5,14,15,99%,83%,50,1,264.10,265.20,219.73
WR,PP,Rashee Rice,KC,DEN,Mon  8:15pm ET,5,42.5,10,2,92%,40%,6,2,127.10,116.10,199.48
WR,PP,Courtland Sutton,DEN,@KC,Mon  8:15pm ET,10,42.5,36,6,97%,78%,3,2,197.70,193.12,145.13
TE,PP,Travis Kelce,KC,DEN,Mon  8:15pm ET,5,42.5,10,18,90%,57%,24,1,162.20,160.30,119.37
WR,PP,Jordan Addison,MIN,GB,Sun  4:25pm ET,6,45.5,38,21,83%,31%,5,2,121.10,165.70,123.19
WR,PP,Jayden Higgins,HOU,BUF,Sun  1:00pm ET,8,44.5,55,13,72%,30%,5,2,116.50,115.00,90.58
WR,PP,Makai Lemon,PHI,WAS,Sun  4:25pm ET,10,47.5,50,28,4%,1%,25,3,0.00,0.00,98.23
DST,PP,Cowboys,DAL,@NYG,Sun  8:20pm ET,14,48.5,16,21,56%,36%,2,1,63.00,115.00,91.80
QB,PP,Riley Leonard,IND,BAL,Sun  1:00pm ET,13,49.5,---,21,2%,1%,15,1,33.30,28.04,0.00
RB,PP,Kaytron Allen,WAS,@PHI,Sun  4:25pm ET,7,47.5,---,26,3%,1%,3,3,0.00,0.00,27.31
WR,PP,Denzel Boston,CLE,@JAC,Sun  1:00pm ET,11,40.5,56,15,3%,1%,5,3,0.00,0.00,73.78
TE,PP,Isaiah Likely,NYG,DAL,Sun  8:20pm ET,8,48.5,9,13,34%,13%,7,1,45.70,77.40,126.61
WR,PP,Calvin Ridley,TEN,NYJ,Sun  1:00pm ET,9,38.5,---,19,16%,1%,4,2,43.30,137.80,111.68
RB,PP,Emanuel Wilson,SEA,NE,Wed  8:20pm ET,11,44.5,---,2,59%,6%,10,1,117.10,73.50,77.91
RB,PP,MarShawn Lloyd,GB,@MIN,Sun  4:25pm ET,11,45.5,49,15,8%,1%,15,1,0.00,0.00,23.00
QB,PP,JJ McCarthy,MIN,GB,Sun  4:25pm ET,6,45.5,---,10,35%,6%,35,1,137.38,131.12,13.05
QB,PP,Jalen Milroe,SEA,NE,Wed  8:20pm ET,11,44.5,---,5,4%,1%,5,2,-1.60,-2.00,12.48
RB,PP,Jaydon Blue,DAL,@NYG,Sun  8:20pm ET,14,48.5,---,28,17%,3%,3,2,26.40,22.50,21.40
QB,RR,Baker Mayfield,TB,@CIN,Sun  1:00pm ET,10,52.5,21,27,93%,58%,9,1,298.92,329.12,291.73
RB,RR,Breece Hall,NYJ,@TEN,Sun  1:00pm ET,13,38.5,15,13,98%,66%,66,1,241.66,259.92,203.07
RB,RR,Christian McCaffrey,SF,@LAR,Thu  8:35pm ET,8,48.5,4,10,100%,94%,102,1,433.60,303.40,244.46
WR,RR,Davante Adams,LAR,SF,Thu  8:35pm ET,11,48.5,25,16,95%,39%,16,1,213.90,211.10,145.30
WR,RR,George Pickens,DAL,@NYG,Sun  8:20pm ET,14,48.5,9,23,99%,95%,23,1,271.90,205.50,198.00
TE,RR,Kyle Pitts,ATL,@PIT,Sun  1:00pm ET,11,41.5,7,26,95%,74%,2,1,173.80,133.10,134.00
RB,RR,Woody Marks,HOU,BUF,Sun  1:00pm ET,8,44.5,44,25,94%,38%,3,2,173.60,171.60,107.18
WR,RR,Michael Wilson,ARI,@LAC,Sun  4:25pm ET,14,46.5,40,3,93%,76%,2,1,193.60,138.00,117.67
QB,RR,Tyler Shough,NO,@DET,Sun  1:00pm ET,8,49.5,17,22,48%,21%,3,2,169.26,161.88,276.82
DST,RR,Patriots,NE,@SEA,Wed  8:20pm ET,11,44.5,7,5,86%,56%,1,1,150.00,115.00,126.40
QB,RR,Michael Penix,ATL,@PIT,Sun  1:00pm ET,11,41.5,---,24,15%,1%,5,1,125.48,77.86,40.23
RB,RR,Kaleb Johnson,PIT,ATL,Sun  1:00pm ET,9,41.5,---,16,13%,1%,15,2,10.00,5.30,12.50
WR,RR,Zachariah Branch,ATL,@PIT,Sun  1:00pm ET,11,41.5,---,26,2%,1%,5,3,0.00,0.00,58.67
WR,RR,Bryce Lance,NO,@DET,Sun  1:00pm ET,8,49.5,---,30,1%,1%,3,3,0.00,0.00,23.02
WR,RR,Jalen McMillan,TB,@CIN,Sun  1:00pm ET,10,52.5,---,9,10%,2%,3,1,25.90,70.70,89.63
TE,RR,Oronde Gadsden,LAC,ARI,Sun  4:25pm ET,7,46.5,21,31,62%,18%,2,1,110.40,109.10,84.10
TE,RR,Tyler Warren,IND,BAL,Sun  1:00pm ET,13,49.5,4,8,95%,59%,5,2,157.50,159.90,135.57
RB,RR,Michael Carter,TEN,NYJ,Sun  1:00pm ET,9,38.5,---,32,59%,28%,5,1,97.00,52.60,12.20
WR,RR,Tyreek Hill,MIA,@LV,Sun  4:25pm ET,6,40.5,---,20,17%,1%,1,1,49.50,193.20,0.00
QB,SBS,Jayden Daniels,WAS,@PHI,Sun  4:25pm ET,7,47.5,5,11,66%,15%,40,1,128.28,260.82,325.99
RB,SBS,Emmett Johnson,KC,DEN,Mon  8:15pm ET,5,42.5,---,3,3%,1%,3,3,0.00,0.00,22.41
RB,SBS,Jonathan Taylor,IND,BAL,Sun  1:00pm ET,13,49.5,3,17,100%,98%,116,1,415.30,293.40,290.17
WR,SBS,Christian Kirk,SF,@LAR,Thu  8:35pm ET,8,48.5,---,24,20%,4%,5,2,42.20,74.50,87.03
WR,SBS,Jaylin Noel,HOU,BUF,Sun  1:00pm ET,8,44.5,---,13,5%,1%,3,2,55.90,57.20,50.28
TE,SBS,Mason Taylor,NYJ,@TEN,Sun  1:00pm ET,13,38.5,---,21,17%,3%,3,2,67.90,65.20,70.01
TE,SBS,Colby Parkinson,LAR,SF,Thu  8:35pm ET,11,48.5,31,22,51%,27%,1,1,111.40,71.40,81.79
WR,SBS,Christian Watson,GB,@MIN,Sun  4:25pm ET,11,45.5,26,1,87%,34%,17,2,125.40,100.70,136.53
QB,SBS,Lamar Jackson,BAL,@IND,Sun  1:00pm ET,13,49.5,2,20,94%,54%,201,2,238.86,365.78,315.13
WR,SBS,Germie Bernard,PIT,ATL,Sun  1:00pm ET,9,41.5,---,22,3%,1%,5,3,0.00,0.00,68.68
WR,SBS,Omar Cooper,NYJ,@TEN,Sun  1:00pm ET,13,38.5,---,29,3%,1%,15,3,0.00,0.00,84.62
WR,SBS,Wan'Dale Robinson,TEN,NYJ,Sun  1:00pm ET,9,38.5,53,19,89%,48%,1,1,165.90,133.80,121.85
RB,SBS,TreVeyon Henderson,NE,@SEA,Wed  8:20pm ET,11,44.5,26,4,99%,59%,20,2,223.20,222.20,165.92
RB,SBS,Kyle Monangai,CHI,@CAR,Sun  1:00pm ET,10,45.5,36,23,88%,28%,1,1,175.70,174.50,131.71
WR,SBS,Alec Pierce,IND,BAL,Sun  1:00pm ET,13,49.5,34,25,79%,35%,1,1,177.30,138.80,164.77
RB,SBS,Dylan Sampson,CLE,@JAC,Sun  1:00pm ET,11,40.5,47,1,29%,7%,3,2,75.60,71.70,83.88
WR,SBS,Troy Franklin,DEN,@KC,Mon  8:15pm ET,10,42.5,---,6,77%,31%,3,1,146.50,101.90,93.56
QB,SBS,Philip Rivers,IND,BAL,Sun  1:00pm ET,13,49.5,---,21,8%,3%,4,1,31.76,29.52,0.00
WR,SBS,Deebo Samuel,SF,@LAR,Thu  8:35pm ET,8,48.5,48,24,88%,47%,51,1,152.60,166.70,111.35
