SznPlPos,PlPos,SznLgTrf,LgTrf,Season,TrfLg,TRUFFLE,Logo,Award,Div,Winner,Pos,Value,Image
2023_WhiteLakeWhales_,WhiteLakeWhales_,2023_TRUFFLE_WLW,TRUFFLE_WLW,2023,TRUFFLE,WLW,https://ik.imagekit.io/rmaxsm/Awards%20Logos/RFS.png?updatedAt=1741072371985,Champion,CH+,White Lake Whales,,11-3,
2023_EastLansingPuffins_,EastLansingPuffins_,2023_TRUFFLE_ELP,TRUFFLE_ELP,2023,TRUFFLE,ELP,https://ik.imagekit.io/rmaxsm/Awards%20Logos/BenchCup.png?updatedAt=1741072375029,Bench Cup Champion,MI,East Lansing Puffins,,8-6,
2023_FrankfurtRoadrunners_,FrankfurtRoadrunners_,2023_TRUFFLE_FRR,TRUFFLE_FRR,2023,TRUFFLE,FRR,https://ik.imagekit.io/rmaxsm/Awards%20Logos/2nd.png?updatedAt=1748805817095,2nd Place,GOB,Frankfurt Roadrunners,,12-2,
2023_CypressRidgeBlossoms_,CypressRidgeBlossoms_,2023_TRUFFLE_CRB,TRUFFLE_CRB,2023,TRUFFLE,CRB,https://ik.imagekit.io/rmaxsm/Awards%20Logos/3rd.png?updatedAt=1748805842541,3rd Place,OT,Cypress Ridge Blossoms,,9-5,
2023_FrankfurtRoadrunners_,FrankfurtRoadrunners_,2023_TRUFFLE_FRR,TRUFFLE_FRR,2023,TRUFFLE,FRR,https://ik.imagekit.io/rmaxsm/tD%20Logos/HighScore.png?updatedAt=1741568471038,Regular Season 1 Seed,GOB,Frankfurt Roadrunners,,12-2,
2024_FrankfurtRoadrunners_,FrankfurtRoadrunners_,2024_TRUFFLE_FRR,TRUFFLE_FRR,2024,TRUFFLE,FRR,https://ik.imagekit.io/rmaxsm/Awards%20Logos/DivWinner.png?updatedAt=1748807205782,Division Winner,GOB,Frankfurt Roadrunners,,12-2,
2025_WhiteLakeWhales_,WhiteLakeWhales_,2025_TRUFFLE_WLW,TRUFFLE_WLW,2025,TRUFFLE,WLW,https://ik.imagekit.io/rmaxsm/Awards%20Logos/DivWinner.png?updatedAt=1748807205782,Division Winner,CH+,White Lake Whales,,11-3,
2026_EastLansingPuffins_,EastLansingPuffins_,2026_TRUFFLE_ELP,TRUFFLE_ELP,2026,TRUFFLE,ELP,https://ik.imagekit.io/rmaxsm/Awards%20Logos/DivWinner.png?updatedAt=1748807205782,Division Winner,MI,East Lansing Puffins,,8-6,
2027_McLeanMarauders_,McLeanMarauders_,2027_TRUFFLE_MCM,TRUFFLE_MCM,2027,TRUFFLE,MCM,https://ik.imagekit.io/rmaxsm/Awards%20Logos/DivWinner.png?updatedAt=1748807205782,Division Winner,OT,McLean Marauders,,10-4,
2023_MadisonMuskellunge_,MadisonMuskellunge_,2023_TRUFFLE_MAM,TRUFFLE_MAM,2023,TRUFFLE,MAM,https://ik.imagekit.io/rmaxsm/tD%20Logos/AvgScore.png?updatedAt=1741568470956,Consolation Winner,,Madison Muskellunge,,7-7,
2023_TylerFuelling_,TylerFuelling_,2023_TRUFFLE_WLW,TRUFFLE_WLW,2023,TRUFFLE,WLW,https://ik.imagekit.io/rmaxsm/Awards%20Logos/Exec.png?updatedAt=1741072377136,Executive of the Year,,Tyler Fuelling,,,
2023_ChristianMcCaffrey_RB,ChristianMcCaffrey_RB,2023_TRUFFLE_FRR,TRUFFLE_FRR,2023,TRUFFLE,FRR,https://ik.imagekit.io/rmaxsm/Awards%20Logos/MVP.png?updatedAt=1741072374050,Most Valuable Player,,Christian McCaffrey,RB,,https://ik.imagekit.io/rmaxsm/Awards%20Logos/Players/cmccaffrey.png?updatedAt=1741074420295
2023_PukaNacua_WR,PukaNacua_WR,2023_TRUFFLE_MCM,TRUFFLE_MCM,2023,TRUFFLE,MCM,https://ik.imagekit.io/rmaxsm/Awards%20Logos/ROY.png?updatedAt=1741072373025,Rookie of the Year,,Puka Nacua,WR,,https://ik.imagekit.io/rmaxsm/Awards%20Logos/Players/pnacua.png?updatedAt=1741074429830
2023_LamarJackson_QB,LamarJackson_QB,2023_TRUFFLE_WLW,TRUFFLE_WLW,2023,TRUFFLE,WLW,https://ik.imagekit.io/rmaxsm/Awards%20Logos/PlayoffsMVP.png?updatedAt=1741072373565,Playoff MVP,,Lamar Jackson,QB,,https://ik.imagekit.io/rmaxsm/Awards%20Logos/Players/ljackson.png?updatedAt=1741074427247
2023_JaydenReed_WR,JaydenReed_WR,2023_TRUFFLE_ELP,TRUFFLE_ELP,2023,TRUFFLE,ELP,https://ik.imagekit.io/rmaxsm/Awards%20Logos/BenchCupMVP.png?updatedAt=1741072377903,Bench Cup MVP,,Jayden Reed,WR,,https://ik.imagekit.io/rmaxsm/Awards%20Logos/Players/jreed.png?updatedAt=1741074425388
2023_AaronRodgers_QB,AaronRodgers_QB,2023_TRUFFLE_CC,TRUFFLE_CC,2023,TRUFFLE,CC,https://ik.imagekit.io/rmaxsm/Awards%20Logos/LVP.png?updatedAt=1741072378261,Least Valuable Player,,Aaron Rodgers,QB,$130,https://ik.imagekit.io/rmaxsm/Awards%20Logos/Players/arodgers.png?updatedAt=1741074420942
2023_KyrenWilliams_RB,KyrenWilliams_RB,2023_TRUFFLE_WLW,TRUFFLE_WLW,2023,TRUFFLE,WLW,https://ik.imagekit.io/rmaxsm/Awards%20Logos/Waiver.png?updatedAt=1741072372597,Waiver Wire Pickup,,Kyren Williams,RB,$18,https://ik.imagekit.io/rmaxsm/Awards%20Logos/Players/kwilliams.png?updatedAt=1741074427105
2023_PukaNacua_WR,PukaNacua_WR,2023_TRUFFLE_MCM,TRUFFLE_MCM,2023,TRUFFLE,MCM,https://ik.imagekit.io/rmaxsm/Awards%20Logos/FreeAgent.png?updatedAt=1748807451747,Best Free Agent Auction Signing,,Puka Nacua,WR,$1,https://ik.imagekit.io/rmaxsm/Awards%20Logos/Players/pnacua.png?updatedAt=1741074429830
2023_JoshAllen_QB,JoshAllen_QB,2023_TRUFFLE_MCM,TRUFFLE_MCM,2023,TRUFFLE,MCM,,1stTm,,Josh Allen,QB,QB,
2023_ChristianMcCaffrey_RB,ChristianMcCaffrey_RB,2023_TRUFFLE_FRR,TRUFFLE_FRR,2023,TRUFFLE,FRR,,1stTm,,Christian McCaffrey,RB,RB*,
2023_KyrenWilliams_RB,KyrenWilliams_RB,2023_TRUFFLE_WLW,TRUFFLE_WLW,2023,TRUFFLE,WLW,,1stTm,,Kyren Williams,RB,RB,
2023_CeeDeeLamb_WR,CeeDeeLamb_WR,2023_TRUFFLE_WLW,TRUFFLE_WLW,2023,TRUFFLE,WLW,,1stTm,,CeeDee Lamb,WR,WR,
2023_TyreekHill_WR,TyreekHill_WR,2023_TRUFFLE_ELP,TRUFFLE_ELP,2023,TRUFFLE,ELP,,1stTm,,Tyreek Hill,WR,WR,
2023_Amon-RaStBrown_WR,Amon-RaStBrown_WR,2023_TRUFFLE_CC,TRUFFLE_CC,2023,TRUFFLE,CC,,1stTm,,Amon-Ra St Brown,WR,WR,
2023_SamLaPorta_TE,SamLaPorta_TE,2023_TRUFFLE_WLW,TRUFFLE_WLW,2023,TRUFFLE,WLW,,1stTm,,Sam LaPorta,TE,TE,
2023_PukaNacua_WR,PukaNacua_WR,2023_TRUFFLE_MCM,TRUFFLE_MCM,2023,TRUFFLE,MCM,,1stTm,,Puka Nacua,WR,FL,
2023_LamarJackson_QB,LamarJackson_QB,2023_TRUFFLE_WLW,TRUFFLE_WLW,2023,TRUFFLE,WLW,,1stTm,,Lamar Jackson,QB,SF,
2023_JalenHurts_QB,JalenHurts_QB,2023_TRUFFLE_CRB,TRUFFLE_CRB,2023,TRUFFLE,CRB,,2ndTm,,Jalen Hurts,QB,QB,
2023_RaheemMostert_RB,RaheemMostert_RB,2023_TRUFFLE_WLW,TRUFFLE_WLW,2023,TRUFFLE,WLW,,2ndTm,,Raheem Mostert,RB,RB,
2023_DerrickHenry_RB,DerrickHenry_RB,2023_TRUFFLE_NN,TRUFFLE_NN,2023,TRUFFLE,NN,,2ndTm,,Derrick Henry,RB,RB,
2023_AJBrown_WR,AJBrown_WR,2023_TRUFFLE_AFL,TRUFFLE_AFL,2023,TRUFFLE,AFL,,2ndTm,,AJ Brown,WR,WR,
2023_MikeEvans_WR,MikeEvans_WR,2023_TRUFFLE_WLW,TRUFFLE_WLW,2023,TRUFFLE,WLW,,2ndTm,,Mike Evans,WR,WR,
2023_KeenanAllen_WR,KeenanAllen_WR,2023_TRUFFLE_ELP,TRUFFLE_ELP,2023,TRUFFLE,ELP,,2ndTm,,Keenan Allen,WR,WR,
2023_TravisKelce_TE,TravisKelce_TE,2023_TRUFFLE_FRR,TRUFFLE_FRR,2023,TRUFFLE,FRR,,2ndTm,,Travis Kelce,TE,TE,
2023_TravisEtienne_RB,TravisEtienne_RB,2023_TRUFFLE_MCM,TRUFFLE_MCM,2023,TRUFFLE,MCM,,2ndTm,,Travis Etienne,RB,FL,
2023_DakPrescott_QB,DakPrescott_QB,2023_TRUFFLE_ELP,TRUFFLE_ELP,2023,TRUFFLE,ELP,,2ndTm,,Dak Prescott,QB,SF,
2022_EastLansingPuffins_,EastLansingPuffins_,2022_TRUFFLE_ELP,TRUFFLE_ELP,2022,TRUFFLE,ELP,https://ik.imagekit.io/rmaxsm/Awards%20Logos/RFS.png?updatedAt=1741072371985,Champion,MI,East Lansing Puffins,,11-3,
2022_McLeanMarauders_,McLeanMarauders_,2022_TRUFFLE_MCM,TRUFFLE_MCM,2022,TRUFFLE,MCM,https://ik.imagekit.io/rmaxsm/Awards%20Logos/BenchCup.png?updatedAt=1741072375029,Bench Cup Champion,OT,McLean Marauders,,9-5,
2022_FrankfurtRoadrunners_,FrankfurtRoadrunners_,2022_TRUFFLE_FRR,TRUFFLE_FRR,2022,TRUFFLE,FRR,https://ik.imagekit.io/rmaxsm/Awards%20Logos/2nd.png?updatedAt=1748805817095,2nd Place,GOB,Frankfurt Roadrunners,,10-4,
2022_MadisonMuskellunge_,MadisonMuskellunge_,2022_TRUFFLE_MAM,TRUFFLE_MAM,2022,TRUFFLE,MAM,https://ik.imagekit.io/rmaxsm/Awards%20Logos/3rd.png?updatedAt=1748805842541,3rd Place,MI,Madison Muskellunge,,11-3,
2022_EastLansingPuffins_,EastLansingPuffins_,2022_TRUFFLE_ELP,TRUFFLE_ELP,2022,TRUFFLE,ELP,https://ik.imagekit.io/rmaxsm/tD%20Logos/HighScore.png?updatedAt=1741568471038,Regular Season 1 Seed,MI,East Lansing Puffins,,11-3,
2022_FrankfurtRoadrunners_GOB,FrankfurtRoadrunners_GOB,2022_TRUFFLE_FRR,TRUFFLE_FRR,2022,TRUFFLE,FRR,https://ik.imagekit.io/rmaxsm/Awards%20Logos/DivWinner.png?updatedAt=1748807205782,Division Winner,GOB,Frankfurt Roadrunners,,10-4,
2022_NaplesNordiques_CH+,NaplesNordiques_CH+,2022_TRUFFLE_NN,TRUFFLE_NN,2022,TRUFFLE,NN,https://ik.imagekit.io/rmaxsm/Awards%20Logos/DivWinner.png?updatedAt=1748807205782,Division Winner,CH+,Naples Nordiques,,9-5,
2022_EastLansingPuffins_MI,EastLansingPuffins_MI,2022_TRUFFLE_ELP,TRUFFLE_ELP,2022,TRUFFLE,ELP,https://ik.imagekit.io/rmaxsm/Awards%20Logos/DivWinner.png?updatedAt=1748807205782,Division Winner,MI,East Lansing Puffins,,11-3,
2022_McLeanMarauders_OT,McLeanMarauders_OT,2022_TRUFFLE_MCM,TRUFFLE_MCM,2022,TRUFFLE,MCM,https://ik.imagekit.io/rmaxsm/Awards%20Logos/DivWinner.png?updatedAt=1748807205782,Division Winner,OT,McLean Marauders,,9-5,
2022_VirginiaDragons_,VirginiaDragons_,2022_TRUFFLE_VD,TRUFFLE_VD,2022,TRUFFLE,VD,https://ik.imagekit.io/rmaxsm/tD%20Logos/AvgScore.png?updatedAt=1741568470956,Consolation Winner,GOB,Virginia Dragons,,4-10,
2022_AndreasFrame&EricSmith_,AndreasFrame&EricSmith_,2022_TRUFFLE_ELP,TRUFFLE_ELP,2022,TRUFFLE,ELP,https://ik.imagekit.io/rmaxsm/Awards%20Logos/Exec.png?updatedAt=1741072377136,Executive of the Year,,Andreas Frame & Eric Smith,,,
2022_JalenHurts_QB,JalenHurts_QB,2022_TRUFFLE_CRB,TRUFFLE_CRB,2022,TRUFFLE,CRB,https://ik.imagekit.io/rmaxsm/Awards%20Logos/MVP.png?updatedAt=1741072374050,Most Valuable Player,,Jalen Hurts,QB,,https://ik.imagekit.io/rmaxsm/Awards%20Logos/Players/jhurts.png?updatedAt=1741074424026
2022_KennethWalker_RB,KennethWalker_RB,2022_TRUFFLE_ELP,TRUFFLE_ELP,2022,TRUFFLE,ELP,https://ik.imagekit.io/rmaxsm/Awards%20Logos/ROY.png?updatedAt=1741072373025,Rookie of the Year,,Kenneth Walker,RB,,https://ik.imagekit.io/rmaxsm/Awards%20Logos/Players/kwalker.png?updatedAt=1741074426613
2022_DanielJones_QB,DanielJones_QB,2022_TRUFFLE_ELP,TRUFFLE_ELP,2022,TRUFFLE,ELP,https://ik.imagekit.io/rmaxsm/Awards%20Logos/PlayoffsMVP.png?updatedAt=1741072373565,Playoff MVP,,Daniel Jones,QB,,https://ik.imagekit.io/rmaxsm/Awards%20Logos/Players/djones.png?updatedAt=1741074422419
2022_AustinEkeler_RB,AustinEkeler_RB,2022_TRUFFLE_MCM,TRUFFLE_MCM,2022,TRUFFLE,MCM,https://ik.imagekit.io/rmaxsm/Awards%20Logos/BenchCupMVP.png?updatedAt=1741072377903,Bench Cup MVP,,Austin Ekeler,RB,,https://ik.imagekit.io/rmaxsm/Awards%20Logos/Players/aekeler.png?updatedAt=1741074420274
2022_MatthewStafford_QB,MatthewStafford_QB,2022_TRUFFLE_FRR,TRUFFLE_FRR,2022,TRUFFLE,FRR,https://ik.imagekit.io/rmaxsm/Awards%20Logos/LVP.png?updatedAt=1741072378261,Least Valuable Player,,Matthew Stafford,QB,$93,https://ik.imagekit.io/rmaxsm/Awards%20Logos/Players/mstafford.png?updatedAt=1741074428776
2022_GenoSmith_QB,GenoSmith_QB,2022_TRUFFLE_MWM,TRUFFLE_MWM,2022,TRUFFLE,MWM,https://ik.imagekit.io/rmaxsm/Awards%20Logos/Waiver.png?updatedAt=1741072372597,Waiver Wire Pickup,,Geno Smith,QB,$25,https://ik.imagekit.io/rmaxsm/Awards%20Logos/Players/gsmith.png?updatedAt=1741074423670
2022_JoshJacobs_RB,JoshJacobs_RB,2022_TRUFFLE_NN,TRUFFLE_NN,2022,TRUFFLE,NN,https://ik.imagekit.io/rmaxsm/Awards%20Logos/FreeAgent.png?updatedAt=1748807451747,Best Free Agent Auction Signing,,Josh Jacobs,RB,$59,https://ik.imagekit.io/rmaxsm/Awards%20Logos/Players/jjacobs.png?updatedAt=1741074423791
2022_JalenHurts_QB,JalenHurts_QB,2022_TRUFFLE_CRB,TRUFFLE_CRB,2022,TRUFFLE,CRB,,1stTm,,Jalen Hurts,QB,QB,
2022_JoshJacobs_RB,JoshJacobs_RB,2022_TRUFFLE_NN,TRUFFLE_NN,2022,TRUFFLE,NN,,1stTm,,Josh Jacobs,RB,RB*,
2022_ChristianMcCaffrey_RB,ChristianMcCaffrey_RB,2022_TRUFFLE_FRR,TRUFFLE_FRR,2022,TRUFFLE,FRR,,1stTm,,Christian McCaffrey,RB,RB,
2022_JustinJefferson_WR,JustinJefferson_WR,2022_TRUFFLE_NN,TRUFFLE_NN,2022,TRUFFLE,NN,,1stTm,,Justin Jefferson,WR,WR*,
2022_TyreekHill_WR,TyreekHill_WR,2022_TRUFFLE_ELP,TRUFFLE_ELP,2022,TRUFFLE,ELP,,1stTm,,Tyreek Hill,WR,WR,
2022_DavanteAdams_WR,DavanteAdams_WR,2022_TRUFFLE_MCM,TRUFFLE_MCM,2022,TRUFFLE,MCM,,1stTm,,Davante Adams,WR,WR,
2022_TravisKelce_TE,TravisKelce_TE,2022_TRUFFLE_FRR,TRUFFLE_FRR,2022,TRUFFLE,FRR,,1stTm,,Travis Kelce,TE,TE*,
2022_StefonDiggs_WR,StefonDiggs_WR,2022_TRUFFLE_MCM,TRUFFLE_MCM,2022,TRUFFLE,MCM,,1stTm,,Stefon Diggs,WR,FL,
2022_PatrickMahomes_QB,PatrickMahomes_QB,2022_TRUFFLE_FRR,TRUFFLE_FRR,2022,TRUFFLE,FRR,,1stTm,,Patrick Mahomes,QB,SF,
2022_JoshAllen_QB,JoshAllen_QB,2022_TRUFFLE_CC,TRUFFLE_CC,2022,TRUFFLE,CC,,2ndTm,,Josh Allen,QB,QB,
2022_AustinEkeler_RB,AustinEkeler_RB,2022_TRUFFLE_MCM,TRUFFLE_MCM,2022,TRUFFLE,MCM,,2ndTm,,Austin Ekeler,RB,RB,
2022_DerrickHenry_RB,DerrickHenry_RB,2022_TRUFFLE_ELP,TRUFFLE_ELP,2022,TRUFFLE,ELP,,2ndTm,,Derrick Henry,RB,RB,
2022_AJBrown_WR,AJBrown_WR,2022_TRUFFLE_AFL,TRUFFLE_AFL,2022,TRUFFLE,AFL,,2ndTm,,AJ Brown,WR,WR,
2022_Amon-RaStBrown_WR,Amon-RaStBrown_WR,2022_TRUFFLE_CRB,TRUFFLE_CRB,2022,TRUFFLE,CRB,,2ndTm,,Amon-Ra St Brown,WR,WR,
2022_CeeDeeLamb_WR,CeeDeeLamb_WR,2022_TRUFFLE_WLW,TRUFFLE_WLW,2022,TRUFFLE,WLW,,2ndTm,,CeeDee Lamb,WR,WR,
2022_GeorgeKittle_TE,GeorgeKittle_TE,2022_TRUFFLE_MAM,TRUFFLE_MAM,2022,TRUFFLE,MAM,,2ndTm,,George Kittle,TE,TE,
2022_JaylenWaddle_WR,JaylenWaddle_WR,2022_TRUFFLE_FRR,TRUFFLE_FRR,2022,TRUFFLE,FRR,,2ndTm,,Jaylen Waddle,WR,FL,
2022_JustinFields_QB,JustinFields_QB,2022_TRUFFLE_MAM,TRUFFLE_MAM,2022,TRUFFLE,MAM,,2ndTm,,Justin Fields,QB,SF,
2021_WhiteLakeWhales_,WhiteLakeWhales_,2021_TRUFFLE_WLW,TRUFFLE_WLW,2021,TRUFFLE,WLW,https://ik.imagekit.io/rmaxsm/Awards%20Logos/RFS.png?updatedAt=1741072371985,Champion,CH+,White Lake Whales,,9-5,
2021_FrankfurtRoadrunners_,FrankfurtRoadrunners_,2021_TRUFFLE_FRR,TRUFFLE_FRR,2021,TRUFFLE,FRR,https://ik.imagekit.io/rmaxsm/Awards%20Logos/BenchCup.png?updatedAt=1741072375029,Bench Cup Champion,GOB,Frankfurt Roadrunners,,4-10,
2021_VirginiaDragons_,VirginiaDragons_,2021_TRUFFLE_VD,TRUFFLE_VD,2021,TRUFFLE,VD,https://ik.imagekit.io/rmaxsm/Awards%20Logos/2nd.png?updatedAt=1748805817095,2nd Place,MI,Virginia Dragons,,9-5,
2021_MidwayMonsters_,MidwayMonsters_,2021_TRUFFLE_MWM,TRUFFLE_MWM,2021,TRUFFLE,MWM,https://ik.imagekit.io/rmaxsm/Awards%20Logos/3rd.png?updatedAt=1748805842541,3rd Place,OT,Midway Monsters,,13-1,
2021_MidwayMonsters_,MidwayMonsters_,2021_TRUFFLE_MWM,TRUFFLE_MWM,2021,TRUFFLE,MWM,https://ik.imagekit.io/rmaxsm/tD%20Logos/HighScore.png?updatedAt=1741568471038,Regular Season 1 Seed,OT,Midway Monsters,,13-1,
2021_VirginiaDragons_,VirginiaDragons_,2021_TRUFFLE_VD,TRUFFLE_VD,2021,TRUFFLE,VD,https://ik.imagekit.io/rmaxsm/Awards%20Logos/DivWinner.png?updatedAt=1748807205782,Division Winner,GOB,Virginia Dragons,,9-5,
2021_WhiteLakeWhales_,WhiteLakeWhales_,2021_TRUFFLE_WLW,TRUFFLE_WLW,2021,TRUFFLE,WLW,https://ik.imagekit.io/rmaxsm/Awards%20Logos/DivWinner.png?updatedAt=1748807205782,Division Winner,CH+,White Lake Whales,,9-5,
2021_ClarkstonChuckers_,ClarkstonChuckers_,2021_TRUFFLE_CC,TRUFFLE_CC,2021,TRUFFLE,CC,https://ik.imagekit.io/rmaxsm/Awards%20Logos/DivWinner.png?updatedAt=1748807205782,Division Winner,MI,Clarkston Chuckers,,10-4,
2021_MidwayMonsters_,MidwayMonsters_,2021_TRUFFLE_MWM,TRUFFLE_MWM,2021,TRUFFLE,MWM,https://ik.imagekit.io/rmaxsm/Awards%20Logos/DivWinner.png?updatedAt=1748807205782,Division Winner,OT,Midway Monsters,,13-1,
2021_EastLansingPuffins_,EastLansingPuffins_,2021_TRUFFLE_ELP,TRUFFLE_ELP,2021,TRUFFLE,ELP,https://ik.imagekit.io/rmaxsm/tD%20Logos/AvgScore.png?updatedAt=1741568470956,Consolation Winner,,East Lansing Puffins,,2-12,
2021_TylerFuelling_,TylerFuelling_,2021_TRUFFLE_WLW,TRUFFLE_WLW,2021,TRUFFLE,WLW,https://ik.imagekit.io/rmaxsm/Awards%20Logos/Exec.png?updatedAt=1741072377136,Executive of the Year,,Tyler Fuelling,,,
2021_JonathanTaylor_RB,JonathanTaylor_RB,2021_TRUFFLE_CC,TRUFFLE_CC,2021,TRUFFLE,CC,https://ik.imagekit.io/rmaxsm/Awards%20Logos/MVP.png?updatedAt=1741072374050,Most Valuable Player,,Jonathan Taylor,RB,,https://ik.imagekit.io/rmaxsm/Awards%20Logos/Players/jtaylor.png?updatedAt=1741074426687
2021_Ja'MarrChase_WR,Ja'MarrChase_WR,2021_TRUFFLE_FRR,TRUFFLE_FRR,2021,TRUFFLE,FRR,https://ik.imagekit.io/rmaxsm/Awards%20Logos/ROY.png?updatedAt=1741072373025,Rookie of the Year,,Ja'Marr Chase,WR,,https://ik.imagekit.io/rmaxsm/Awards%20Logos/Players/jchase.png?updatedAt=1741074423673
2021_NajeeHarris_RB,NajeeHarris_RB,2021_TRUFFLE_WLW,TRUFFLE_WLW,2021,TRUFFLE,WLW,https://ik.imagekit.io/rmaxsm/Awards%20Logos/PlayoffsMVP.png?updatedAt=1741072373565,Playoff MVP,,Najee Harris,RB,,https://ik.imagekit.io/rmaxsm/Awards%20Logos/Players/nharris.png?updatedAt=1741074428634
2021_RashaadPenny_RB,RashaadPenny_RB,2021_TRUFFLE_FRR,TRUFFLE_FRR,2021,TRUFFLE,FRR,https://ik.imagekit.io/rmaxsm/Awards%20Logos/BenchCupMVP.png?updatedAt=1741072377903,Bench Cup MVP,,Rashaad Penny,RB,,https://ik.imagekit.io/rmaxsm/Awards%20Logos/Players/rpenny.png?updatedAt=1741074429837
2021_SaquonBarkley_RB,SaquonBarkley_RB,2021_TRUFFLE_ELP,TRUFFLE_ELP,2021,TRUFFLE,ELP,https://ik.imagekit.io/rmaxsm/Awards%20Logos/LVP.png?updatedAt=1741072378261,Least Valuable Player,,Saquon Barkley,RB,$97,https://ik.imagekit.io/rmaxsm/Awards%20Logos/Players/sbarkley.png?updatedAt=1741074430243
2021_CordarellePatterson_RB,CordarellePatterson_RB,2021_TRUFFLE_MCM,TRUFFLE_MCM,2021,TRUFFLE,MCM,https://ik.imagekit.io/rmaxsm/Awards%20Logos/Waiver.png?updatedAt=1741072372597,Waiver Wire Pickup,,Cordarelle Patterson,RB,$15,https://ik.imagekit.io/rmaxsm/Awards%20Logos/Players/cpatterson.png?updatedAt=1741074420923
2021_DeeboSamuel_WR,DeeboSamuel_WR,2021_TRUFFLE_ELP,TRUFFLE_ELP,2021,TRUFFLE,ELP,https://ik.imagekit.io/rmaxsm/Awards%20Logos/FreeAgent.png?updatedAt=1748807451747,Best Free Agent Auction Signing,,Deebo Samuel,WR,$36,https://ik.imagekit.io/rmaxsm/Awards%20Logos/Players/dsamuel.png?updatedAt=1741074423545
2021_JoshAllen_QB,JoshAllen_QB,2021_TRUFFLE_CC,TRUFFLE_CC,2021,TRUFFLE,CC,,1stTm,,Josh Allen,QB,QB,
2021_JonathanTaylor_RB,JonathanTaylor_RB,2021_TRUFFLE_CC,TRUFFLE_CC,2021,TRUFFLE,CC,,1stTm,,Jonathan Taylor,RB,RB,
2021_AustinEkeler_RB,AustinEkeler_RB,2021_TRUFFLE_VD,TRUFFLE_VD,2021,TRUFFLE,VD,,1stTm,,Austin Ekeler,RB,RB,
2021_CooperKupp_WR,CooperKupp_WR,2021_TRUFFLE_MWM,TRUFFLE_MWM,2021,TRUFFLE,MWM,,1stTm,,Cooper Kupp,WR,WR*,
2021_DavanteAdams_WR,DavanteAdams_WR,2021_TRUFFLE_VD,TRUFFLE_VD,2021,TRUFFLE,VD,,1stTm,,Davante Adams,WR,WR,
2021_DeeboSamuel_WR,DeeboSamuel_WR,2021_TRUFFLE_ELP,TRUFFLE_ELP,2021,TRUFFLE,ELP,,1stTm,,Deebo Samuel,WR,WR,
2021_MarkAndrews_TE,MarkAndrews_TE,2021_TRUFFLE_ELP,TRUFFLE_ELP,2021,TRUFFLE,ELP,,1stTm,,Mark Andrews,TE,TE,
2021_NajeeHarris_RB,NajeeHarris_RB,2021_TRUFFLE_WLW,TRUFFLE_WLW,2021,TRUFFLE,WLW,,1stTm,,Najee Harris,RB,FL,
2021_JustinHerbert_QB,JustinHerbert_QB,2021_TRUFFLE_MCM,TRUFFLE_MCM,2021,TRUFFLE,MCM,,1stTm,,Justin Herbert,QB,SF,
2021_AaronRodgers_QB,AaronRodgers_QB,2021_TRUFFLE_ELP,TRUFFLE_ELP,2021,TRUFFLE,ELP,,2ndTm,,Aaron Rodgers,QB,QB,
2021_JoeMixon_RB,JoeMixon_RB,2021_TRUFFLE_AFL,TRUFFLE_AFL,2021,TRUFFLE,AFL,,2ndTm,,Joe Mixon,RB,RB,
2021_LeonardFournette_RB,LeonardFournette_RB,2021_TRUFFLE_ELP,TRUFFLE_ELP,2021,TRUFFLE,ELP,,2ndTm,,Leonard Fournette,RB,RB,
2021_Ja'MarrChase_WR,Ja'MarrChase_WR,2021_TRUFFLE_FRR,TRUFFLE_FRR,2021,TRUFFLE,FRR,,2ndTm,,Ja'Marr Chase,WR,WR,
2021_JustinJefferson_WR,JustinJefferson_WR,2021_TRUFFLE_NN,TRUFFLE_NN,2021,TRUFFLE,NN,,2ndTm,,Justin Jefferson,WR,WR,
2021_TyreekHill_WR,TyreekHill_WR,2021_TRUFFLE_ELP,TRUFFLE_ELP,2021,TRUFFLE,ELP,,2ndTm,,Tyreek Hill,WR,WR,
2021_TravisKelce_TE,TravisKelce_TE,2021_TRUFFLE_CRB,TRUFFLE_CRB,2021,TRUFFLE,CRB,,2ndTm,,Travis Kelce,TE,TE,
2021_CordarellePatterson_RB,CordarellePatterson_RB,2021_TRUFFLE_MCM,TRUFFLE_MCM,2021,TRUFFLE,MCM,,2ndTm,,Cordarelle Patterson,RB,FL,
2021_TomBrady_QB,TomBrady_QB,2021_TRUFFLE_MWM,TRUFFLE_MWM,2021,TRUFFLE,MWM,,2ndTm,,Tom Brady,QB,SF,
2020_ClarkstonChuckers_,ClarkstonChuckers_,2020_TRUFFLE_CC,TRUFFLE_CC,2020,TRUFFLE,CC,https://ik.imagekit.io/rmaxsm/Awards%20Logos/RFS.png?updatedAt=1741072371985,Champion,MI,Clarkston Chuckers,,8-5,
2020_GrandvilleFlamingos_,GrandvilleFlamingos_,2020_TRUFFLE_GF,TRUFFLE_GF,2020,TRUFFLE,GF,https://ik.imagekit.io/rmaxsm/Awards%20Logos/BenchCup.png?updatedAt=1741072375029,Bench Cup Champion,CH+,Grandville Flamingos,,7-6,
2020_MidwayMonsters_,MidwayMonsters_,2020_TRUFFLE_MWM,TRUFFLE_MWM,2020,TRUFFLE,MWM,https://ik.imagekit.io/rmaxsm/Awards%20Logos/2nd.png?updatedAt=1748805817095,2nd Place,OT,Midway Monsters,,11-2,
2020_FrankfurtRoadrunners_,FrankfurtRoadrunners_,2020_TRUFFLE_FRR,TRUFFLE_FRR,2020,TRUFFLE,FRR,https://ik.imagekit.io/rmaxsm/Awards%20Logos/3rd.png?updatedAt=1748805842541,3rd Place,GOB,Frankfurt Roadrunners,,9-4,
2020_MidwayMonsters_,MidwayMonsters_,2020_TRUFFLE_MWM,TRUFFLE_MWM,2020,TRUFFLE,MWM,https://ik.imagekit.io/rmaxsm/tD%20Logos/HighScore.png?updatedAt=1741568471038,Regular Season 1 Seed,OT,Midway Monsters,,11-2,
2020_FrankfurtRoadrunners_,FrankfurtRoadrunners_,2020_TRUFFLE_FRR,TRUFFLE_FRR,2020,TRUFFLE,FRR,https://ik.imagekit.io/rmaxsm/Awards%20Logos/DivWinner.png?updatedAt=1748807205782,Division Winner,GOB,Frankfurt Roadrunners,,9-4,
2020_GrandvilleFlamingos_,GrandvilleFlamingos_,2020_TRUFFLE_GF,TRUFFLE_GF,2020,TRUFFLE,GF,https://ik.imagekit.io/rmaxsm/Awards%20Logos/DivWinner.png?updatedAt=1748807205782,Division Winner,CH+,Grandville Flamingos,,7-6,
2020_ClarkstonChuckers_,ClarkstonChuckers_,2020_TRUFFLE_CC,TRUFFLE_CC,2020,TRUFFLE,CC,https://ik.imagekit.io/rmaxsm/Awards%20Logos/DivWinner.png?updatedAt=1748807205782,Division Winner,MI,Clarkston Chuckers,,8-5,
2020_MidwayMonsters_,MidwayMonsters_,2020_TRUFFLE_MWM,TRUFFLE_MWM,2020,TRUFFLE,MWM,https://ik.imagekit.io/rmaxsm/Awards%20Logos/DivWinner.png?updatedAt=1748807205782,Division Winner,OT,Midway Monsters,,11-2,
2020_NaplesNordiques_,NaplesNordiques_,2020_TRUFFLE_NN,TRUFFLE_NN,2020,TRUFFLE,NN,https://ik.imagekit.io/rmaxsm/tD%20Logos/AvgScore.png?updatedAt=1741568470956,Consolation Winner,,Naples Nordiques,,7-6,
2020_MikeBaker_,MikeBaker_,2020_TRUFFLE_CC,TRUFFLE_CC,2020,TRUFFLE,CC,https://ik.imagekit.io/rmaxsm/Awards%20Logos/Exec.png?updatedAt=1741072377136,Executive of the Year,,Mike Baker,,,
2020_DalvinCook_RB,DalvinCook_RB,2020_TRUFFLE_MWM,TRUFFLE_MWM,2020,TRUFFLE,MWM,https://ik.imagekit.io/rmaxsm/Awards%20Logos/MVP.png?updatedAt=1741072374050,Most Valuable Player,,Dalvin Cook,RB,,https://ik.imagekit.io/rmaxsm/Awards%20Logos/Players/dcook.png?updatedAt=1741074420739
2020_JustinJefferson_WR,JustinJefferson_WR,2020_TRUFFLE_NN,TRUFFLE_NN,2020,TRUFFLE,NN,https://ik.imagekit.io/rmaxsm/Awards%20Logos/ROY.png?updatedAt=1741072373025,Rookie of the Year,,Justin Jefferson,WR,,https://ik.imagekit.io/rmaxsm/Awards%20Logos/Players/jjefferson.png?updatedAt=1741074425069
2020_AlvinKamara_RB,AlvinKamara_RB,2020_TRUFFLE_CC,TRUFFLE_CC,2020,TRUFFLE,CC,https://ik.imagekit.io/rmaxsm/Awards%20Logos/PlayoffsMVP.png?updatedAt=1741072373565,Playoff MVP,,Alvin Kamara,RB,,https://ik.imagekit.io/rmaxsm/Awards%20Logos/Players/akamara.png?updatedAt=1741074420936
2020_JalenHurts_QB,JalenHurts_QB,2020_TRUFFLE_MCM,TRUFFLE_MCM,2020,TRUFFLE,MCM,https://ik.imagekit.io/rmaxsm/Awards%20Logos/BenchCupMVP.png?updatedAt=1741072377903,Bench Cup MVP,,Jalen Hurts,QB,,https://ik.imagekit.io/rmaxsm/Awards%20Logos/Players/jhurts.png?updatedAt=1741074424026
2020_Le'VeonBell_RB,Le'VeonBell_RB,2020_TRUFFLE_ELP,TRUFFLE_ELP,2020,TRUFFLE,ELP,https://ik.imagekit.io/rmaxsm/Awards%20Logos/LVP.png?updatedAt=1741072378261,Least Valuable Player,,Le'Veon Bell,RB,$48,https://ik.imagekit.io/rmaxsm/Awards%20Logos/Players/lbell.png?updatedAt=1741074426907
2020_JamesRobinson_RB,JamesRobinson_RB,2020_TRUFFLE_MWM,TRUFFLE_MWM,2020,TRUFFLE,MWM,https://ik.imagekit.io/rmaxsm/Awards%20Logos/Waiver.png?updatedAt=1741072372597,Waiver Wire Pickup,,James Robinson,RB,$4,https://ik.imagekit.io/rmaxsm/Awards%20Logos/Players/jrobinson.png?updatedAt=1741074426477
2020_DarrenWaller_TE,DarrenWaller_TE,2020_TRUFFLE_CC,TRUFFLE_CC,2020,TRUFFLE,CC,https://ik.imagekit.io/rmaxsm/Awards%20Logos/FreeAgent.png?updatedAt=1748807451747,Best Free Agent Auction Signing,,Darren Waller,TE,$24,https://ik.imagekit.io/rmaxsm/Awards%20Logos/Players/dwaller.png?updatedAt=1741074423475
2020_JoshAllen_QB,JoshAllen_QB,2020_TRUFFLE_CC,TRUFFLE_CC,2020,TRUFFLE,CC,,1stTm,,Josh Allen,QB,QB,
2020_DerrickHenry_RB,DerrickHenry_RB,2020_TRUFFLE_VD,TRUFFLE_VD,2020,TRUFFLE,VD,,1stTm,,Derrick Henry,RB,RB*,
2020_DalvinCook_RB,DalvinCook_RB,2020_TRUFFLE_MWM,TRUFFLE_MWM,2020,TRUFFLE,MWM,,1stTm,,Dalvin Cook,RB,RB,
2020_DavanteAdams_WR,DavanteAdams_WR,2020_TRUFFLE_VD,TRUFFLE_VD,2020,TRUFFLE,VD,,1stTm,,Davante Adams,WR,WR,
2020_TyreekHill_WR,TyreekHill_WR,2020_TRUFFLE_ELP,TRUFFLE_ELP,2020,TRUFFLE,ELP,,1stTm,,Tyreek Hill,WR,WR,
2020_StefonDiggs_WR,StefonDiggs_WR,2020_TRUFFLE_NN,TRUFFLE_NN,2020,TRUFFLE,NN,,1stTm,,Stefon Diggs,WR,WR,
2020_TravisKelce_TE,TravisKelce_TE,2020_TRUFFLE_CRB,TRUFFLE_CRB,2020,TRUFFLE,CRB,,1stTm,,Travis Kelce,TE,TE,
2020_DKMetcalf_WR,DKMetcalf_WR,2020_TRUFFLE_FRR,TRUFFLE_FRR,2020,TRUFFLE,FRR,,1stTm,,DK Metcalf,WR,FL,
2020_KylerMurray_QB,KylerMurray_QB,2020_TRUFFLE_NN,TRUFFLE_NN,2020,TRUFFLE,NN,,1stTm,,Kyler Murray,QB,SF,
2020_PatrickMahomes_QB,PatrickMahomes_QB,2020_TRUFFLE_FRR,TRUFFLE_FRR,2020,TRUFFLE,FRR,,2ndTm,,Patrick Mahomes,QB,QB,
2020_AlvinKamara_RB,AlvinKamara_RB,2020_TRUFFLE_CC,TRUFFLE_CC,2020,TRUFFLE,CC,,2ndTm,,Alvin Kamara,RB,RB,
2020_JamesRobinson_RB,JamesRobinson_RB,2020_TRUFFLE_FRR,TRUFFLE_FRR,2020,TRUFFLE,FRR,,2ndTm,,James Robinson,RB,RB,
2020_DeAndreHopkins_WR,DeAndreHopkins_WR,2020_TRUFFLE_CC,TRUFFLE_CC,2020,TRUFFLE,CC,,2ndTm,,DeAndre Hopkins,WR,WR,
2020_JustinJefferson_WR,JustinJefferson_WR,2020_TRUFFLE_NN,TRUFFLE_NN,2020,TRUFFLE,NN,,2ndTm,,Justin Jefferson,WR,WR,
2020_CalvinRidley_WR,CalvinRidley_WR,2020_TRUFFLE_NN,TRUFFLE_NN,2020,TRUFFLE,NN,,2ndTm,,Calvin Ridley,WR,WR,
2020_DarrenWaller_TE,DarrenWaller_TE,2020_TRUFFLE_CC,TRUFFLE_CC,2020,TRUFFLE,CC,,2ndTm,,Darren Waller,TE,TE,
2020_JonathanTaylor_RB,JonathanTaylor_RB,2020_TRUFFLE_CC,TRUFFLE_CC,2020,TRUFFLE,CC,,2ndTm,,Jonathan Taylor,RB,FL,
2020_AaronRodgers_QB,AaronRodgers_QB,2020_TRUFFLE_ELP,TRUFFLE_ELP,2020,TRUFFLE,ELP,,2ndTm,,Aaron Rodgers,QB,SF,
2019_FrankfurtRoadrunners_,FrankfurtRoadrunners_,2019_TRUFFLE_FRR,TRUFFLE_FRR,2019,TRUFFLE,FRR,https://ik.imagekit.io/rmaxsm/Awards%20Logos/RFS.png?updatedAt=1741072371985,Champion,YG,Frankfurt Roadrunners,,13-0,
2019_-_,-_,2019_TRUFFLE_-,TRUFFLE_-,2019,TRUFFLE,-,https://ik.imagekit.io/rmaxsm/Awards%20Logos/BenchCup.png?updatedAt=1741072375029,Bench Cup Champion,,-,,-,
2019_AnnArborHarts_,AnnArborHarts_,2019_TRUFFLE_AAH,TRUFFLE_AAH,2019,TRUFFLE,AAH,https://ik.imagekit.io/rmaxsm/Awards%20Logos/2nd.png?updatedAt=1748805817095,2nd Place,OT,Ann Arbor Harts,,9-4,
2019_MidwayMonsters_,MidwayMonsters_,2019_TRUFFLE_,TRUFFLE_,2019,TRUFFLE,,https://ik.imagekit.io/rmaxsm/Awards%20Logos/3rd.png?updatedAt=1748805842541,3rd Place,OT,Midway Monsters,,6-7,
2019_FrankfurtRoadrunners_,FrankfurtRoadrunners_,2019_TRUFFLE_,TRUFFLE_,2019,TRUFFLE,,https://ik.imagekit.io/rmaxsm/tD%20Logos/HighScore.png?updatedAt=1741568471038,Regular Season 1 Seed,YG,Frankfurt Roadrunners,,13-0,
2019_FrankfurtRoadrunners_,FrankfurtRoadrunners_,2019_TRUFFLE_,TRUFFLE_,2019,TRUFFLE,,https://ik.imagekit.io/rmaxsm/Awards%20Logos/DivWinner.png?updatedAt=1748807205782,Division Winner,YG,Frankfurt Roadrunners,,13-0,
2019_AnnArborHarts_,AnnArborHarts_,2019_TRUFFLE_,TRUFFLE_,2019,TRUFFLE,,https://ik.imagekit.io/rmaxsm/Awards%20Logos/DivWinner.png?updatedAt=1748807205782,Division Winner,OT,Ann Arbor Harts,,9-4,
2019_AlexandriaIgloos_,AlexandriaIgloos_,2019_TRUFFLE_AFL,TRUFFLE_AFL,2019,TRUFFLE,AFL,https://ik.imagekit.io/rmaxsm/tD%20Logos/AvgScore.png?updatedAt=1741568470956,Consolation Winner,YG,Alexandria Igloos,,2-11,
2019_AlecDriesenga_,AlecDriesenga_,2019_TRUFFLE_AAH,TRUFFLE_AAH,2019,TRUFFLE,AAH,https://ik.imagekit.io/rmaxsm/Awards%20Logos/Exec.png?updatedAt=1741072377136,Executive of the Year,,Alec Driesenga,,,
2019_ChristianMcCaffrey_RB,ChristianMcCaffrey_RB,2019_TRUFFLE_FRR,TRUFFLE_FRR,2019,TRUFFLE,FRR,https://ik.imagekit.io/rmaxsm/Awards%20Logos/MVP.png?updatedAt=1741072374050,Most Valuable Player,,Christian McCaffrey,RB,,https://ik.imagekit.io/rmaxsm/Awards%20Logos/Players/cmccaffreyold.png?updatedAt=1741074420949
2019_JoshJacobs_RB,JoshJacobs_RB,2019_TRUFFLE_AAH,TRUFFLE_AAH,2019,TRUFFLE,AAH,https://ik.imagekit.io/rmaxsm/Awards%20Logos/ROY.png?updatedAt=1741072373025,Rookie of the Year,,Josh Jacobs,RB,,https://ik.imagekit.io/rmaxsm/Awards%20Logos/Players/jjacobsold.png?updatedAt=1741074423947
2019_ChristianMcCaffrey_RB,ChristianMcCaffrey_RB,2019_TRUFFLE_FRR,TRUFFLE_FRR,2019,TRUFFLE,FRR,https://ik.imagekit.io/rmaxsm/Awards%20Logos/PlayoffsMVP.png?updatedAt=1741072373565,Playoff MVP,,Christian McCaffrey,RB,,https://ik.imagekit.io/rmaxsm/Awards%20Logos/Players/cmccaffreyold.png?updatedAt=1741074420949
2019_-_,-_,2019_TRUFFLE_-,TRUFFLE_-,2019,TRUFFLE,-,https://ik.imagekit.io/rmaxsm/Awards%20Logos/BenchCupMVP.png?updatedAt=1741072377903,Bench Cup MVP,,-,,-,https://ik.imagekit.io/rmaxsm/Awards%20Logos/Players/NA.png?updatedAt=1741074428800
2019_AntonioBrown_WR,AntonioBrown_WR,2019_TRUFFLE_MCM,TRUFFLE_MCM,2019,TRUFFLE,MCM,https://ik.imagekit.io/rmaxsm/Awards%20Logos/LVP.png?updatedAt=1741072378261,Least Valuable Player,,Antonio Brown,WR,,https://ik.imagekit.io/rmaxsm/Awards%20Logos/Players/abrownold.png?updatedAt=1741074420751
2019_DarrenWaller_TE,DarrenWaller_TE,2019_TRUFFLE_-,TRUFFLE_-,2019,TRUFFLE,-,https://ik.imagekit.io/rmaxsm/Awards%20Logos/Waiver.png?updatedAt=1741072372597,Waiver Wire Pickup,,Darren Waller,TE,$6,https://ik.imagekit.io/rmaxsm/Awards%20Logos/Players/dwaller.png?updatedAt=1741074423475
2019_-_,-_,2019_TRUFFLE_-,TRUFFLE_-,2019,TRUFFLE,-,https://ik.imagekit.io/rmaxsm/Awards%20Logos/FreeAgent.png?updatedAt=1748807451747,Best Free Agent Auction Signing,,-,,-,https://ik.imagekit.io/rmaxsm/Awards%20Logos/Players/NA.png?updatedAt=1741074428800
2019_LamarJackson_QB,LamarJackson_QB,2019_TRUFFLE_SBP,TRUFFLE_SBP,2019,TRUFFLE,SBP,,1stTm,,Lamar Jackson,QB,QB,
2019_ChristianMcCaffrey_RB,ChristianMcCaffrey_RB,2019_TRUFFLE_FRR,TRUFFLE_FRR,2019,TRUFFLE,FRR,,1stTm,,Christian McCaffrey,RB,RB,
2019_DerrickHenry_RB,DerrickHenry_RB,2019_TRUFFLE_VT,TRUFFLE_VT,2019,TRUFFLE,VT,,1stTm,,Derrick Henry,RB,RB,
2019_MichaelThomas_WR,MichaelThomas_WR,2019_TRUFFLE_VT,TRUFFLE_VT,2019,TRUFFLE,VT,,1stTm,,Michael Thomas,WR,WR,
2019_ChrisGodwin_WR,ChrisGodwin_WR,2019_TRUFFLE_AAH,TRUFFLE_AAH,2019,TRUFFLE,AAH,,1stTm,,Chris Godwin,WR,WR,
2019_JulioJones_WR,JulioJones_WR,2019_TRUFFLE_FRR,TRUFFLE_FRR,2019,TRUFFLE,FRR,,1stTm,,Julio Jones,WR,WR,
2019_TravisKelce_TE,TravisKelce_TE,2019_TRUFFLE_CRB,TRUFFLE_CRB,2019,TRUFFLE,CRB,,1stTm,,Travis Kelce,TE,TE,
2019_EzekielEliott_RB,EzekielEliott_RB,2019_TRUFFLE_CRB,TRUFFLE_CRB,2019,TRUFFLE,CRB,,1stTm,,Ezekiel Eliott,RB,FL,
2019_DakPrescott_QB,DakPrescott_QB,2019_TRUFFLE_MCM,TRUFFLE_MCM,2019,TRUFFLE,MCM,,1stTm,,Dak Prescott,QB,SF,
2019_DeshaunWatson_QB,DeshaunWatson_QB,2019_TRUFFLE_SBP,TRUFFLE_SBP,2019,TRUFFLE,SBP,,2ndTm,,Deshaun Watson,QB,QB,
2019_AaronJones_RB,AaronJones_RB,2019_TRUFFLE_MWM,TRUFFLE_MWM,2019,TRUFFLE,MWM,,2ndTm,,Aaron Jones,RB,RB,
2019_DalvinCook_RB,DalvinCook_RB,2019_TRUFFLE_FRR,TRUFFLE_FRR,2019,TRUFFLE,FRR,,2ndTm,,Dalvin Cook,RB,RB,
2019_DeAndreHopkins_WR,DeAndreHopkins_WR,2019_TRUFFLE_MCM,TRUFFLE_MCM,2019,TRUFFLE,MCM,,2ndTm,,DeAndre Hopkins,WR,WR,
2019_KennyGolladay_WR,KennyGolladay_WR,2019_TRUFFLE_CRB,TRUFFLE_CRB,2019,TRUFFLE,CRB,,2ndTm,,Kenny Golladay,WR,WR,
2019_CooperKupp_WR,CooperKupp_WR,2019_TRUFFLE_MCM,TRUFFLE_MCM,2019,TRUFFLE,MCM,,2ndTm,,Cooper Kupp,WR,WR,
2019_GeorgeKittle_TE,GeorgeKittle_TE,2019_TRUFFLE_AFL,TRUFFLE_AFL,2019,TRUFFLE,AFL,,2ndTm,,George Kittle,TE,TE,
2019_NickChubb_RB,NickChubb_RB,2019_TRUFFLE_AAH,TRUFFLE_AAH,2019,TRUFFLE,AAH,,2ndTm,,Nick Chubb,RB,FL,
2019_RussellWilson_QB,RussellWilson_QB,2019_TRUFFLE_VT,TRUFFLE_VT,2019,TRUFFLE,VT,,2ndTm,,Russell Wilson,QB,SF,
2018_FrankfurtRoadrunners_,FrankfurtRoadrunners_,2018_TRUFFLE_FRR,TRUFFLE_FRR,2018,TRUFFLE,FRR,https://ik.imagekit.io/rmaxsm/Awards%20Logos/RFS.png?updatedAt=1741072371985,Champion,YG,Frankfurt Roadrunners,,9-4,
2018_-_,-_,2018_TRUFFLE_-,TRUFFLE_-,2018,TRUFFLE,-,https://ik.imagekit.io/rmaxsm/Awards%20Logos/BenchCup.png?updatedAt=1741072375029,Bench Cup Champion,,-,,-,
2018_MidwayMonsters_,MidwayMonsters_,2018_TRUFFLE_MWM,TRUFFLE_MWM,2018,TRUFFLE,MWM,https://ik.imagekit.io/rmaxsm/Awards%20Logos/2nd.png?updatedAt=1748805817095,2nd Place,OT,Midway Monsters,,8-5,
2018_CypressRidgeBlossoms_,CypressRidgeBlossoms_,2018_TRUFFLE_CRB,TRUFFLE_CRB,2018,TRUFFLE,CRB,https://ik.imagekit.io/rmaxsm/Awards%20Logos/3rd.png?updatedAt=1748805842541,3rd Place,OT,Cypress Ridge Blossoms,,9-4,
2018_VirginiaTigers_,VirginiaTigers_,2018_TRUFFLE_VT,TRUFFLE_VT,2018,TRUFFLE,VT,https://ik.imagekit.io/rmaxsm/tD%20Logos/HighScore.png?updatedAt=1741568471038,Regular Season 1 Seed,YG,Virginia Tigers,,10-3,
2018_VirginiaTigers_,VirginiaTigers_,2018_TRUFFLE_VT,TRUFFLE_VT,2018,TRUFFLE,VT,https://ik.imagekit.io/rmaxsm/Awards%20Logos/DivWinner.png?updatedAt=1748807205782,Division Winner,YG,Virginia Tigers,,10-3,
2018_CypressRidgeBlossoms_,CypressRidgeBlossoms_,2018_TRUFFLE_CRB,TRUFFLE_CRB,2018,TRUFFLE,CRB,https://ik.imagekit.io/rmaxsm/Awards%20Logos/DivWinner.png?updatedAt=1748807205782,Division Winner,OT,Cypress Ridge Blossoms,,9-4,
2018_SouthBeachPapis_,SouthBeachPapis_,2018_TRUFFLE_SBP,TRUFFLE_SBP,2018,TRUFFLE,SBP,https://ik.imagekit.io/rmaxsm/tD%20Logos/AvgScore.png?updatedAt=1741568470956,Consolation Winner,YG,South Beach Papis,,3-10,
2018_MaxSmith_,MaxSmith_,2018_TRUFFLE_FRR,TRUFFLE_FRR,2018,TRUFFLE,FRR,https://ik.imagekit.io/rmaxsm/Awards%20Logos/Exec.png?updatedAt=1741072377136,Executive of the Year,,Max Smith,,,
2018_PatrickMahomes_QB,PatrickMahomes_QB,2018_TRUFFLE_FRR,TRUFFLE_FRR,2018,TRUFFLE,FRR,https://ik.imagekit.io/rmaxsm/Awards%20Logos/MVP.png?updatedAt=1741072374050,Most Valuable Player,,Patrick Mahomes,QB,,https://ik.imagekit.io/rmaxsm/Awards%20Logos/Players/pmahomesold.png?updatedAt=1741074429884
2018_SaquonBarkley_RB,SaquonBarkley_RB,2018_TRUFFLE_SBP,TRUFFLE_SBP,2018,TRUFFLE,SBP,https://ik.imagekit.io/rmaxsm/Awards%20Logos/ROY.png?updatedAt=1741072373025,Rookie of the Year,,Saquon Barkley,RB,,https://ik.imagekit.io/rmaxsm/Awards%20Logos/Players/sbarkleyold.png?updatedAt=1741074430514
2018_ChristianMcCaffrey_RB,ChristianMcCaffrey_RB,2018_TRUFFLE_FRR,TRUFFLE_FRR,2018,TRUFFLE,FRR,https://ik.imagekit.io/rmaxsm/Awards%20Logos/PlayoffsMVP.png?updatedAt=1741072373565,Playoff MVP,,Christian McCaffrey,RB,,https://ik.imagekit.io/rmaxsm/Awards%20Logos/Players/cmccaffreyold.png?updatedAt=1741074420949
2018_-_,-_,2018_TRUFFLE_-,TRUFFLE_-,2018,TRUFFLE,-,https://ik.imagekit.io/rmaxsm/Awards%20Logos/BenchCupMVP.png?updatedAt=1741072377903,Bench Cup MVP,,-,,-,https://ik.imagekit.io/rmaxsm/Awards%20Logos/Players/NA.png?updatedAt=1741074428800
2018_Le'VeonBell_RB,Le'VeonBell_RB,2018_TRUFFLE_VD,TRUFFLE_VD,2018,TRUFFLE,VD,https://ik.imagekit.io/rmaxsm/Awards%20Logos/LVP.png?updatedAt=1741072378261,Least Valuable Player,,Le'Veon Bell,RB,,https://ik.imagekit.io/rmaxsm/Awards%20Logos/Players/lbellold.png?updatedAt=1741074427099
2018_PhillipLindsay_RB,PhillipLindsay_RB,2018_TRUFFLE_-,TRUFFLE_-,2018,TRUFFLE,-,https://ik.imagekit.io/rmaxsm/Awards%20Logos/Waiver.png?updatedAt=1741072372597,Waiver Wire Pickup,,Phillip Lindsay,RB,$17,https://ik.imagekit.io/rmaxsm/Awards%20Logos/Players/plindsay.png?updatedAt=1748816040321
2018_-_,-_,2018_TRUFFLE_-,TRUFFLE_-,2018,TRUFFLE,-,https://ik.imagekit.io/rmaxsm/Awards%20Logos/FreeAgent.png?updatedAt=1748807451747,Best Free Agent Auction Signing,,-,,-,https://ik.imagekit.io/rmaxsm/Awards%20Logos/Players/NA.png?updatedAt=1741074428800
2018_PatrickMahomes_QB,PatrickMahomes_QB,2018_TRUFFLE_FRR,TRUFFLE_FRR,2018,TRUFFLE,FRR,,1stTm,,Patrick Mahomes,QB,QB,
2018_ToddGurley_RB,ToddGurley_RB,2018_TRUFFLE_AFL,TRUFFLE_AFL,2018,TRUFFLE,AFL,,1stTm,,Todd Gurley,RB,RB,
2018_SaquonBarkley_RB,SaquonBarkley_RB,2018_TRUFFLE_SBP,TRUFFLE_SBP,2018,TRUFFLE,SBP,,1stTm,,Saquon Barkley,RB,RB,
2018_TyreekHill_WR,TyreekHill_WR,2018_TRUFFLE_VT,TRUFFLE_VT,2018,TRUFFLE,VT,,1stTm,,Tyreek Hill,WR,WR,
2018_DeAndreHopkins_WR,DeAndreHopkins_WR,2018_TRUFFLE_MCM,TRUFFLE_MCM,2018,TRUFFLE,MCM,,1stTm,,DeAndre Hopkins,WR,WR,
2018_JulioJones_WR,JulioJones_WR,2018_TRUFFLE_FRR,TRUFFLE_FRR,2018,TRUFFLE,FRR,,1stTm,,Julio Jones,WR,WR,
2018_TravisKelce_TE,TravisKelce_TE,2018_TRUFFLE_CRB,TRUFFLE_CRB,2018,TRUFFLE,CRB,,1stTm,,Travis Kelce,TE,TE,
2018_ChristianMcCaffrey_RB,ChristianMcCaffrey_RB,2018_TRUFFLE_FRR,TRUFFLE_FRR,2018,TRUFFLE,FRR,,1stTm,,Christian McCaffrey,RB,FL,
2018_MattRyan_QB,MattRyan_QB,2018_TRUFFLE_VD,TRUFFLE_VD,2018,TRUFFLE,VD,,1stTm,,Matt Ryan,QB,SF,
2018_DeshaunWatson_QB,DeshaunWatson_QB,2018_TRUFFLE_SBP,TRUFFLE_SBP,2018,TRUFFLE,SBP,,2ndTm,,Deshaun Watson,QB,QB,
2018_AlvinKamara_RB,AlvinKamara_RB,2018_TRUFFLE_VT,TRUFFLE_VT,2018,TRUFFLE,VT,,2ndTm,,Alvin Kamara,RB,RB,
2018_EzekielElliott_RB,EzekielElliott_RB,2018_TRUFFLE_CRB,TRUFFLE_CRB,2018,TRUFFLE,CRB,,2ndTm,,Ezekiel Elliott,RB,RB,
2018_AntonioBrown_WR,AntonioBrown_WR,2018_TRUFFLE_MCM,TRUFFLE_MCM,2018,TRUFFLE,MCM,,2ndTm,,Antonio Brown,WR,WR,
2018_DavanteAdams_WR,DavanteAdams_WR,2018_TRUFFLE_MCM,TRUFFLE_MCM,2018,TRUFFLE,MCM,,2ndTm,,Davante Adams,WR,WR,
2018_MikeEvans_WR,MikeEvans_WR,2018_TRUFFLE_FRR,TRUFFLE_FRR,2018,TRUFFLE,FRR,,2ndTm,,Mike Evans,WR,WR,
2018_ZachErtz_TE,ZachErtz_TE,2018_TRUFFLE_FRR,TRUFFLE_FRR,2018,TRUFFLE,FRR,,2ndTm,,Zach Ertz,TE,TE,
2018_AdamThielen_WR,AdamThielen_WR,2018_TRUFFLE_MWM,TRUFFLE_MWM,2018,TRUFFLE,MWM,,2ndTm,,Adam Thielen,WR,FL,
2018_BenRoethlisberger_QB,BenRoethlisberger_QB,2018_TRUFFLE_CRB,TRUFFLE_CRB,2018,TRUFFLE,CRB,,2ndTm,,Ben Roethlisberger,QB,SF,
2017_LaurelCrestBlossoms_,LaurelCrestBlossoms_,2017_TRUFFLE_CRB,TRUFFLE_CRB,2017,TRUFFLE,CRB,https://ik.imagekit.io/rmaxsm/Awards%20Logos/RFS.png?updatedAt=1741072371985,Champion,OT,Laurel Crest Blossoms,,9-4,
2017_-_,-_,2017_TRUFFLE_-,TRUFFLE_-,2017,TRUFFLE,-,https://ik.imagekit.io/rmaxsm/Awards%20Logos/BenchCup.png?updatedAt=1741072375029,Bench Cup Champion,,-,,-,
2017_FrankfurtRoadrunners_,FrankfurtRoadrunners_,2017_TRUFFLE_FRR,TRUFFLE_FRR,2017,TRUFFLE,FRR,https://ik.imagekit.io/rmaxsm/Awards%20Logos/2nd.png?updatedAt=1748805817095,2nd Place,YG,Frankfurt Roadrunners,,12-1,
2017_Harbaugh'sHeroes_,Harbaugh'sHeroes_,2017_TRUFFLE_MCM,TRUFFLE_MCM,2017,TRUFFLE,MCM,https://ik.imagekit.io/rmaxsm/Awards%20Logos/3rd.png?updatedAt=1748805842541,3rd Place,OT,Harbaugh's Heroes,,,
2017_FrankfurtRoadrunners_,FrankfurtRoadrunners_,2017_TRUFFLE_FRR,TRUFFLE_FRR,2017,TRUFFLE,FRR,https://ik.imagekit.io/rmaxsm/tD%20Logos/HighScore.png?updatedAt=1741568471038,Regular Season 1 Seed,YG,Frankfurt Roadrunners,,12-1,
2017_FrankfurtRoadrunners_,FrankfurtRoadrunners_,2017_TRUFFLE_FRR,TRUFFLE_FRR,2017,TRUFFLE,FRR,https://ik.imagekit.io/rmaxsm/Awards%20Logos/DivWinner.png?updatedAt=1748807205782,Division Winner,YG,Frankfurt Roadrunners,,12-1,
2017_LaurelCrestBlossoms_,LaurelCrestBlossoms_,2017_TRUFFLE_CRB,TRUFFLE_CRB,2017,TRUFFLE,CRB,https://ik.imagekit.io/rmaxsm/Awards%20Logos/DivWinner.png?updatedAt=1748807205782,Division Winner,OT,Laurel Crest Blossoms,,9-4,
2017_AlexandriaDragons_,AlexandriaDragons_,2017_TRUFFLE_VD,TRUFFLE_VD,2017,TRUFFLE,VD,https://ik.imagekit.io/rmaxsm/tD%20Logos/AvgScore.png?updatedAt=1741568470956,Consolation Winner,YG,Alexandria Dragons,,6-7,
2017_DickSmith_,DickSmith_,2017_TRUFFLE_CRB,TRUFFLE_CRB,2017,TRUFFLE,CRB,https://ik.imagekit.io/rmaxsm/Awards%20Logos/Exec.png?updatedAt=1741072377136,Executive of the Year,,Dick Smith,,,
2017_ToddGurley_RB,ToddGurley_RB,2017_TRUFFLE_AFL,TRUFFLE_AFL,2017,TRUFFLE,AFL,https://ik.imagekit.io/rmaxsm/Awards%20Logos/MVP.png?updatedAt=1741072374050,Most Valuable Player,,Todd Gurley,RB,,https://ik.imagekit.io/rmaxsm/Awards%20Logos/Players/tgurleyold.png?updatedAt=1741074430599
2017_KareemHunt_RB,KareemHunt_RB,2017_TRUFFLE_CRB,TRUFFLE_CRB,2017,TRUFFLE,CRB,https://ik.imagekit.io/rmaxsm/Awards%20Logos/ROY.png?updatedAt=1741072373025,Rookie of the Year,,Kareem Hunt,RB,,https://ik.imagekit.io/rmaxsm/Awards%20Logos/Players/khuntold.png?updatedAt=1741074426607
2017_BlakeBortles_QB,BlakeBortles_QB,2017_TRUFFLE_CRB,TRUFFLE_CRB,2017,TRUFFLE,CRB,https://ik.imagekit.io/rmaxsm/Awards%20Logos/PlayoffsMVP.png?updatedAt=1741072373565,Playoff MVP,,Blake Bortles,QB,,https://ik.imagekit.io/rmaxsm/Awards%20Logos/Players/bbortlesold.png?updatedAt=1741074420149
2017_-_,-_,2017_TRUFFLE_-,TRUFFLE_-,2017,TRUFFLE,-,https://ik.imagekit.io/rmaxsm/Awards%20Logos/BenchCupMVP.png?updatedAt=1741072377903,Bench Cup MVP,,-,,-,https://ik.imagekit.io/rmaxsm/Awards%20Logos/Players/NA.png?updatedAt=1741074428800
2017_MikeEvans_WR,MikeEvans_WR,2017_TRUFFLE_FRR,TRUFFLE_FRR,2017,TRUFFLE,FRR,https://ik.imagekit.io/rmaxsm/Awards%20Logos/LVP.png?updatedAt=1741072378261,Least Valuable Player,,Mike Evans,WR,,https://ik.imagekit.io/rmaxsm/Awards%20Logos/Players/mevansold.png?updatedAt=1741074427575
2017_AaronJones_RB,AaronJones_RB,2017_TRUFFLE_-,TRUFFLE_-,2017,TRUFFLE,-,https://ik.imagekit.io/rmaxsm/Awards%20Logos/Waiver.png?updatedAt=1741072372597,Waiver Wire Pickup,,Aaron Jones,RB,$21,https://ik.imagekit.io/rmaxsm/Awards%20Logos/Players/ajones.png?updatedAt=1748816040174
2017_-_,-_,2017_TRUFFLE_-,TRUFFLE_-,2017,TRUFFLE,-,https://ik.imagekit.io/rmaxsm/Awards%20Logos/FreeAgent.png?updatedAt=1748807451747,Best Free Agent Auction Signing,,-,,-,https://ik.imagekit.io/rmaxsm/Awards%20Logos/Players/NA.png?updatedAt=1741074428800
2017_RussellWilson_QB,RussellWilson_QB,2017_TRUFFLE_VT,TRUFFLE_VT,2017,TRUFFLE,VT,,1stTm,,Russell Wilson,QB,QB,
2017_ToddGurley_RB,ToddGurley_RB,2017_TRUFFLE_AFL,TRUFFLE_AFL,2017,TRUFFLE,AFL,,1stTm,,Todd Gurley,RB,RB,
2017_Le'VeonBell_RB,Le'VeonBell_RB,2017_TRUFFLE_VD,TRUFFLE_VD,2017,TRUFFLE,VD,,1stTm,,Le'Veon Bell,RB,RB,
2017_DeAndreHopkins_WR,DeAndreHopkins_WR,2017_TRUFFLE_MCM,TRUFFLE_MCM,2017,TRUFFLE,MCM,,1stTm,,DeAndre Hopkins,WR,WR,
2017_AntonioBrown_WR,AntonioBrown_WR,2017_TRUFFLE_MCM,TRUFFLE_MCM,2017,TRUFFLE,MCM,,1stTm,,Antonio Brown,WR,WR,
2017_KeenanAllen_WR,KeenanAllen_WR,2017_TRUFFLE_AFL,TRUFFLE_AFL,2017,TRUFFLE,AFL,,1stTm,,Keenan Allen,WR,WR,
2017_RobGronkowski_TE,RobGronkowski_TE,2017_TRUFFLE_FRR,TRUFFLE_FRR,2017,TRUFFLE,FRR,,1stTm,,Rob Gronkowski,TE,TE,
2017_KareemHunt_RB,KareemHunt_RB,2017_TRUFFLE_CRB,TRUFFLE_CRB,2017,TRUFFLE,CRB,,1stTm,,Kareem Hunt,RB,FL,
2017_CamNewton_QB,CamNewton_QB,2017_TRUFFLE_MCM,TRUFFLE_MCM,2017,TRUFFLE,MCM,,1stTm,,Cam Newton,QB,SF,
2017_TomBrady_QB,TomBrady_QB,2017_TRUFFLE_FRR,TRUFFLE_FRR,2017,TRUFFLE,FRR,,2ndTm,,Tom Brady,QB,QB,
2017_AlvinKamara_RB,AlvinKamara_RB,2017_TRUFFLE_VT,TRUFFLE_VT,2017,TRUFFLE,VT,,2ndTm,,Alvin Kamara,RB,RB,
2017_MelvinGordon_RB,MelvinGordon_RB,2017_TRUFFLE_AFL,TRUFFLE_AFL,2017,TRUFFLE,AFL,,2ndTm,,Melvin Gordon,RB,RB,
2017_JulioJones_WR,JulioJones_WR,2017_TRUFFLE_FRR,TRUFFLE_FRR,2017,TRUFFLE,FRR,,2ndTm,,Julio Jones,WR,WR,
2017_MichaelThomas_WR,MichaelThomas_WR,2017_TRUFFLE_VT,TRUFFLE_VT,2017,TRUFFLE,VT,,2ndTm,,Michael Thomas,WR,WR,
2017_LarryFitzgerald_WR,LarryFitzgerald_WR,2017_TRUFFLE_VD,TRUFFLE_VD,2017,TRUFFLE,VD,,2ndTm,,Larry Fitzgerald,WR,WR,
2017_TravisKelce_TE,TravisKelce_TE,2017_TRUFFLE_CRB,TRUFFLE_CRB,2017,TRUFFLE,CRB,,2ndTm,,Travis Kelce,TE,TE,
2017_EzekielElliott_RB,EzekielElliott_RB,2017_TRUFFLE_CRB,TRUFFLE_CRB,2017,TRUFFLE,CRB,,2ndTm,,Ezekiel Elliott,RB,FL,
2017_CarsonWentz_QB,CarsonWentz_QB,2017_TRUFFLE_MM,TRUFFLE_MM,2017,TRUFFLE,MM,,2ndTm,,Carson Wentz,QB,SF,
2016_LaurelCrestBlossoms_,LaurelCrestBlossoms_,2016_TRUFFLE_CRB,TRUFFLE_CRB,2016,TRUFFLE,CRB,https://ik.imagekit.io/rmaxsm/Awards%20Logos/RFS.png?updatedAt=1741072371985,Champion,,Laurel Crest Blossoms,,10-3,
2016_-_,-_,2016_TRUFFLE_-,TRUFFLE_-,2016,TRUFFLE,-,https://ik.imagekit.io/rmaxsm/Awards%20Logos/BenchCup.png?updatedAt=1741072375029,Bench Cup Champion,,-,,-,
2016_DurhamFightingLemurs_,DurhamFightingLemurs_,2016_TRUFFLE_DFL,TRUFFLE_DFL,2016,TRUFFLE,DFL,https://ik.imagekit.io/rmaxsm/Awards%20Logos/2nd.png?updatedAt=1748805817095,2nd Place,YG,Durham Fighting Lemurs,,9-4,
2016_DCDevils_,DCDevils_,2016_TRUFFLE_MCM,TRUFFLE_MCM,2016,TRUFFLE,MCM,https://ik.imagekit.io/rmaxsm/Awards%20Logos/3rd.png?updatedAt=1748805842541,3rd Place,OT,DC Devils,,9-4,
2016_LaurelCrestBlossoms_,LaurelCrestBlossoms_,2016_TRUFFLE_CRB,TRUFFLE_CRB,2016,TRUFFLE,CRB,https://ik.imagekit.io/rmaxsm/tD%20Logos/HighScore.png?updatedAt=1741568471038,Regular Season 1 Seed,YG,Laurel Crest Blossoms,,10-3,
2016_DurhamFightingLemurs_,DurhamFightingLemurs_,2016_TRUFFLE_DFL,TRUFFLE_DFL,2016,TRUFFLE,DFL,https://ik.imagekit.io/rmaxsm/Awards%20Logos/DivWinner.png?updatedAt=1748807205782,Division Winner,YG,Durham Fighting Lemurs,,9-4,
2016_LaurelCrestBlossoms_,LaurelCrestBlossoms_,2016_TRUFFLE_CRB,TRUFFLE_CRB,2016,TRUFFLE,CRB,https://ik.imagekit.io/rmaxsm/Awards%20Logos/DivWinner.png?updatedAt=1748807205782,Division Winner,OT,Laurel Crest Blossoms,,10-3,
2016_AlexandriaDragons_,AlexandriaDragons_,2016_TRUFFLE_VD,TRUFFLE_VD,2016,TRUFFLE,VD,https://ik.imagekit.io/rmaxsm/tD%20Logos/AvgScore.png?updatedAt=1741568470956,Consolation Winner,,Alexandria Dragons,,6-7,
2016_DickSmith_,DickSmith_,2016_TRUFFLE_CRB,TRUFFLE_CRB,2016,TRUFFLE,CRB,https://ik.imagekit.io/rmaxsm/Awards%20Logos/Exec.png?updatedAt=1741072377136,Executive of the Year,,Dick Smith,,,
2016_EzekielElliott_RB,EzekielElliott_RB,2016_TRUFFLE_CRB,TRUFFLE_CRB,2016,TRUFFLE,CRB,https://ik.imagekit.io/rmaxsm/Awards%20Logos/MVP.png?updatedAt=1741072374050,Most Valuable Player,,Ezekiel Elliott,RB,,https://ik.imagekit.io/rmaxsm/Awards%20Logos/Players/eelliottold.png?updatedAt=1741074424033
2016_EzekielElliott_RB,EzekielElliott_RB,2016_TRUFFLE_CRB,TRUFFLE_CRB,2016,TRUFFLE,CRB,https://ik.imagekit.io/rmaxsm/Awards%20Logos/ROY.png?updatedAt=1741072373025,Rookie of the Year,,Ezekiel Elliott,RB,,https://ik.imagekit.io/rmaxsm/Awards%20Logos/Players/eelliottold.png?updatedAt=1741074424033
2016_EzekielElliott_RB,EzekielElliott_RB,2016_TRUFFLE_CRB,TRUFFLE_CRB,2016,TRUFFLE,CRB,https://ik.imagekit.io/rmaxsm/Awards%20Logos/PlayoffsMVP.png?updatedAt=1741072373565,Playoff MVP,,Ezekiel Elliott,RB,,https://ik.imagekit.io/rmaxsm/Awards%20Logos/Players/eelliottold.png?updatedAt=1741074424033
2016_-_,-_,2016_TRUFFLE_-,TRUFFLE_-,2016,TRUFFLE,-,https://ik.imagekit.io/rmaxsm/Awards%20Logos/BenchCupMVP.png?updatedAt=1741072377903,Bench Cup MVP,,-,,-,https://ik.imagekit.io/rmaxsm/Awards%20Logos/Players/NA.png?updatedAt=1741074428800
2016_DeAndreHopkins_WR,DeAndreHopkins_WR,2016_TRUFFLE_MCM,TRUFFLE_MCM,2016,TRUFFLE,MCM,https://ik.imagekit.io/rmaxsm/Awards%20Logos/LVP.png?updatedAt=1741072378261,Least Valuable Player,,DeAndre Hopkins,WR,,https://ik.imagekit.io/rmaxsm/Awards%20Logos/Players/dhopkinsold.png?updatedAt=1741074422436
2016_DakPrescott_QB,DakPrescott_QB,2016_TRUFFLE_-,TRUFFLE_-,2016,TRUFFLE,-,https://ik.imagekit.io/rmaxsm/Awards%20Logos/Waiver.png?updatedAt=1741072372597,Waiver Wire Pickup,,Dak Prescott,QB,$60,https://ik.imagekit.io/rmaxsm/Awards%20Logos/Players/dprescott.png?updatedAt=1748816040301
2016_-_,-_,2016_TRUFFLE_-,TRUFFLE_-,2016,TRUFFLE,-,https://ik.imagekit.io/rmaxsm/Awards%20Logos/FreeAgent.png?updatedAt=1748807451747,Best Free Agent Auction Signing,,-,,-,https://ik.imagekit.io/rmaxsm/Awards%20Logos/Players/NA.png?updatedAt=1741074428800
2016_AaronRodgers_QB,AaronRodgers_QB,2016_TRUFFLE_AFL,TRUFFLE_AFL,2016,TRUFFLE,AFL,,1stTm,,Aaron Rodgers,QB,QB,
2016_DavidJohnson_RB,DavidJohnson_RB,2016_TRUFFLE_VT,TRUFFLE_VT,2016,TRUFFLE,VT,,1stTm,,David Johnson,RB,RB,
2016_EzekielElliott_RB,EzekielElliott_RB,2016_TRUFFLE_CRB,TRUFFLE_CRB,2016,TRUFFLE,CRB,,1stTm,,Ezekiel Elliott,RB,RB,
2016_MikeEvans_WR,MikeEvans_WR,2016_TRUFFLE_FRR,TRUFFLE_FRR,2016,TRUFFLE,FRR,,1stTm,,Mike Evans,WR,WR,
2016_AntonioBrown_WR,AntonioBrown_WR,2016_TRUFFLE_MCM,TRUFFLE_MCM,2016,TRUFFLE,MCM,,1stTm,,Antonio Brown,WR,WR,
2016_OdellBeckham_WR,OdellBeckham_WR,2016_TRUFFLE_VD,TRUFFLE_VD,2016,TRUFFLE,VD,,1stTm,,Odell Beckham,WR,WR,
2016_TravisKelce_TE,TravisKelce_TE,2016_TRUFFLE_CRB,TRUFFLE_CRB,2016,TRUFFLE,CRB,,1stTm,,Travis Kelce,TE,TE,
2016_Le'VeonBell_RB,Le'VeonBell_RB,2016_TRUFFLE_VD,TRUFFLE_VD,2016,TRUFFLE,VD,,1stTm,,Le'Veon Bell,RB,FL,
2016_MattRyan_QB,MattRyan_QB,2016_TRUFFLE_MCM,TRUFFLE_MCM,2016,TRUFFLE,MCM,,1stTm,,Matt Ryan,QB,SF,
2016_DrewBrees_QB,DrewBrees_QB,2016_TRUFFLE_FRR,TRUFFLE_FRR,2016,TRUFFLE,FRR,,2ndTm,,Drew Brees,QB,QB,
2016_LeSeanMcCoy_RB,LeSeanMcCoy_RB,2016_TRUFFLE_CRB,TRUFFLE_CRB,2016,TRUFFLE,CRB,,2ndTm,,LeSean McCoy,RB,RB,
2016_DevontaFreeman_RB,DevontaFreeman_RB,2016_TRUFFLE_VD,TRUFFLE_VD,2016,TRUFFLE,VD,,2ndTm,,Devonta Freeman,RB,RB,
2016_TYHilton_WR,TYHilton_WR,2016_TRUFFLE_CRB,TRUFFLE_CRB,2016,TRUFFLE,CRB,,2ndTm,,TY Hilton,WR,WR,
2016_JulioJones_WR,JulioJones_WR,2016_TRUFFLE_FRR,TRUFFLE_FRR,2016,TRUFFLE,FRR,,2ndTm,,Julio Jones,WR,WR,
2016_MichaelThomas_WR,MichaelThomas_WR,2016_TRUFFLE_VT,TRUFFLE_VT,2016,TRUFFLE,VT,,2ndTm,,Michael Thomas,WR,WR,
2016_GregOlsen_TE,GregOlsen_TE,2016_TRUFFLE_GRR,TRUFFLE_GRR,2016,TRUFFLE,GRR,,2ndTm,,Greg Olsen,TE,TE,
2016_MelvinGordon_RB,MelvinGordon_RB,2016_TRUFFLE_AFL,TRUFFLE_AFL,2016,TRUFFLE,AFL,,2ndTm,,Melvin Gordon,RB,FL,
2016_AndrewLuck_QB,AndrewLuck_QB,2016_TRUFFLE_MWM,TRUFFLE_MWM,2016,TRUFFLE,MWM,,2ndTm,,Andrew Luck,QB,SF,
2015_AlexandriaDragons_,AlexandriaDragons_,2015_TRUFFLE_VD,TRUFFLE_VD,2015,TRUFFLE,VD,https://ik.imagekit.io/rmaxsm/Awards%20Logos/RFS.png?updatedAt=1741072371985,Champion,,Alexandria Dragons,,11-2,
2015_-_,-_,2015_TRUFFLE_-,TRUFFLE_-,2015,TRUFFLE,-,https://ik.imagekit.io/rmaxsm/Awards%20Logos/BenchCup.png?updatedAt=1741072375029,Bench Cup Champion,,-,,-,
2015_VirginiaTigers_,VirginiaTigers_,2015_TRUFFLE_VT,TRUFFLE_VT,2015,TRUFFLE,VT,https://ik.imagekit.io/rmaxsm/Awards%20Logos/2nd.png?updatedAt=1748805817095,2nd Place,YG,Virginia Tigers,,6-7,
2015_MidwayMonsters_,MidwayMonsters_,2015_TRUFFLE_MWM,TRUFFLE_MWM,2015,TRUFFLE,MWM,https://ik.imagekit.io/rmaxsm/Awards%20Logos/3rd.png?updatedAt=1748805842541,3rd Place,OT,Midway Monsters,,9-4,
2015_AlexandriaDragons_,AlexandriaDragons_,2015_TRUFFLE_VD,TRUFFLE_VD,2015,TRUFFLE,VD,https://ik.imagekit.io/rmaxsm/tD%20Logos/HighScore.png?updatedAt=1741568471038,Regular Season 1 Seed,YG,Alexandria Dragons,,11-2,
2015_AlexandriaDragons_,AlexandriaDragons_,2015_TRUFFLE_VD,TRUFFLE_VD,2015,TRUFFLE,VD,https://ik.imagekit.io/rmaxsm/Awards%20Logos/DivWinner.png?updatedAt=1748807205782,Division Winner,YG,Alexandria Dragons,,11-2,
2015_MidwayMonsters_,MidwayMonsters_,2015_TRUFFLE_MWM,TRUFFLE_MWM,2015,TRUFFLE,MWM,https://ik.imagekit.io/rmaxsm/Awards%20Logos/DivWinner.png?updatedAt=1748807205782,Division Winner,OT,Midway Monsters,,9-4,
2015_-_,-_,2015_TRUFFLE_-,TRUFFLE_-,2015,TRUFFLE,-,https://ik.imagekit.io/rmaxsm/tD%20Logos/AvgScore.png?updatedAt=1741568470956,Consolation Winner,,-,,-,
2015_LouieRogers_,LouieRogers_,2015_TRUFFLE_VD,TRUFFLE_VD,2015,TRUFFLE,VD,https://ik.imagekit.io/rmaxsm/Awards%20Logos/Exec.png?updatedAt=1741072377136,Executive of the Year,,Louie Rogers,,,
2015_CamNewton_QB,CamNewton_QB,2015_TRUFFLE_MCM,TRUFFLE_MCM,2015,TRUFFLE,MCM,https://ik.imagekit.io/rmaxsm/Awards%20Logos/MVP.png?updatedAt=1741072374050,Most Valuable Player,,Cam Newton,QB,,https://ik.imagekit.io/rmaxsm/Awards%20Logos/Players/cnewtonold.png?updatedAt=1741074420145
2015_ToddGurley_RB,ToddGurley_RB,2015_TRUFFLE_AFL,TRUFFLE_AFL,2015,TRUFFLE,AFL,https://ik.imagekit.io/rmaxsm/Awards%20Logos/ROY.png?updatedAt=1741072373025,Rookie of the Year,,Todd Gurley,RB,,https://ik.imagekit.io/rmaxsm/Awards%20Logos/Players/tgurleyold.png?updatedAt=1741074430599
2015_TimHightower_RB,TimHightower_RB,2015_TRUFFLE_VD,TRUFFLE_VD,2015,TRUFFLE,VD,https://ik.imagekit.io/rmaxsm/Awards%20Logos/PlayoffsMVP.png?updatedAt=1741072373565,Playoff MVP,,Tim Hightower,RB,,https://ik.imagekit.io/rmaxsm/Awards%20Logos/Players/thightowerold.png?updatedAt=1741074430947
2015_-_,-_,2015_TRUFFLE_-,TRUFFLE_-,2015,TRUFFLE,-,https://ik.imagekit.io/rmaxsm/Awards%20Logos/BenchCupMVP.png?updatedAt=1741072377903,Bench Cup MVP,,-,,-,https://ik.imagekit.io/rmaxsm/Awards%20Logos/Players/NA.png?updatedAt=1741074428800
2015_MelvinGordon_RB,MelvinGordon_RB,2015_TRUFFLE_AFL,TRUFFLE_AFL,2015,TRUFFLE,AFL,https://ik.imagekit.io/rmaxsm/Awards%20Logos/LVP.png?updatedAt=1741072378261,Least Valuable Player,,Melvin Gordon,RB,,https://ik.imagekit.io/rmaxsm/Awards%20Logos/Players/mgordonold.png?updatedAt=1741074428385
2015_DougBaldwin_WR,DougBaldwin_WR,2015_TRUFFLE_MWM,TRUFFLE_MWM,2015,TRUFFLE,MWM,https://ik.imagekit.io/rmaxsm/Awards%20Logos/Waiver.png?updatedAt=1741072372597,Waiver Wire Pickup,,Doug Baldwin,WR,$5,https://ik.imagekit.io/rmaxsm/Awards%20Logos/Players/dbaldwin.png?updatedAt=1748816040229
2015_-_,-_,2015_TRUFFLE_-,TRUFFLE_-,2015,TRUFFLE,-,https://ik.imagekit.io/rmaxsm/Awards%20Logos/FreeAgent.png?updatedAt=1748807451747,Best Free Agent Auction Signing,,-,,-,https://ik.imagekit.io/rmaxsm/Awards%20Logos/Players/NA.png?updatedAt=1741074428800
2015_CamNewton_QB,CamNewton_QB,2015_TRUFFLE_MCM,TRUFFLE_MCM,2015,TRUFFLE,MCM,,1stTm,,Cam Newton,QB,QB,
2015_DevontaFreeman_RB,DevontaFreeman_RB,2015_TRUFFLE_VD,TRUFFLE_VD,2015,TRUFFLE,VD,,1stTm,,Devonta Freeman,RB,RB,
2015_AdrianPeterson_RB,AdrianPeterson_RB,2015_TRUFFLE_GRR,TRUFFLE_GRR,2015,TRUFFLE,GRR,,1stTm,,Adrian Peterson,RB,RB,
2015_JulioJones_WR,JulioJones_WR,2015_TRUFFLE_FRR,TRUFFLE_FRR,2015,TRUFFLE,FRR,,1stTm,,Julio Jones,WR,WR,
2015_AntonioBrown_WR,AntonioBrown_WR,2015_TRUFFLE_MCM,TRUFFLE_MCM,2015,TRUFFLE,MCM,,1stTm,,Antonio Brown,WR,WR,
2015_DeAndreHopkins_WR,DeAndreHopkins_WR,2015_TRUFFLE_MCM,TRUFFLE_MCM,2015,TRUFFLE,MCM,,1stTm,,DeAndre Hopkins,WR,WR,
2015_RobGronkowski_TE,RobGronkowski_TE,2015_TRUFFLE_FRR,TRUFFLE_FRR,2015,TRUFFLE,FRR,,1stTm,,Rob Gronkowski,TE,TE,
2015_OdellBeckham_WR,OdellBeckham_WR,2015_TRUFFLE_VD,TRUFFLE_VD,2015,TRUFFLE,VD,,1stTm,,Odell Beckham,WR,FL,
2015_RussellWilson_QB,RussellWilson_QB,2015_TRUFFLE_VT,TRUFFLE_VT,2015,TRUFFLE,VT,,1stTm,,Russell Wilson,QB,SF,
2015_TomBrady_QB,TomBrady_QB,2015_TRUFFLE_FRR,TRUFFLE_FRR,2015,TRUFFLE,FRR,,2ndTm,,Tom Brady,QB,QB,
2015_DougMartin_RB,DougMartin_RB,2015_TRUFFLE_MWM,TRUFFLE_MWM,2015,TRUFFLE,MWM,,2ndTm,,Doug Martin,RB,RB,
2015_ToddGurley_RB,ToddGurley_RB,2015_TRUFFLE_AFL,TRUFFLE_AFL,2015,TRUFFLE,AFL,,2ndTm,,Todd Gurley,RB,RB,
2015_AllenRobinson_WR,AllenRobinson_WR,2015_TRUFFLE_AFL,TRUFFLE_AFL,2015,TRUFFLE,AFL,,2ndTm,,Allen Robinson,WR,WR,
2015_AJGreen_WR,AJGreen_WR,2015_TRUFFLE_FRR,TRUFFLE_FRR,2015,TRUFFLE,FRR,,2ndTm,,AJ Green,WR,WR,
2015_LarryFitzgerald_WR,LarryFitzgerald_WR,2015_TRUFFLE_AFL,TRUFFLE_AFL,2015,TRUFFLE,AFL,,2ndTm,,Larry Fitzgerald,WR,WR,
2015_JordanReed_TE,JordanReed_TE,2015_TRUFFLE_VD,TRUFFLE_VD,2015,TRUFFLE,VD,,2ndTm,,Jordan Reed,TE,TE,
2015_DemaryiusThomas_WR,DemaryiusThomas_WR,2015_TRUFFLE_MWM,TRUFFLE_MWM,2015,TRUFFLE,MWM,,2ndTm,,Demaryius Thomas,WR,FL,
2015_BlakeBortles_QB,BlakeBortles_QB,2015_TRUFFLE_CRB,TRUFFLE_CRB,2015,TRUFFLE,CRB,,2ndTm,,Blake Bortles,QB,SF,
2024_ArcticFightingLemurloos_,ArcticFightingLemurloos_,2024_TRUFFLE_AFL,TRUFFLE_AFL,2024,TRUFFLE,AFL,https://ik.imagekit.io/rmaxsm/Awards%20Logos/RFS.png?updatedAt=1741072371985,Champion,GOB,Arctic Fighting Lemurloos,,8-6,
2024_VirginiaDragons_,VirginiaDragons_,2024_TRUFFLE_VD,TRUFFLE_VD,2024,TRUFFLE,VD,https://ik.imagekit.io/rmaxsm/Awards%20Logos/BenchCup.png?updatedAt=1741072375029,Bench Cup Champion,GOB,Virginia Dragons,,8-6,
2024_WhiteLakeWhales_,WhiteLakeWhales_,2024_TRUFFLE_WLW,TRUFFLE_WLW,2024,TRUFFLE,WLW,https://ik.imagekit.io/rmaxsm/Awards%20Logos/2nd.png?updatedAt=1748805817095,2nd Place,CH+,White Lake Whales,,11-3,
2024_FrankfurtRoadrunners_,FrankfurtRoadrunners_,2024_TRUFFLE_FRR,TRUFFLE_FRR,2024,TRUFFLE,FRR,https://ik.imagekit.io/rmaxsm/Awards%20Logos/3rd.png?updatedAt=1748805842541,3rd Place,GOB,Frankfurt Roadrunners,,8-6,
2024_WhiteLakeWhales_,WhiteLakeWhales_,2024_TRUFFLE_WLW,TRUFFLE_WLW,2024,TRUFFLE,WLW,https://ik.imagekit.io/rmaxsm/tD%20Logos/HighScore.png?updatedAt=1741568471038,Regular Season 1 Seed,CH+,White Lake Whales,,11-3,
2024_VirginiaDragons_,VirginiaDragons_,2024_TRUFFLE_VD,TRUFFLE_VD,2024,TRUFFLE,VD,https://ik.imagekit.io/rmaxsm/Awards%20Logos/DivWinner.png?updatedAt=1748807205782,Division Winner,GOB,Virginia Dragons,,8-6,
2024_WhiteLakeWhales_,WhiteLakeWhales_,2024_TRUFFLE_WLW,TRUFFLE_WLW,2024,TRUFFLE,WLW,https://ik.imagekit.io/rmaxsm/Awards%20Logos/DivWinner.png?updatedAt=1748807205782,Division Winner,CH+,White Lake Whales,,11-3,
2024_MadisonMuskellunge_,MadisonMuskellunge_,2024_TRUFFLE_MAM,TRUFFLE_MAM,2024,TRUFFLE,MAM,https://ik.imagekit.io/rmaxsm/Awards%20Logos/DivWinner.png?updatedAt=1748807205782,Division Winner,MI,Madison Muskellunge,,10-4,
2024_McLeanMarauders_,McLeanMarauders_,2024_TRUFFLE_MCM,TRUFFLE_MCM,2024,TRUFFLE,MCM,https://ik.imagekit.io/rmaxsm/Awards%20Logos/DivWinner.png?updatedAt=1748807205782,Division Winner,OT,McLean Marauders,,7-7,
2024_NaplesNordiques_,NaplesNordiques_,2024_TRUFFLE_NN,TRUFFLE_NN,2024,TRUFFLE,NN,https://ik.imagekit.io/rmaxsm/tD%20Logos/AvgScore.png?updatedAt=1741568470956,Consolation Winner,CH+,Naples Nordiques,,7-7,
2024_BarrettGess_,BarrettGess_,2024_TRUFFLE_AFL,TRUFFLE_AFL,2024,TRUFFLE,AFL,https://ik.imagekit.io/rmaxsm/Awards%20Logos/Exec.png?updatedAt=1741072377136,Executive of the Year,,Barrett Gess,,,
2024_LamarJackson_QB,LamarJackson_QB,2024_TRUFFLE_WLW,TRUFFLE_WLW,2024,TRUFFLE,WLW,https://ik.imagekit.io/rmaxsm/Awards%20Logos/MVP.png?updatedAt=1741072374050,Most Valuable Player,,Lamar Jackson,QB,,https://ik.imagekit.io/rmaxsm/Awards%20Logos/Players/ljackson.png?updatedAt=1741074427247
2024_JaydenDaniels_QB,JaydenDaniels_QB,2024_TRUFFLE_AFL,TRUFFLE_AFL,2024,TRUFFLE,AFL,https://ik.imagekit.io/rmaxsm/Awards%20Logos/ROY.png?updatedAt=1741072373025,Rookie of the Year,,Jayden Daniels,QB,,https://ik.imagekit.io/rmaxsm/Awards%20Logos/Players/jdaniels.png?updatedAt=1748812974178
2024_JaydenDaniels_QB,JaydenDaniels_QB,2024_TRUFFLE_AFL,TRUFFLE_AFL,2024,TRUFFLE,AFL,https://ik.imagekit.io/rmaxsm/Awards%20Logos/PlayoffsMVP.png?updatedAt=1741072373565,Playoff MVP,,Jayden Daniels,QB,,https://ik.imagekit.io/rmaxsm/Awards%20Logos/Players/jdaniels.png?updatedAt=1748812974178
2024_BijanRobinson_RB,BijanRobinson_RB,2024_TRUFFLE_VD,TRUFFLE_VD,2024,TRUFFLE,VD,https://ik.imagekit.io/rmaxsm/Awards%20Logos/BenchCupMVP.png?updatedAt=1741072377903,Bench Cup MVP,,Bijan Robinson,RB,,https://ik.imagekit.io/rmaxsm/Awards%20Logos/Players/brobinson.png?updatedAt=1748812973544
2024_ChristianMcCaffrey_RB,ChristianMcCaffrey_RB,2024_TRUFFLE_MCM,TRUFFLE_MCM,2024,TRUFFLE,MCM,https://ik.imagekit.io/rmaxsm/Awards%20Logos/LVP.png?updatedAt=1741072378261,Least Valuable Player,,Christian McCaffrey,RB,$145,https://ik.imagekit.io/rmaxsm/Awards%20Logos/Players/cmccaffrey.png?updatedAt=1741074420295
2024_JonnuSmith_TE,JonnuSmith_TE,2024_TRUFFLE_MAM,TRUFFLE_MAM,2024,TRUFFLE,MAM,https://ik.imagekit.io/rmaxsm/Awards%20Logos/Waiver.png?updatedAt=1741072372597,Waiver Wire Pickup,,Jonnu Smith,TE,$12,https://ik.imagekit.io/rmaxsm/Awards%20Logos/Players/jsmith.png?updatedAt=1748812973351
2024_ChubaHubbard_RB,ChubaHubbard_RB,2024_TRUFFLE_WLW,TRUFFLE_WLW,2024,TRUFFLE,WLW,https://ik.imagekit.io/rmaxsm/Awards%20Logos/FreeAgent.png?updatedAt=1748807451747,Best Free Agent Auction Signing,,Chuba Hubbard,RB,$3,https://ik.imagekit.io/rmaxsm/Awards%20Logos/Players/chubbard.png?updatedAt=1748812973524
2024_LamarJackson_QB,LamarJackson_QB,2024_TRUFFLE_WLW,TRUFFLE_WLW,2024,TRUFFLE,WLW,,1stTm,,Lamar Jackson,QB,QB,
2024_SaquonBarkley_RB,SaquonBarkley_RB,2024_TRUFFLE_MAM,TRUFFLE_MAM,2024,TRUFFLE,MAM,,1stTm,,Saquon Barkley,RB,RB,
2024_DerrickHenry_RB,DerrickHenry_RB,2024_TRUFFLE_NN,TRUFFLE_NN,2024,TRUFFLE,NN,,1stTm,,Derrick Henry,RB,RB,
2024_Ja'MarrChase_WR,Ja'MarrChase_WR,2024_TRUFFLE_FRR,TRUFFLE_FRR,2024,TRUFFLE,FRR,,1stTm,,Ja'Marr Chase,WR,WR,
2024_JustinJefferson_WR,JustinJefferson_WR,2024_TRUFFLE_NN,TRUFFLE_NN,2024,TRUFFLE,NN,,1stTm,,Justin Jefferson,WR,WR,
2024_BrockBowers_TE,BrockBowers_TE,2024_TRUFFLE_AFL,TRUFFLE_AFL,2024,TRUFFLE,AFL,,1stTm,,Brock Bowers,TE,TE,
2024_JahmyrGibbs_RB,JahmyrGibbs_RB,2024_TRUFFLE_AFL,TRUFFLE_AFL,2024,TRUFFLE,AFL,,1stTm,,Jahmyr Gibbs,RB,FL,
2024_Amon-RaStBrown_WR,Amon-RaStBrown_WR,2024_TRUFFLE_CC,TRUFFLE_CC,2024,TRUFFLE,CC,,1stTm,,Amon-Ra St Brown,WR,FL,
2024_JoshAllen_QB,JoshAllen_QB,2024_TRUFFLE_FRR,TRUFFLE_FRR,2024,TRUFFLE,FRR,,1stTm,,Josh Allen,QB,SF,
2024_JaydenDaniels_QB,JaydenDaniels_QB,2024_TRUFFLE_AFL,TRUFFLE_AFL,2024,TRUFFLE,AFL,,2ndTm,,Jayden Daniels,QB,QB,
2024_JoshJacobs_RB,JoshJacobs_RB,2024_TRUFFLE_CRB,TRUFFLE_CRB,2024,TRUFFLE,CRB,,2ndTm,,Josh Jacobs,RB,RB,
2024_BijanRobinson_RB,BijanRobinson_RB,2024_TRUFFLE_VD,TRUFFLE_VD,2024,TRUFFLE,VD,,2ndTm,,Bijan Robinson,RB,RB,
2024_BrianThomas_WR,BrianThomas_WR,2024_TRUFFLE_CC,TRUFFLE_CC,2024,TRUFFLE,CC,,2ndTm,,Brian Thomas,WR,WR,
2024_TerryMcLaurin_WR,TerryMcLaurin_WR,2024_TRUFFLE_FRR,TRUFFLE_FRR,2024,TRUFFLE,FRR,,2ndTm,,Terry McLaurin,WR,WR,
2024_GeorgeKittle_TE,GeorgeKittle_TE,2024_TRUFFLE_MWM,TRUFFLE_MWM,2024,TRUFFLE,MWM,,2ndTm,,George Kittle,TE,TE,
2024_KyrenWilliams_RB,KyrenWilliams_RB,2024_TRUFFLE_WLW,TRUFFLE_WLW,2024,TRUFFLE,WLW,,2ndTm,,Kyren Williams,RB,FL,
2024_JamesCook_RB,JamesCook_RB,2024_TRUFFLE_CC,TRUFFLE_CC,2024,TRUFFLE,CC,,2ndTm,,James Cook,RB,FL,
2024_JoeBurrow_QB,JoeBurrow_QB,2024_TRUFFLE_NN,TRUFFLE_NN,2024,TRUFFLE,NN,,2ndTm,,Joe Burrow,QB,SF,