SznPlPos,PlPos,SznLgTrf,LgTrf,TrfLg,Season,Round,Pick,RoundPick,TrfTm,Player,Pos,Salary,Extension
2020_TuaTagovailoa_QB,TuaTagovailoa_QB,2020_TRUFFLE_MAM,TRUFFLE_MAM,TRUFFLE,2020,1,1,1,MAM,Tua Tagovailoa,QB,50,70
2020_JoeBurrow_QB,JoeBurrow_QB,2020_TRUFFLE_AFL,TRUFFLE_AFL,TRUFFLE,2020,1,2,2,AFL,Joe Burrow,QB,45,70
2020_ClydeEdwards-Helaire_RB,ClydeEdwards-Helaire_RB,2020_TRUFFLE_FRR,TRUFFLE_FRR,TRUFFLE,2020,1,3,3,FRR,Clyde Edwards-Helaire,RB,40,70
2020_JonathanTaylor_RB,JonathanTaylor_RB,2020_TRUFFLE_CC,TRUFFLE_CC,TRUFFLE,2020,1,4,4,CC,Jonathan Taylor,RB,35,70
2020_JustinHerbert_QB,JustinHerbert_QB,2020_TRUFFLE_MCM,TRUFFLE_MCM,TRUFFLE,2020,1,5,5,MCM,Justin Herbert,QB,30,70
2020_JerryJeudy_WR,JerryJeudy_WR,2020_TRUFFLE_MWM,TRUFFLE_MWM,TRUFFLE,2020,1,6,6,MWM,Jerry Jeudy,WR,25,60
2020_CeeDeeLamb_WR,CeeDeeLamb_WR,2020_TRUFFLE_WLW,TRUFFLE_WLW,TRUFFLE,2020,1,7,7,WLW,CeeDee Lamb,WR,20,50
2020_JKDobbins_RB,JKDobbins_RB,2020_TRUFFLE_CRB,TRUFFLE_CRB,TRUFFLE,2020,1,8,8,CRB,JK Dobbins,RB,15,60
2020_D'AndreSwift_RB,D'AndreSwift_RB,2020_TRUFFLE_VD,TRUFFLE_VD,TRUFFLE,2020,1,9,9,VD,D'Andre Swift,RB,15,60
2020_CamAkers_RB,CamAkers_RB,2020_TRUFFLE_NN,TRUFFLE_NN,TRUFFLE,2020,1,10,10,NN,Cam Akers,RB,10,60
2020_JalenReagor_WR,JalenReagor_WR,2020_TRUFFLE_ELP,TRUFFLE_ELP,TRUFFLE,2020,1,11,11,ELP,Jalen Reagor,WR,10,50
2020_Ke'ShawnVaughn_RB,Ke'ShawnVaughn_RB,2020_TRUFFLE_GF,TRUFFLE_GF,TRUFFLE,2020,1,12,12,GF,Ke'Shawn Vaughn,RB,10,60
2020_HenryRuggs_WR,HenryRuggs_WR,2020_TRUFFLE_GF,TRUFFLE_GF,TRUFFLE,2020,2,13,1,GF,Henry Ruggs,WR,5,40
2020_AJDillon_RB,AJDillon_RB,2020_TRUFFLE_ELP,TRUFFLE_ELP,TRUFFLE,2020,2,14,2,ELP,AJ Dillon,RB,5,50
2020_JustinJefferson_WR,JustinJefferson_WR,2020_TRUFFLE_NN,TRUFFLE_NN,TRUFFLE,2020,2,15,3,NN,Justin Jefferson,WR,5,40
2020_MichaelPittman_WR,MichaelPittman_WR,2020_TRUFFLE_VD,TRUFFLE_VD,TRUFFLE,2020,2,16,4,VD,Michael Pittman,WR,5,40
2020_AntonioGibson_RB,AntonioGibson_RB,2020_TRUFFLE_CRB,TRUFFLE_CRB,TRUFFLE,2020,2,17,5,CRB,Antonio Gibson,RB,5,50
2020_TeeHiggins_WR,TeeHiggins_WR,2020_TRUFFLE_WLW,TRUFFLE_WLW,TRUFFLE,2020,2,18,6,WLW,Tee Higgins,WR,5,40
2020_LaviskaShenault_WR,LaviskaShenault_WR,2020_TRUFFLE_VD,TRUFFLE_VD,TRUFFLE,2020,2,19,7,VD,Laviska Shenault,WR,4,40
2020_BrandonAiyuk_WR,BrandonAiyuk_WR,2020_TRUFFLE_MCM,TRUFFLE_MCM,TRUFFLE,2020,2,20,8,MCM,Brandon Aiyuk,WR,4,40
2020_ChaseClaypool_WR,ChaseClaypool_WR,2020_TRUFFLE_CC,TRUFFLE_CC,TRUFFLE,2020,2,21,9,CC,Chase Claypool,WR,4,40
2020_ColeKmet_TE,ColeKmet_TE,2020_TRUFFLE_MWM,TRUFFLE_MWM,TRUFFLE,2020,2,22,10,MWM,Cole Kmet,TE,4,10
2020_DenzelMims_WR,DenzelMims_WR,2020_TRUFFLE_AFL,TRUFFLE_AFL,TRUFFLE,2020,2,23,11,AFL,Denzel Mims,WR,4,40
2020_KJHamler_WR,KJHamler_WR,2020_TRUFFLE_MAM,TRUFFLE_MAM,TRUFFLE,2020,2,24,12,MAM,KJ Hamler,WR,4,40
2020_LynnBowden_WR,LynnBowden_WR,2020_TRUFFLE_MAM,TRUFFLE_MAM,TRUFFLE,2020,3,25,1,MAM,Lynn Bowden,WR,3,30
2020_AnthonyMcFarland_RB,AnthonyMcFarland_RB,2020_TRUFFLE_AFL,TRUFFLE_AFL,TRUFFLE,2020,3,26,2,AFL,Anthony McFarland,RB,3,30
2020_VanJefferson_WR,VanJefferson_WR,2020_TRUFFLE_MWM,TRUFFLE_MWM,TRUFFLE,2020,3,27,3,MWM,Van Jefferson,WR,3,30
2020_DonovanPeoples-Jones_WR,DonovanPeoples-Jones_WR,2020_TRUFFLE_CC,TRUFFLE_CC,TRUFFLE,2020,3,28,4,CC,Donovan Peoples-Jones,WR,3,30
2020_EnoBenjamin_RB,EnoBenjamin_RB,2020_TRUFFLE_MCM,TRUFFLE_MCM,TRUFFLE,2020,3,29,5,MCM,Eno Benjamin,RB,3,30
2020_JordanLove_QB,JordanLove_QB,2020_TRUFFLE_FRR,TRUFFLE_FRR,TRUFFLE,2020,3,30,6,FRR,Jordan Love,QB,3,30
2020_ZackMoss_RB,ZackMoss_RB,2020_TRUFFLE_WLW,TRUFFLE_WLW,TRUFFLE,2020,3,31,7,WLW,Zack Moss,RB,3,30
2020_JalenHurts_QB,JalenHurts_QB,2020_TRUFFLE_CRB,TRUFFLE_CRB,TRUFFLE,2020,3,32,8,CRB,Jalen Hurts,QB,3,30
2020_JacobEason_QB,JacobEason_QB,2020_TRUFFLE_MWM,TRUFFLE_MWM,TRUFFLE,2020,3,33,9,MWM,Jacob Eason,QB,3,30
2020_JoshuaKelley_RB,JoshuaKelley_RB,2020_TRUFFLE_NN,TRUFFLE_NN,TRUFFLE,2020,3,34,10,NN,Joshua Kelley,RB,3,30
2020_KJHill_WR,KJHill_WR,2020_TRUFFLE_ELP,TRUFFLE_ELP,TRUFFLE,2020,3,35,11,ELP,KJ Hill,WR,3,30
2020_DevinDuvernay_WR,DevinDuvernay_WR,2020_TRUFFLE_GF,TRUFFLE_GF,TRUFFLE,2020,3,36,12,GF,Devin Duvernay,WR,3,30
2021_TrevorLawrence_QB,TrevorLawrence_QB,2021_TRUFFLE_NN,TRUFFLE_NN,TRUFFLE,2021,1,1,1,NN,Trevor Lawrence,QB,50,70
2021_TreyLance_QB,TreyLance_QB,2021_TRUFFLE_AFL,TRUFFLE_AFL,TRUFFLE,2021,1,2,2,AFL,Trey Lance,QB,45,70
2021_Ja'MarrChase_WR,Ja'MarrChase_WR,2021_TRUFFLE_VD,TRUFFLE_VD,TRUFFLE,2021,1,3,3,VD,Ja'Marr Chase,WR,40,60
2021_KylePitts_TE,KylePitts_TE,2021_TRUFFLE_MCM,TRUFFLE_MCM,TRUFFLE,2021,1,4,4,MCM,Kyle Pitts,TE,35,30
2021_JustinFields_QB,JustinFields_QB,2021_TRUFFLE_MAM,TRUFFLE_MAM,TRUFFLE,2021,1,5,5,MAM,Justin Fields,QB,30,70
2021_NajeeHarris_RB,NajeeHarris_RB,2021_TRUFFLE_WLW,TRUFFLE_WLW,TRUFFLE,2021,1,6,6,WLW,Najee Harris,RB,25,70
2021_ZachWilson_QB,ZachWilson_QB,2021_TRUFFLE_VD,TRUFFLE_VD,TRUFFLE,2021,1,7,7,VD,Zach Wilson,QB,20,60
2021_DeVontaSmith_WR,DeVontaSmith_WR,2021_TRUFFLE_CRB,TRUFFLE_CRB,TRUFFLE,2021,1,8,8,CRB,DeVonta Smith,WR,15,50
2021_MacJones_QB,MacJones_QB,2021_TRUFFLE_ELP,TRUFFLE_ELP,TRUFFLE,2021,1,9,9,ELP,Mac Jones,QB,15,60
2021_JaylenWaddle_WR,JaylenWaddle_WR,2021_TRUFFLE_MWM,TRUFFLE_MWM,TRUFFLE,2021,1,10,10,MWM,Jaylen Waddle,WR,10,50
2021_TravisEtienne_RB,TravisEtienne_RB,2021_TRUFFLE_MWM,TRUFFLE_MWM,TRUFFLE,2021,1,11,11,MWM,Travis Etienne,RB,10,60
2021_RondaleMoore_WR,RondaleMoore_WR,2021_TRUFFLE_CC,TRUFFLE_CC,TRUFFLE,2021,1,12,12,CC,Rondale Moore,WR,10,50
2021_TreySermon_RB,TreySermon_RB,2021_TRUFFLE_MCM,TRUFFLE_MCM,TRUFFLE,2021,2,13,1,MCM,Trey Sermon,RB,5,50
2021_JavonteWilliams_RB,JavonteWilliams_RB,2021_TRUFFLE_FRR,TRUFFLE_FRR,TRUFFLE,2021,2,14,2,FRR,Javonte Williams,RB,5,50
2021_ElijahMoore_WR,ElijahMoore_WR,2021_TRUFFLE_FRR,TRUFFLE_FRR,TRUFFLE,2021,2,15,3,FRR,Elijah Moore,WR,5,40
2021_MichaelCarter_RB,MichaelCarter_RB,2021_TRUFFLE_GF,TRUFFLE_GF,TRUFFLE,2021,2,16,4,GF,Michael Carter,RB,5,50
2021_Amon-RaStBrown_WR,Amon-RaStBrown_WR,2021_TRUFFLE_CRB,TRUFFLE_CRB,TRUFFLE,2021,2,17,5,CRB,Amon-Ra St Brown,WR,5,40
2021_RashodBateman_WR,RashodBateman_WR,2021_TRUFFLE_WLW,TRUFFLE_WLW,TRUFFLE,2021,2,18,6,WLW,Rashod Bateman,WR,5,40
2021_TerraceMarshall_WR,TerraceMarshall_WR,2021_TRUFFLE_WLW,TRUFFLE_WLW,TRUFFLE,2021,2,19,7,WLW,Terrace Marshall,WR,4,40
2021_ChubaHubbard_RB,ChubaHubbard_RB,2021_TRUFFLE_MAM,TRUFFLE_MAM,TRUFFLE,2021,2,20,8,MAM,Chuba Hubbard,RB,4,50
2021_D'WayneEskridge_WR,D'WayneEskridge_WR,2021_TRUFFLE_MCM,TRUFFLE_MCM,TRUFFLE,2021,2,21,9,MCM,D'Wayne Eskridge,WR,4,40
2021_AmariRodgers_WR,AmariRodgers_WR,2021_TRUFFLE_GF,TRUFFLE_GF,TRUFFLE,2021,2,22,10,GF,Amari Rodgers,WR,4,40
2021_KadariusToney_WR,KadariusToney_WR,2021_TRUFFLE_AFL,TRUFFLE_AFL,TRUFFLE,2021,2,23,11,AFL,Kadarius Toney,WR,4,40
2021_KyleTrask_QB,KyleTrask_QB,2021_TRUFFLE_NN,TRUFFLE_NN,TRUFFLE,2021,2,24,12,NN,Kyle Trask,QB,4,40
2021_PatFreiermuth_TE,PatFreiermuth_TE,2021_TRUFFLE_NN,TRUFFLE_NN,TRUFFLE,2021,3,25,1,NN,Pat Freiermuth,TE,3,5
2021_NicoCollins_WR,NicoCollins_WR,2021_TRUFFLE_AFL,TRUFFLE_AFL,TRUFFLE,2021,3,26,2,AFL,Nico Collins,WR,3,30
2021_KellenMond_QB,KellenMond_QB,2021_TRUFFLE_FRR,TRUFFLE_FRR,TRUFFLE,2021,3,27,3,FRR,Kellen Mond,QB,3,30
2021_IanBook_QB,IanBook_QB,2021_TRUFFLE_MCM,TRUFFLE_MCM,TRUFFLE,2021,3,28,4,MCM,Ian Book,QB,3,30
2021_DyamiBrown_WR,DyamiBrown_WR,2021_TRUFFLE_MAM,TRUFFLE_MAM,TRUFFLE,2021,3,29,5,MAM,Dyami Brown,WR,3,30
2021_DavisMills_QB,DavisMills_QB,2021_TRUFFLE_VD,TRUFFLE_VD,TRUFFLE,2021,3,30,6,VD,Davis Mills,QB,3,30
2021_TutuAtwell_WR,TutuAtwell_WR,2021_TRUFFLE_NN,TRUFFLE_NN,TRUFFLE,2021,3,31,7,NN,Tutu Atwell,WR,3,30
2021_JoshPalmer_WR,JoshPalmer_WR,2021_TRUFFLE_CRB,TRUFFLE_CRB,TRUFFLE,2021,3,32,8,CRB,Josh Palmer,WR,3,30
2021_JavianHawkins_WR,JavianHawkins_WR,2021_TRUFFLE_GF,TRUFFLE_GF,TRUFFLE,2021,3,33,9,GF,Javian Hawkins,WR,3,30
2021_AnthonySchwartz_WR,AnthonySchwartz_WR,2021_TRUFFLE_WLW,TRUFFLE_WLW,TRUFFLE,2021,3,34,10,WLW,Anthony Schwartz,WR,3,30
2021_RhamondreStevenson_RB,RhamondreStevenson_RB,2021_TRUFFLE_MWM,TRUFFLE_MWM,TRUFFLE,2021,3,35,11,MWM,Rhamondre Stevenson,RB,3,30
2021_KennethGainwell_RB,KennethGainwell_RB,2021_TRUFFLE_CC,TRUFFLE_CC,TRUFFLE,2021,3,36,12,CC,Kenneth Gainwell,RB,3,30
2022_BreeceHall_RB,BreeceHall_RB,2022_TRUFFLE_CRB,TRUFFLE_CRB,TRUFFLE,2022,1,1,1,CRB,Breece Hall,RB,50,70
2022_ChrisOlave_WR,ChrisOlave_WR,2022_TRUFFLE_AFL,TRUFFLE_AFL,TRUFFLE,2022,1,2,2,AFL,Chris Olave,WR,45,60
2022_JamesonWilliams_WR,JamesonWilliams_WR,2022_TRUFFLE_GF,TRUFFLE_GF,TRUFFLE,2022,1,3,3,GF,Jameson Williams,WR,40,60
2022_DrakeLondon_WR,DrakeLondon_WR,2022_TRUFFLE_FRR,TRUFFLE_FRR,TRUFFLE,2022,1,4,4,FRR,Drake London,WR,35,60
2022_KennethWalker_RB,KennethWalker_RB,2022_TRUFFLE_ELP,TRUFFLE_ELP,TRUFFLE,2022,1,5,5,ELP,Kenneth Walker,RB,30,70
2022_GarrettWilson_WR,GarrettWilson_WR,2022_TRUFFLE_MAM,TRUFFLE_MAM,TRUFFLE,2022,1,6,6,MAM,Garrett Wilson,WR,25,60
2022_TreylonBurks_WR,TreylonBurks_WR,2022_TRUFFLE_NN,TRUFFLE_NN,TRUFFLE,2022,1,7,7,NN,Treylon Burks,WR,20,50
2022_ChristianWatson_WR,ChristianWatson_WR,2022_TRUFFLE_GF,TRUFFLE_GF,TRUFFLE,2022,1,8,8,GF,Christian Watson,WR,15,50
2022_JamesCook_RB,JamesCook_RB,2022_TRUFFLE_CC,TRUFFLE_CC,TRUFFLE,2022,1,9,9,CC,James Cook,RB,15,60
2022_KennyPickett_QB,KennyPickett_QB,2022_TRUFFLE_FRR,TRUFFLE_FRR,TRUFFLE,2022,1,10,10,FRR,Kenny Pickett,QB,10,60
2022_SkyyMoore_WR,SkyyMoore_WR,2022_TRUFFLE_ELP,TRUFFLE_ELP,TRUFFLE,2022,1,11,11,ELP,Skyy Moore,WR,10,50
2022_IsaiahSpiller_RB,IsaiahSpiller_RB,2022_TRUFFLE_WLW,TRUFFLE_WLW,TRUFFLE,2022,1,12,12,WLW,Isaiah Spiller,RB,10,60
2022_MalikWillis_QB,MalikWillis_QB,2022_TRUFFLE_WLW,TRUFFLE_WLW,TRUFFLE,2022,2,13,1,WLW,Malik Willis,QB,5,50
2022_RachaadWhite_RB,RachaadWhite_RB,2022_TRUFFLE_MAM,TRUFFLE_MAM,TRUFFLE,2022,2,14,2,MAM,Rachaad White,RB,5,50
2022_DameonPierce_RB,DameonPierce_RB,2022_TRUFFLE_FRR,TRUFFLE_FRR,TRUFFLE,2022,2,15,3,FRR,Dameon Pierce,RB,5,50
2022_GeorgePickens_WR,GeorgePickens_WR,2022_TRUFFLE_CC,TRUFFLE_CC,TRUFFLE,2022,2,16,4,CC,George Pickens,WR,5,40
2022_DesmondRidder_QB,DesmondRidder_QB,2022_TRUFFLE_CRB,TRUFFLE_CRB,TRUFFLE,2022,2,17,5,CRB,Desmond Ridder,QB,5,50
2022_TylerAllgeier_RB,TylerAllgeier_RB,2022_TRUFFLE_NN,TRUFFLE_NN,TRUFFLE,2022,2,18,6,NN,Tyler Allgeier,RB,5,50
2022_MattCorrall_QB,MattCorrall_QB,2022_TRUFFLE_MAM,TRUFFLE_MAM,TRUFFLE,2022,2,19,7,MAM,Matt Corrall,QB,5,50
2022_ZamirWhite_RB,ZamirWhite_RB,2022_TRUFFLE_MCM,TRUFFLE_MCM,TRUFFLE,2022,2,20,8,MCM,Zamir White,RB,5,50
2022_JahanDotson_WR,JahanDotson_WR,2022_TRUFFLE_MCM,TRUFFLE_MCM,TRUFFLE,2022,2,21,9,MCM,Jahan Dotson,WR,5,40
2022_DavidBell_WR,DavidBell_WR,2022_TRUFFLE_GF,TRUFFLE_GF,TRUFFLE,2022,2,22,10,GF,David Bell,WR,5,40
2022_JohnMetchie_WR,JohnMetchie_WR,2022_TRUFFLE_AFL,TRUFFLE_AFL,TRUFFLE,2022,2,23,11,AFL,John Metchie,WR,5,40
2022_BrianRobinson_RB,BrianRobinson_RB,2022_TRUFFLE_ELP,TRUFFLE_ELP,TRUFFLE,2022,2,24,12,ELP,Brian Robinson,RB,5,50
2022_SamHowell_QB,SamHowell_QB,2022_TRUFFLE_ELP,TRUFFLE_ELP,TRUFFLE,2022,3,25,1,ELP,Sam Howell,QB,3,30
2022_HassanHaskins_RB,HassanHaskins_RB,2022_TRUFFLE_AFL,TRUFFLE_AFL,TRUFFLE,2022,3,26,2,AFL,Hassan Haskins,RB,3,30
2022_KeontayIngram_RB,KeontayIngram_RB,2022_TRUFFLE_MCM,TRUFFLE_MCM,TRUFFLE,2022,3,27,3,MCM,Keontay Ingram,RB,3,30
2022_AlecPierce_WR,AlecPierce_WR,2022_TRUFFLE_FRR,TRUFFLE_FRR,TRUFFLE,2022,3,28,4,FRR,Alec Pierce,WR,3,30
2022_JalenTolbert_WR,JalenTolbert_WR,2022_TRUFFLE_CRB,TRUFFLE_CRB,TRUFFLE,2022,3,29,5,CRB,Jalen Tolbert,WR,3,30
2022_TreyMcBride_TE,TreyMcBride_TE,2022_TRUFFLE_MAM,TRUFFLE_MAM,TRUFFLE,2022,3,30,6,MAM,Trey McBride,TE,3,5
2022_TyquanThornton_WR,TyquanThornton_WR,2022_TRUFFLE_NN,TRUFFLE_NN,TRUFFLE,2022,3,31,7,NN,Tyquan Thornton,WR,3,30
2022_RomeoDoubs_WR,RomeoDoubs_WR,2022_TRUFFLE_CRB,TRUFFLE_CRB,TRUFFLE,2022,3,32,8,CRB,Romeo Doubs,WR,3,30
2022_JelaniWoods_TE,JelaniWoods_TE,2022_TRUFFLE_VD,TRUFFLE_VD,TRUFFLE,2022,3,33,9,VD,Jelani Woods,TE,3,5
2022_JeremyRuckert_TE,JeremyRuckert_TE,2022_TRUFFLE_MWM,TRUFFLE_MWM,TRUFFLE,2022,3,34,10,MWM,Jeremy Ruckert,TE,3,5
2022_CalvinAustinIII_WR,CalvinAustinIII_WR,2022_TRUFFLE_VD,TRUFFLE_VD,TRUFFLE,2022,3,35,11,VD,Calvin Austin III,WR,3,30
2022_KhalilShakir_WR,KhalilShakir_WR,2022_TRUFFLE_WLW,TRUFFLE_WLW,TRUFFLE,2022,3,36,12,WLW,Khalil Shakir,WR,3,30
2023_BijanRobinson_RB,BijanRobinson_RB,2023_TRUFFLE_MWM,TRUFFLE_MWM,TRUFFLE,2023,1,1,1,MWM,Bijan Robinson,RB,50,70
2023_JahmyrGibbs_RB,JahmyrGibbs_RB,2023_TRUFFLE_AFL,TRUFFLE_AFL,TRUFFLE,2023,1,2,2,AFL,Jahmyr Gibbs,RB,45,70
2023_AnthonyRichardson_QB,AnthonyRichardson_QB,2023_TRUFFLE_VD,TRUFFLE_VD,TRUFFLE,2023,1,3,3,VD,Anthony Richardson,QB,40,70
2023_BryceYoung_QB,BryceYoung_QB,2023_TRUFFLE_CRB,TRUFFLE_CRB,TRUFFLE,2023,1,4,4,CRB,Bryce Young,QB,35,70
2023_CJStroud_QB,CJStroud_QB,2023_TRUFFLE_WLW,TRUFFLE_WLW,TRUFFLE,2023,1,5,5,WLW,CJ Stroud,QB,30,70
2023_JaxonSmith-Njigba_WR,JaxonSmith-Njigba_WR,2023_TRUFFLE_GF,TRUFFLE_GF,TRUFFLE,2023,1,6,6,GF,Jaxon Smith-Njigba,WR,25,60
2023_QuentinJohnston_WR,QuentinJohnston_WR,2023_TRUFFLE_CC,TRUFFLE_CC,TRUFFLE,2023,1,7,7,CC,Quentin Johnston,WR,20,50
2023_JordanAddison_WR,JordanAddison_WR,2023_TRUFFLE_MCM,TRUFFLE_MCM,TRUFFLE,2023,1,8,8,MCM,Jordan Addison,WR,15,50
2023_ZayFlowers_WR,ZayFlowers_WR,2023_TRUFFLE_AFL,TRUFFLE_AFL,TRUFFLE,2023,1,9,9,AFL,Zay Flowers,WR,15,50
2023_ZachCharbonnet_RB,ZachCharbonnet_RB,2023_TRUFFLE_NN,TRUFFLE_NN,TRUFFLE,2023,1,10,10,NN,Zach Charbonnet,RB,10,60
2023_DeVonAchane_RB,DeVonAchane_RB,2023_TRUFFLE_CRB,TRUFFLE_CRB,TRUFFLE,2023,1,11,11,CRB,DeVon Achane,RB,10,60
2023_JonathanMingo_WR,JonathanMingo_WR,2023_TRUFFLE_MWM,TRUFFLE_MWM,TRUFFLE,2023,1,12,12,MWM,Jonathan Mingo,WR,10,50
2023_DaltonKincaid_TE,DaltonKincaid_TE,2023_TRUFFLE_FRR,TRUFFLE_FRR,TRUFFLE,2023,2,13,1,FRR,Dalton Kincaid,TE,5,10
2023_SamLaPorta_TE,SamLaPorta_TE,2023_TRUFFLE_WLW,TRUFFLE_WLW,TRUFFLE,2023,2,14,2,WLW,Sam LaPorta,TE,5,10
2023_WillLevis_QB,WillLevis_QB,2023_TRUFFLE_NN,TRUFFLE_NN,TRUFFLE,2023,2,15,3,NN,Will Levis,QB,5,50
2023_KendreMiller_RB,KendreMiller_RB,2023_TRUFFLE_MAM,TRUFFLE_MAM,TRUFFLE,2023,2,16,4,MAM,Kendre Miller,RB,5,50
2023_TankBigsby_RB,TankBigsby_RB,2023_TRUFFLE_FRR,TRUFFLE_FRR,TRUFFLE,2023,2,17,5,FRR,Tank Bigsby,RB,5,50
2023_RochonJohnson_RB,RochonJohnson_RB,2023_TRUFFLE_CC,TRUFFLE_CC,TRUFFLE,2023,2,18,6,CC,Rochon Johnson,RB,5,50
2023_MichaelMayer_TE,MichaelMayer_TE,2023_TRUFFLE_GF,TRUFFLE_GF,TRUFFLE,2023,2,19,7,GF,Michael Mayer,TE,5,10
2023_JaydenReed_WR,JaydenReed_WR,2023_TRUFFLE_ELP,TRUFFLE_ELP,TRUFFLE,2023,2,20,8,ELP,Jayden Reed,WR,5,40
2023_IsraelAbanikanda_RB,IsraelAbanikanda_RB,2023_TRUFFLE_CRB,TRUFFLE_CRB,TRUFFLE,2023,2,21,9,CRB,Israel Abanikanda,RB,5,50
2023_MarvinMims_WR,MarvinMims_WR,2023_TRUFFLE_ELP,TRUFFLE_ELP,TRUFFLE,2023,2,22,10,ELP,Marvin Mims,WR,5,40
2023_HendonHooker_QB,HendonHooker_QB,2023_TRUFFLE_MWM,TRUFFLE_MWM,TRUFFLE,2023,2,23,11,MWM,Hendon Hooker,QB,5,50
2023_JoshDowns_WR,JoshDowns_WR,2023_TRUFFLE_VD,TRUFFLE_VD,TRUFFLE,2023,2,24,12,VD,Josh Downs,WR,5,40
2023_TyjaeSpears_RB,TyjaeSpears_RB,2023_TRUFFLE_VD,TRUFFLE_VD,TRUFFLE,2023,3,25,1,VD,Tyjae Spears,RB,3,30
2023_RasheeRice_WR,RasheeRice_WR,2023_TRUFFLE_MAM,TRUFFLE_MAM,TRUFFLE,2023,3,26,2,MAM,Rashee Rice,WR,3,30
2023_TankDell_WR,TankDell_WR,2023_TRUFFLE_FRR,TRUFFLE_FRR,TRUFFLE,2023,3,27,3,FRR,Tank Dell,WR,3,30
2023_JalinHyatt_WR,JalinHyatt_WR,2023_TRUFFLE_CRB,TRUFFLE_CRB,TRUFFLE,2023,3,28,4,CRB,Jalin Hyatt,WR,3,30
2023_ChaseBrown_RB,ChaseBrown_RB,2023_TRUFFLE_WLW,TRUFFLE_WLW,TRUFFLE,2023,3,29,5,WLW,Chase Brown,RB,3,30
2023_ZachEvans_RB,ZachEvans_RB,2023_TRUFFLE_GF,TRUFFLE_GF,TRUFFLE,2023,3,30,6,GF,Zach Evans,RB,3,30
2023_KayshonBoutte_WR,KayshonBoutte_WR,2023_TRUFFLE_GF,TRUFFLE_GF,TRUFFLE,2023,3,31,7,GF,Kayshon Boutte,WR,3,30
2023_LukeMusgrave_TE,LukeMusgrave_TE,2023_TRUFFLE_CRB,TRUFFLE_CRB,TRUFFLE,2023,3,32,8,CRB,Luke Musgrave,TE,3,5
2023_MichaelWilson_WR,MichaelWilson_WR,2023_TRUFFLE_MAM,TRUFFLE_MAM,TRUFFLE,2023,3,33,9,MAM,Michael Wilson,WR,3,30
2023_LukeSchoonmaker_TE,LukeSchoonmaker_TE,2023_TRUFFLE_NN,TRUFFLE_NN,TRUFFLE,2023,3,34,10,NN,Luke Schoonmaker,TE,3,5
2023_SeanTucker_RB,SeanTucker_RB,2023_TRUFFLE_WLW,TRUFFLE_WLW,TRUFFLE,2023,3,35,11,WLW,Sean Tucker,RB,3,30
2023_CharlieJones_WR,CharlieJones_WR,2023_TRUFFLE_MWM,TRUFFLE_MWM,TRUFFLE,2023,3,36,12,MWM,Charlie Jones,WR,3,30
2024_CalebWilliams_QB,CalebWilliams_QB,2024_TRUFFLE_MAM,TRUFFLE_MAM,TRUFFLE,2024,1,1,1,MAM,Caleb Williams,QB,50,70
2024_JaydenDaniels_QB,JaydenDaniels_QB,2024_TRUFFLE_AFL,TRUFFLE_AFL,TRUFFLE,2024,1,2,2,AFL,Jayden Daniels,QB,45,70
2024_MarvinHarrison_WR,MarvinHarrison_WR,2024_TRUFFLE_VD,TRUFFLE_VD,TRUFFLE,2024,1,3,3,VD,Marvin Harrison,WR,40,60
2024_JJMcCarthy_QB,JJMcCarthy_QB,2024_TRUFFLE_GF,TRUFFLE_GF,TRUFFLE,2024,1,4,4,GF,JJ McCarthy,QB,35,70
2024_DrakeMaye_QB,DrakeMaye_QB,2024_TRUFFLE_CC,TRUFFLE_CC,TRUFFLE,2024,1,5,5,CC,Drake Maye,QB,30,70
2024_MalikNabers_WR,MalikNabers_WR,2024_TRUFFLE_NN,TRUFFLE_NN,TRUFFLE,2024,1,6,6,NN,Malik Nabers,WR,25,60
2024_RomeOdunze_WR,RomeOdunze_WR,2024_TRUFFLE_VD,TRUFFLE_VD,TRUFFLE,2024,1,7,7,VD,Rome Odunze,WR,20,50
2024_XavierWorthy_WR,XavierWorthy_WR,2024_TRUFFLE_NN,TRUFFLE_NN,TRUFFLE,2024,1,8,8,NN,Xavier Worthy,WR,15,50
2024_BoNix_QB,BoNix_QB,2024_TRUFFLE_CRB,TRUFFLE_CRB,TRUFFLE,2024,1,9,9,CRB,Bo Nix,QB,15,60
2024_BrianThomas_WR,BrianThomas_WR,2024_TRUFFLE_CC,TRUFFLE_CC,TRUFFLE,2024,1,10,10,CC,Brian Thomas,WR,10,50
2024_BrockBowers_TE,BrockBowers_TE,2024_TRUFFLE_AFL,TRUFFLE_AFL,TRUFFLE,2024,1,11,11,AFL,Brock Bowers,TE,10,30
2024_JonathonBrooks_RB,JonathonBrooks_RB,2024_TRUFFLE_CC,TRUFFLE_CC,TRUFFLE,2024,1,12,12,CC,Jonathon Brooks,RB,10,60
2024_TreyBenson_RB,TreyBenson_RB,2024_TRUFFLE_VD,TRUFFLE_VD,TRUFFLE,2024,2,13,1,VD,Trey Benson,RB,5,50
2024_KeonColeman_WR,KeonColeman_WR,2024_TRUFFLE_NN,TRUFFLE_NN,TRUFFLE,2024,2,14,2,NN,Keon Coleman,WR,5,40
2024_LaddMcConkey_WR,LaddMcConkey_WR,2024_TRUFFLE_VD,TRUFFLE_VD,TRUFFLE,2024,2,15,3,VD,Ladd McConkey,WR,5,40
2024_BlakeCorum_RB,BlakeCorum_RB,2024_TRUFFLE_FRR,TRUFFLE_FRR,TRUFFLE,2024,2,16,4,FRR,Blake Corum,RB,5,50
2024_XavierLegette_WR,XavierLegette_WR,2024_TRUFFLE_ELP,TRUFFLE_ELP,TRUFFLE,2024,2,17,5,ELP,Xavier Legette,WR,5,40
2024_RickyPearsall_WR,RickyPearsall_WR,2024_TRUFFLE_CC,TRUFFLE_CC,TRUFFLE,2024,2,18,6,CC,Ricky Pearsall,WR,5,40
2024_TroyFranklin_WR,TroyFranklin_WR,2024_TRUFFLE_NN,TRUFFLE_NN,TRUFFLE,2024,2,19,7,NN,Troy Franklin,WR,5,40
2024_AdonaiMitchell_WR,AdonaiMitchell_WR,2024_TRUFFLE_AFL,TRUFFLE_AFL,TRUFFLE,2024,2,20,8,AFL,Adonai Mitchell,WR,5,40
2024_MarShawnLloyd_RB,MarShawnLloyd_RB,2024_TRUFFLE_GF,TRUFFLE_GF,TRUFFLE,2024,2,21,9,GF,MarShawn Lloyd,RB,5,50
2024_RayDavis_RB,RayDavis_RB,2024_TRUFFLE_MCM,TRUFFLE_MCM,TRUFFLE,2024,2,22,10,MCM,Ray Davis,RB,5,50
2024_BenSinnott_TE,BenSinnott_TE,2024_TRUFFLE_CRB,TRUFFLE_CRB,TRUFFLE,2024,2,23,11,CRB,Ben Sinnott,TE,5,20
2024_JaylenWright_RB,JaylenWright_RB,2024_TRUFFLE_MCM,TRUFFLE_MCM,TRUFFLE,2024,2,24,12,MCM,Jaylen Wright,RB,5,50
2024_JaLynnPolk_WR,JaLynnPolk_WR,2024_TRUFFLE_CC,TRUFFLE_CC,TRUFFLE,2024,3,25,1,CC,JaLynn Polk,WR,3,30
2024_JermaineBurton_WR,JermaineBurton_WR,2024_TRUFFLE_MAM,TRUFFLE_MAM,TRUFFLE,2024,3,26,2,MAM,Jermaine Burton,WR,3,30
2024_RomanWilson_WR,RomanWilson_WR,2024_TRUFFLE_FRR,TRUFFLE_FRR,TRUFFLE,2024,3,27,3,FRR,Roman Wilson,WR,3,30
2024_MichaelPenix_QB,MichaelPenix_QB,2024_TRUFFLE_GF,TRUFFLE_GF,TRUFFLE,2024,3,28,4,GF,Michael Penix,QB,3,30
2024_BuckyIrving_RB,BuckyIrving_RB,2024_TRUFFLE_VD,TRUFFLE_VD,TRUFFLE,2024,3,29,5,VD,Bucky Irving,RB,3,30
2024_BraelonAllen_RB,BraelonAllen_RB,2024_TRUFFLE_NN,TRUFFLE_NN,TRUFFLE,2024,3,30,6,NN,Braelon Allen,RB,3,30
2024_JavonBaker_WR,JavonBaker_WR,2024_TRUFFLE_CC,TRUFFLE_CC,TRUFFLE,2024,3,31,7,CC,Javon Baker,WR,3,30
2024_MalachiCorley_WR,MalachiCorley_WR,2024_TRUFFLE_CC,TRUFFLE_CC,TRUFFLE,2024,3,32,8,CC,Malachi Corley,WR,3,30
2024_JalenMcMillan_WR,JalenMcMillan_WR,2024_TRUFFLE_CRB,TRUFFLE_CRB,TRUFFLE,2024,3,33,9,CRB,Jalen McMillan,WR,3,30
2024_KimaniVidal_RB,KimaniVidal_RB,2024_TRUFFLE_MCM,TRUFFLE_MCM,TRUFFLE,2024,3,34,10,MCM,Kimani Vidal,RB,3,30
2024_SpencerRattler_QB,SpencerRattler_QB,2024_TRUFFLE_AFL,TRUFFLE_AFL,TRUFFLE,2024,3,35,11,AFL,Spencer Rattler,QB,3,30
2024_AudricEstime_RB,AudricEstime_RB,2024_TRUFFLE_ELP,TRUFFLE_ELP,TRUFFLE,2024,3,36,12,ELP,Audric Estime,RB,3,30
2024_CalebWilliams_QB,CalebWilliams_QB,2024_KERFUFFLE_ABT,KERFUFFLE_ABT,KERFUFFLE,2024,1,1,1,ABT,Caleb Williams,QB,50,70
2024_MarvinHarrison_WR,MarvinHarrison_WR,2024_KERFUFFLE_MB,KERFUFFLE_MB,KERFUFFLE,2024,1,2,2,MB,Marvin Harrison,WR,45,60
2024_JaydenDaniels_QB,JaydenDaniels_QB,2024_KERFUFFLE_SBS,KERFUFFLE_SBS,KERFUFFLE,2024,1,3,3,SBS,Jayden Daniels,QB,40,70
2024_JJMcCarthy_QB,JJMcCarthy_QB,2024_KERFUFFLE_PP,KERFUFFLE_PP,KERFUFFLE,2024,1,4,4,PP,JJ McCarthy,QB,35,70
2024_MalikNabers_WR,MalikNabers_WR,2024_KERFUFFLE_DDD,KERFUFFLE_DDD,KERFUFFLE,2024,1,5,5,DDD,Malik Nabers,WR,30,60
2024_RomeOdunze_WR,RomeOdunze_WR,2024_KERFUFFLE_CLC,KERFUFFLE_CLC,KERFUFFLE,2024,1,6,6,CLC,Rome Odunze,WR,25,60
2024_JonathonBrooks_RB,JonathonBrooks_RB,2024_KERFUFFLE_RR,KERFUFFLE_RR,KERFUFFLE,2024,1,7,7,RR,Jonathon Brooks,RB,20,60
2024_XavierWorthy_WR,XavierWorthy_WR,2024_KERFUFFLE_LC,KERFUFFLE_LC,KERFUFFLE,2024,1,8,8,LC,Xavier Worthy,WR,15,50
2024_BrockBowers_TE,BrockBowers_TE,2024_KERFUFFLE_LBC,KERFUFFLE_LBC,KERFUFFLE,2024,1,9,9,LBC,Brock Bowers,TE,15,30
2024_KeonColeman_WR,KeonColeman_WR,2024_KERFUFFLE_PCP,KERFUFFLE_PCP,KERFUFFLE,2024,1,10,10,PCP,Keon Coleman,WR,10,50
2024_DrakeMaye_QB,DrakeMaye_QB,2024_KERFUFFLE_CPC,KERFUFFLE_CPC,KERFUFFLE,2024,1,11,11,CPC,Drake Maye,QB,10,60
2024_BrianThomas_WR,BrianThomas_WR,2024_KERFUFFLE_NBB,KERFUFFLE_NBB,KERFUFFLE,2024,1,12,12,NBB,Brian Thomas,WR,10,50
2024_BlakeCorum_RB,BlakeCorum_RB,2024_KERFUFFLE_NBB,KERFUFFLE_NBB,KERFUFFLE,2024,2,13,1,NBB,Blake Corum,RB,5,50
2024_LaddMcConkey_WR,LaddMcConkey_WR,2024_KERFUFFLE_CPC,KERFUFFLE_CPC,KERFUFFLE,2024,2,14,2,CPC,Ladd McConkey,WR,5,40
2024_TreyBenson_RB,TreyBenson_RB,2024_KERFUFFLE_PCP,KERFUFFLE_PCP,KERFUFFLE,2024,2,15,3,PCP,Trey Benson,RB,5,50
2024_BoNix_QB,BoNix_QB,2024_KERFUFFLE_LBC,KERFUFFLE_LBC,KERFUFFLE,2024,2,16,4,LBC,Bo Nix,QB,5,50
2024_XavierLegette_WR,XavierLegette_WR,2024_KERFUFFLE_LC,KERFUFFLE_LC,KERFUFFLE,2024,2,17,5,LC,Xavier Legette,WR,5,40
2024_MichaelPenix_QB,MichaelPenix_QB,2024_KERFUFFLE_RR,KERFUFFLE_RR,KERFUFFLE,2024,2,18,6,RR,Michael Penix,QB,5,50
2024_RickyPearsall_WR,RickyPearsall_WR,2024_KERFUFFLE_CLC,KERFUFFLE_CLC,KERFUFFLE,2024,2,19,7,CLC,Ricky Pearsall,WR,5,40
2024_AdonaiMitchell_WR,AdonaiMitchell_WR,2024_KERFUFFLE_DDD,KERFUFFLE_DDD,KERFUFFLE,2024,2,20,8,DDD,Adonai Mitchell,WR,5,40
2024_MarShawnLloyd_RB,MarShawnLloyd_RB,2024_KERFUFFLE_PP,KERFUFFLE_PP,KERFUFFLE,2024,2,21,9,PP,MarShawn Lloyd,RB,5,50
2024_JaylenWright_RB,JaylenWright_RB,2024_KERFUFFLE_SBS,KERFUFFLE_SBS,KERFUFFLE,2024,2,22,10,SBS,Jaylen Wright,RB,5,50
2024_JavonBaker_WR,JavonBaker_WR,2024_KERFUFFLE_MB,KERFUFFLE_MB,KERFUFFLE,2024,2,23,11,MB,Javon Baker,WR,5,40
2024_JermaineBurton_WR,JermaineBurton_WR,2024_KERFUFFLE_ABT,KERFUFFLE_ABT,KERFUFFLE,2024,2,24,12,ABT,Jermaine Burton,WR,5,40
2024_RomanWilson_WR,RomanWilson_WR,2024_KERFUFFLE_ABT,KERFUFFLE_ABT,KERFUFFLE,2024,3,25,1,ABT,Roman Wilson,WR,3,30
2024_IsaacGuerendo_RB,IsaacGuerendo_RB,2024_KERFUFFLE_MB,KERFUFFLE_MB,KERFUFFLE,2024,3,26,2,MB,Isaac Guerendo,RB,3,30
2024_TroyFranklin_WR,TroyFranklin_WR,2024_KERFUFFLE_SBS,KERFUFFLE_SBS,KERFUFFLE,2024,3,27,3,SBS,Troy Franklin,WR,3,30
2024_JaLynnPolk_WR,JaLynnPolk_WR,2024_KERFUFFLE_CLC,KERFUFFLE_CLC,KERFUFFLE,2024,3,28,4,CLC,JaLynn Polk,WR,3,30
2024_BuckyIrving_RB,BuckyIrving_RB,2024_KERFUFFLE_DDD,KERFUFFLE_DDD,KERFUFFLE,2024,3,29,5,DDD,Bucky Irving,RB,3,30
2024_MalachiCorley_WR,MalachiCorley_WR,2024_KERFUFFLE_PP,KERFUFFLE_PP,KERFUFFLE,2024,3,30,6,PP,Malachi Corley,WR,3,30
2024_JalenMcMillan_WR,JalenMcMillan_WR,2024_KERFUFFLE_RR,KERFUFFLE_RR,KERFUFFLE,2024,3,31,7,RR,Jalen McMillan,WR,3,30
2024_BenSinnott_TE,BenSinnott_TE,2024_KERFUFFLE_LC,KERFUFFLE_LC,KERFUFFLE,2024,3,32,8,LC,Ben Sinnott,TE,3,5
2024_DevontezWalker_WR,DevontezWalker_WR,2024_KERFUFFLE_LBC,KERFUFFLE_LBC,KERFUFFLE,2024,3,33,9,LBC,Devontez Walker,WR,3,30
2024_BraelonAllen_RB,BraelonAllen_RB,2024_KERFUFFLE_PCP,KERFUFFLE_PCP,KERFUFFLE,2024,3,34,10,PCP,Braelon Allen,RB,3,30
2024_JaTavionSanders_TE,JaTavionSanders_TE,2024_KERFUFFLE_CPC,KERFUFFLE_CPC,KERFUFFLE,2024,3,35,11,CPC,JaTavion Sanders,TE,3,5
2024_WillShpley_RB,WillShpley_RB,2024_KERFUFFLE_NBB,KERFUFFLE_NBB,KERFUFFLE,2024,3,36,12,NBB,Will Shpley,RB,3,30
2025_AshtonJeanty_RB,AshtonJeanty_RB,2025_TRUFFLE_GF,TRUFFLE_GF,TRUFFLE,2025,1,1,1,GF,Ashton Jeanty,RB,50,70
2025_OmarionHampton_RB,OmarionHampton_RB,2025_TRUFFLE_VD,TRUFFLE_VD,TRUFFLE,2025,1,2,2,VD,Omarion Hampton,RB,45,70
2025_CamWard_QB,CamWard_QB,2025_TRUFFLE_MWM,TRUFFLE_MWM,TRUFFLE,2025,1,3,3,MWM,Cam Ward,QB,40,70
2025_TreVeyonHenderson_RB,TreVeyonHenderson_RB,2025_TRUFFLE_CC,TRUFFLE_CC,TRUFFLE,2025,1,4,4,CC,TreVeyon Henderson,RB,35,70
2025_TetairoaMcMillan_WR,TetairoaMcMillan_WR,2025_TRUFFLE_CRB,TRUFFLE_CRB,TRUFFLE,2025,1,5,5,CRB,Tetairoa McMillan,WR,30,60
2025_QuinshonJudkins_RB,QuinshonJudkins_RB,2025_TRUFFLE_NN,TRUFFLE_NN,TRUFFLE,2025,1,6,6,NN,Quinshon Judkins,RB,25,70
2025_ColstonLoveland_TE,ColstonLoveland_TE,2025_TRUFFLE_MCM,TRUFFLE_MCM,TRUFFLE,2025,1,7,7,MCM,Colston Loveland,TE,20,20
2025_KalebJohnson_RB,KalebJohnson_RB,2025_TRUFFLE_VD,TRUFFLE_VD,TRUFFLE,2025,1,8,8,VD,Kaleb Johnson,RB,15,60
2025_TylerWarren_TE,TylerWarren_TE,2025_TRUFFLE_ELP,TRUFFLE_ELP,TRUFFLE,2025,1,9,9,ELP,Tyler Warren,TE,15,20
2025_RJHarvey_RB,RJHarvey_RB,2025_TRUFFLE_MAM,TRUFFLE_MAM,TRUFFLE,2025,1,10,10,MAM,RJ Harvey,RB,10,60
2025_TravisHunter_WR,TravisHunter_WR,2025_TRUFFLE_WLW,TRUFFLE_WLW,TRUFFLE,2025,1,11,11,WLW,Travis Hunter,WR,10,50
2025_CamSkattebo_RB,CamSkattebo_RB,2025_TRUFFLE_MWM,TRUFFLE_MWM,TRUFFLE,2025,1,12,12,MWM,Cam Skattebo,RB,10,60
2025_EmekaEgbuka_WR,EmekaEgbuka_WR,2025_TRUFFLE_AFL,TRUFFLE_AFL,TRUFFLE,2025,2,13,1,AFL,Emeka Egbuka,WR,5,40
2025_JaxsonDart_QB,JaxsonDart_QB,2025_TRUFFLE_ELP,TRUFFLE_ELP,TRUFFLE,2025,2,14,2,ELP,Jaxson Dart,QB,5,50
2025_BhayshulTuten_RB,BhayshulTuten_RB,2025_TRUFFLE_MAM,TRUFFLE_MAM,TRUFFLE,2025,2,15,3,MAM,Bhayshul Tuten,RB,5,50
2025_JaydenHiggins_WR,JaydenHiggins_WR,2025_TRUFFLE_FRR,TRUFFLE_FRR,TRUFFLE,2025,2,16,4,FRR,Jayden Higgins,WR,5,40
2025_MatthewGolden_WR,MatthewGolden_WR,2025_TRUFFLE_ELP,TRUFFLE_ELP,TRUFFLE,2025,2,17,5,ELP,Matthew Golden,WR,5,40
2025_ShedeurSanders_QB,ShedeurSanders_QB,2025_TRUFFLE_MCM,TRUFFLE_MCM,TRUFFLE,2025,2,18,6,MCM,Shedeur Sanders,QB,5,50
2025_TylerShough_QB,TylerShough_QB,2025_TRUFFLE_NN,TRUFFLE_NN,TRUFFLE,2025,2,19,7,NN,Tyler Shough,QB,5,50
2025_KyleWilliams_WR,KyleWilliams_WR,2025_TRUFFLE_CRB,TRUFFLE_CRB,TRUFFLE,2025,2,20,8,CRB,Kyle Williams,WR,5,40
2025_TreHarris_WR,TreHarris_WR,2025_TRUFFLE_CC,TRUFFLE_CC,TRUFFLE,2025,2,21,9,CC,Tre Harris,WR,5,40
2025_JaydonBlue_RB,JaydonBlue_RB,2025_TRUFFLE_ELP,TRUFFLE_ELP,TRUFFLE,2025,2,22,10,ELP,Jaydon Blue,RB,5,50
2025_LutherBurden_WR,LutherBurden_WR,2025_TRUFFLE_GF,TRUFFLE_GF,TRUFFLE,2025,2,23,11,GF,Luther Burden,WR,5,40
2025_JackBech_WR,JackBech_WR,2025_TRUFFLE_FRR,TRUFFLE_FRR,TRUFFLE,2025,2,24,12,FRR,Jack Bech,WR,5,40
2025_JalenMilroe_QB,JalenMilroe_QB,2025_TRUFFLE_FRR,TRUFFLE_FRR,TRUFFLE,2025,3,25,1,FRR,Jalen Milroe,QB,3,30
2025_TerranceFerguson_TE,TerranceFerguson_TE,2025_TRUFFLE_MWM,TRUFFLE_MWM,TRUFFLE,2025,3,26,2,MWM,Terrance Ferguson,TE,3,5
2025_IsaacTeSlaa_WR,IsaacTeSlaa_WR,2025_TRUFFLE_ELP,TRUFFLE_ELP,TRUFFLE,2025,3,27,3,ELP,Isaac TeSlaa,WR,3,30
2025_TrevorEtienne_RB,TrevorEtienne_RB,2025_TRUFFLE_AFL,TRUFFLE_AFL,TRUFFLE,2025,3,28,4,AFL,Trevor Etienne,RB,3,30
2025_DylanSampson_RB,DylanSampson_RB,2025_TRUFFLE_AFL,TRUFFLE_AFL,TRUFFLE,2025,3,29,5,AFL,Dylan Sampson,RB,3,30
2025_PatBryant_WR,PatBryant_WR,2025_TRUFFLE_NN,TRUFFLE_NN,TRUFFLE,2025,3,30,6,NN,Pat Bryant,WR,3,30
2025_MasonTaylor_TE,MasonTaylor_TE,2025_TRUFFLE_CC,TRUFFLE_CC,TRUFFLE,2025,3,31,7,CC,Mason Taylor,TE,3,5
2025_OllieGordon_RB,OllieGordon_RB,2025_TRUFFLE_VD,TRUFFLE_VD,TRUFFLE,2025,3,32,8,VD,Ollie Gordon,RB,3,30
2025_JaylinNoel_WR,JaylinNoel_WR,2025_TRUFFLE_VD,TRUFFLE_VD,TRUFFLE,2025,3,33,9,VD,Jaylin Noel,WR,3,30
2025_JarquezHunter_RB,JarquezHunter_RB,2025_TRUFFLE_MAM,TRUFFLE_MAM,TRUFFLE,2025,3,34,10,MAM,Jarquez Hunter,RB,3,30
2025_DevinNeal_RB,DevinNeal_RB,2025_TRUFFLE_WLW,TRUFFLE_WLW,TRUFFLE,2025,3,35,11,WLW,Devin Neal,RB,3,30
2025_WillHoward_QB,WillHoward_QB,2025_TRUFFLE_MAM,TRUFFLE_MAM,TRUFFLE,2025,3,36,12,MAM,Will Howard,QB,3,30
2025_AshtonJeanty_RB,AshtonJeanty_RB,2025_KERFUFFLE_PCP,KERFUFFLE_PCP,KERFUFFLE,2025,1,1,1,PCP,Ashton Jeanty,RB,50,70
2025_CamWard_QB,CamWard_QB,2025_KERFUFFLE_CLC,KERFUFFLE_CLC,KERFUFFLE,2025,1,2,2,CLC,Cam Ward,QB,45,70
2025_TravisHunter_WR,TravisHunter_WR,2025_KERFUFFLE_LC,KERFUFFLE_LC,KERFUFFLE,2025,1,3,3,LC,Travis Hunter,WR,40,60
2025_OmarionHampton_RB,OmarionHampton_RB,2025_KERFUFFLE_PP,KERFUFFLE_PP,KERFUFFLE,2025,1,4,4,PP,Omarion Hampton,RB,35,70
2025_TetairoaMcMillan_WR,TetairoaMcMillan_WR,2025_KERFUFFLE_NBB,KERFUFFLE_NBB,KERFUFFLE,2025,1,5,5,NBB,Tetairoa McMillan,WR,30,60
2025_EmekaEgbuka_WR,EmekaEgbuka_WR,2025_KERFUFFLE_DDD,KERFUFFLE_DDD,KERFUFFLE,2025,1,6,6,DDD,Emeka Egbuka,WR,25,60
2025_TreVeyonHenderson_RB,TreVeyonHenderson_RB,2025_KERFUFFLE_SBS,KERFUFFLE_SBS,KERFUFFLE,2025,1,7,7,SBS,TreVeyon Henderson,RB,20,60
2025_QuinshonJudkins_RB,QuinshonJudkins_RB,2025_KERFUFFLE_CPC,KERFUFFLE_CPC,KERFUFFLE,2025,1,8,8,CPC,Quinshon Judkins,RB,15,60
2025_RJHarvey_RB,RJHarvey_RB,2025_KERFUFFLE_LBC,KERFUFFLE_LBC,KERFUFFLE,2025,1,9,9,LBC,RJ Harvey,RB,15,60
2025_KalebJohnson_RB,KalebJohnson_RB,2025_KERFUFFLE_RR,KERFUFFLE_RR,KERFUFFLE,2025,1,10,10,RR,Kaleb Johnson,RB,10,60
2025_JaxsonDart_QB,JaxsonDart_QB,2025_KERFUFFLE_MB,KERFUFFLE_MB,KERFUFFLE,2025,1,11,11,MB,Jaxson Dart,QB,10,60
2025_ColstonLoveland_TE,ColstonLoveland_TE,2025_KERFUFFLE_ABT,KERFUFFLE_ABT,KERFUFFLE,2025,1,12,12,ABT,Colston Loveland,TE,10,20
2025_MatthewGolden_WR,MatthewGolden_WR,2025_KERFUFFLE_CPC,KERFUFFLE_CPC,KERFUFFLE,2025,2,13,1,CPC,Matthew Golden,WR,5,40
2025_TreHarris_WR,TreHarris_WR,2025_KERFUFFLE_MB,KERFUFFLE_MB,KERFUFFLE,2025,2,14,2,MB,Tre Harris,WR,5,40
2025_TylerWarren_TE,TylerWarren_TE,2025_KERFUFFLE_RR,KERFUFFLE_RR,KERFUFFLE,2025,2,15,3,RR,Tyler Warren,TE,5,10
2025_JackBech_WR,JackBech_WR,2025_KERFUFFLE_LBC,KERFUFFLE_LBC,KERFUFFLE,2025,2,16,4,LBC,Jack Bech,WR,5,40
2025_JaydenHiggins_WR,JaydenHiggins_WR,2025_KERFUFFLE_PP,KERFUFFLE_PP,KERFUFFLE,2025,2,17,5,PP,Jayden Higgins,WR,5,40
2025_JalenMilroe_QB,JalenMilroe_QB,2025_KERFUFFLE_PP,KERFUFFLE_PP,KERFUFFLE,2025,2,18,6,PP,Jalen Milroe,QB,5,50
2025_CamSkattebo_RB,CamSkattebo_RB,2025_KERFUFFLE_DDD,KERFUFFLE_DDD,KERFUFFLE,2025,2,19,7,DDD,Cam Skattebo,RB,5,40
2025_BhayshulTuten_RB,BhayshulTuten_RB,2025_KERFUFFLE_NBB,KERFUFFLE_NBB,KERFUFFLE,2025,2,20,8,NBB,Bhayshul Tuten,RB,5,50
2025_TerranceFerguson_TE,TerranceFerguson_TE,2025_KERFUFFLE_CLC,KERFUFFLE_CLC,KERFUFFLE,2025,2,21,9,CLC,Terrance Ferguson,TE,5,10
2025_LutherBurden_WR,LutherBurden_WR,2025_KERFUFFLE_LC,KERFUFFLE_LC,KERFUFFLE,2025,2,22,10,LC,Luther Burden,WR,5,40
2025_KyleWilliams_WR,KyleWilliams_WR,2025_KERFUFFLE_LBC,KERFUFFLE_LBC,KERFUFFLE,2025,2,23,11,LBC,Kyle Williams,WR,5,40
2025_DevinNeal_RB,DevinNeal_RB,2025_KERFUFFLE_PCP,KERFUFFLE_PCP,KERFUFFLE,2025,2,24,12,PCP,Devin Neal,RB,5,50
2025_ShedeurSanders_QB,ShedeurSanders_QB,2025_KERFUFFLE_PCP,KERFUFFLE_PCP,KERFUFFLE,2025,3,25,1,PCP,Shedeur Sanders,QB,3,30
2025_JaydonBlue_RB,JaydonBlue_RB,2025_KERFUFFLE_PP,KERFUFFLE_PP,KERFUFFLE,2025,3,26,2,PP,Jaydon Blue,RB,3,30
2025_JaylinNoel_WR,JaylinNoel_WR,2025_KERFUFFLE_SBS,KERFUFFLE_SBS,KERFUFFLE,2025,3,27,3,SBS,Jaylin Noel,WR,3,30
2025_TylerShough_QB,TylerShough_QB,2025_KERFUFFLE_RR,KERFUFFLE_RR,KERFUFFLE,2025,3,28,4,RR,Tyler Shough,QB,3,30
2025_HaroldFannin_TE,HaroldFannin_TE,2025_KERFUFFLE_NBB,KERFUFFLE_NBB,KERFUFFLE,2025,3,29,5,NBB,Harold Fannin,TE,3,5
2025_ElicAyomanor_WR,ElicAyomanor_WR,2025_KERFUFFLE_DDD,KERFUFFLE_DDD,KERFUFFLE,2025,3,30,6,DDD,Elic Ayomanor,WR,3,30
2025_DylanSampson_RB,DylanSampson_RB,2025_KERFUFFLE_SBS,KERFUFFLE_SBS,KERFUFFLE,2025,3,31,7,SBS,Dylan Sampson,RB,3,30
2025_MasonTaylor_TE,MasonTaylor_TE,2025_KERFUFFLE_SBS,KERFUFFLE_SBS,KERFUFFLE,2025,3,32,8,SBS,Mason Taylor,TE,3,5
2025_TrevorEtienne_RB,TrevorEtienne_RB,2025_KERFUFFLE_CLC,KERFUFFLE_CLC,KERFUFFLE,2025,3,33,9,CLC,Trevor Etienne,RB,3,30
2025_WoodyMarks_RB,WoodyMarks_RB,2025_KERFUFFLE_RR,KERFUFFLE_RR,KERFUFFLE,2025,3,34,10,RR,Woody Marks,RB,3,30
2025_JarquezHunter_RB,JarquezHunter_RB,2025_KERFUFFLE_MB,KERFUFFLE_MB,KERFUFFLE,2025,3,35,11,MB,Jarquez Hunter,RB,3,30
2025_JalenRoyals_WR,JalenRoyals_WR,2025_KERFUFFLE_CPC,KERFUFFLE_CPC,KERFUFFLE,2025,3,36,12,CPC,Jalen Royals,WR,3,30